номер_позиції,аксіальна_x,аксіальна_альфа,x_см,y_см,тип,номер_твз,назва_твз,тип_твз,локальна_x_см,локальна_y_см,ідентифікатор_паливної_комірки,енергія_поділів_еВ_на_джерельну_частинку,похибка_енергії_поділів_еВ,поділи_на_джерельну_частинку,похибка_поділів,потік_на_джерельну_частинку,похибка_потоку,поглинання_на_джерельну_частинку,похибка_поглинання,відносна_потужність,похибка_відносної_потужності_наближено
1,0,10,0.0,12.75,звичайний твел UO₂,1,tsentralna,tvz_z_12_tveh,0.0,12.75,1,43830.47932157764,1074.498262526827,0.0002263086878722397,5.554259918929336e-06,0.006207251006266679,6.193644208591553e-05,0.0004116233279965907,9.53755896692212e-06,1.2404829883916446,0.030419975479377755
2,-1,10,-1.104182389825159,12.112499999999999,звичайний твел UO₂,1,tsentralna,tvz_z_12_tveh,-1.104182389825159,12.112499999999999,6,43832.358933188974,1102.1957016737063,0.00022632349258926293,5.6993049484932895e-06,0.006228225111404585,6.0583729907905756e-05,0.0004073964288781613,9.474999016475349e-06,1.2405361848491037,0.031203620882919534
3,1,9,1.104182389825159,12.112499999999999,звичайний твел UO₂,1,tsentralna,tvz_z_12_tveh,1.104182389825159,12.112499999999999,11,43887.16024364451,1154.942500674906,0.00022660588287465454,5.970517881345756e-06,0.006193564996083593,6.640848015861578e-05,0.0004050138601470147,9.401712148335772e-06,1.2420871624887253,0.032696042737849394
4,-2,10,-2.208364779650318,11.475,звичайний твел UO₂,1,tsentralna,tvz_z_12_tveh,-2.208364779650318,11.475,16,44235.93954481453,1046.3192694103727,0.0002284108685704164,5.408623108135782e-06,0.006220244869280441,7.069564990546336e-05,0.00041154724703056257,9.975816798634483e-06,1.2519582566793732,0.029622904674771976
5,0,9,0.0,11.475,звичайний твел UO₂,1,tsentralna,tvz_z_12_tveh,0.0,11.475,21,37755.369210201934,1055.1493650228624,0.00019491459865937644,5.454563743558384e-06,0.006032275072101101,7.025143182404781e-05,0.0003621702656128837,1.0218583463885672e-05,1.068546225152607,0.02986999509638221
6,2,8,2.208364779650318,11.475,звичайний твел UO₂,1,tsentralna,tvz_z_12_tveh,2.208364779650318,11.475,26,43635.24376974399,1112.787671003584,0.00022529211171811649,5.752595822606231e-06,0.006172137021516371,6.272494743608323e-05,0.0003978520421215445,9.44541258755048e-06,1.2349574640412944,0.0315032189580875
7,-3,10,-3.312547169475477,10.837499999999999,звичайний твел UO₂,1,tsentralna,tvz_z_12_tveh,-3.312547169475477,10.837499999999999,31,45314.81920207225,1123.0112228828477,0.00023397571531551917,5.806362031246721e-06,0.006340537587497595,6.61199325042585e-05,0.00042314760304811315,1.0732633790305661e-05,1.2824925305925299,0.031793201599285816
8,-1,9,-1.104182389825159,10.837499999999999,звичайний твел UO₂,1,tsentralna,tvz_z_12_tveh,-1.104182389825159,10.837499999999999,36,41285.36975689352,975.3588354828407,0.00021315299122003155,5.043606966539692e-06,0.006179934120678353,5.76552690291158e-05,0.00037597447056880734,8.715968376421039e-06,1.1684517177450273,0.02761392857347801
9,1,8,1.104182389825159,10.837499999999999,звичайний твел UO₂,1,tsentralna,tvz_z_12_tveh,1.104182389825159,10.837499999999999,41,42102.64113630421,927.7198181949259,0.00021736562321379913,4.796565353019206e-06,0.006236251898145798,6.648100151362114e-05,0.000393192632645394,9.133065051765328e-06,1.1915819973757875,0.026266542375988196
10,3,7,3.312547169475477,10.837499999999999,звичайний твел UO₂,1,tsentralna,tvz_z_12_tveh,3.312547169475477,10.837499999999999,46,44935.915686312976,1189.5501818594723,0.00023201030584003892,6.149159610679861e-06,0.00632465000877441,6.832071367136285e-05,0.00040626283874892194,1.0165683544239335e-05,1.2717688658547417,0.03367566531607902
11,-4,10,-4.416729559300636,10.2,звичайний твел UO₂,1,tsentralna,tvz_z_12_tveh,-4.416729559300636,10.2,51,47680.06288685549,1224.9231484788306,0.0002461973537322513,6.333159026530945e-06,0.006446607235363603,6.806455623283852e-05,0.0004377274993542752,1.0937585376281026e-05,1.3494332668059703,0.03467764510428231
12,-2,9,-2.208364779650318,10.2,звичайний твел UO₂,1,tsentralna,tvz_z_12_tveh,-2.208364779650318,10.2,56,43588.87564684012,968.9687458748919,0.00022505240138978553,5.008765929221064e-06,0.0062950011486571115,6.926382548433848e-05,0.0004082835660749623,9.449758010903293e-06,1.233645161083257,0.027434234616455982
13,0,8,0.0,10.2,твег UO₂-Gd₂O₃,1,tsentralna,tvz_z_12_tveh,0.0,10.2,61,15454.803110174884,325.8049781683988,7.962645696982716e-05,1.68396740172564e-06,0.005641524419211215,5.9036785382038886e-05,0.001023572303160453,2.6014213463496095e-05,0.4373992856992595,0.009224857086575021
14,2,7,2.208364779650318,10.2,звичайний твел UO₂,1,tsentralna,tvz_z_12_tveh,2.208364779650318,10.2,66,41638.88883382801,1228.8231068283544,0.000214969675377334,6.353922834855323e-06,0.006220888787013388,6.424195658745855e-05,0.0003876761346496719,1.0271212708225117e-05,1.178456956286721,0.03478560627132002
15,4,6,4.416729559300636,10.2,звичайний твел UO₂,1,tsentralna,tvz_z_12_tveh,4.416729559300636,10.2,71,46215.800403383815,1342.1648244532332,0.00023864022239720596,6.939600268128632e-06,0.006280560379708465,6.618913171865068e-05,0.0004220090451547426,1.0804913532896763e-05,1.3079919517804122,0.03799436413808939
16,-5,10,-5.520911949125795,9.5625,звичайний твел UO₂,1,tsentralna,tvz_z_12_tveh,-5.520911949125795,9.5625,76,46036.21541489035,1227.180173230808,0.0002377042377414879,6.342018806615714e-06,0.006430485100613184,7.392035732295232e-05,0.000428670348208276,9.988945229518393e-06,1.3029093670894667,0.0347408233198353
17,-3,9,-3.312547169475477,9.5625,звичайний твел UO₂,1,tsentralna,tvz_z_12_tveh,-3.312547169475477,9.5625,81,45355.71523407104,1197.4884538990425,0.00023418099447584126,6.191905559552379e-06,0.006409076976777569,5.328800528480855e-05,0.00041682939565800486,1.0385086661666516e-05,1.2836499633373333,0.03390044369043355
18,-1,8,-1.104182389825159,9.5625,звичайний твел UO₂,1,tsentralna,tvz_z_12_tveh,-1.104182389825159,9.5625,86,40344.90335303126,1093.335180887495,0.00020827910830657046,5.65149993089744e-06,0.006291301487706886,6.95144766820416e-05,0.00038665169272083415,9.338407582542208e-06,1.1418347928744232,0.030951471532535947
19,1,7,1.104182389825159,9.5625,звичайний твел UO₂,1,tsentralna,tvz_z_12_tveh,1.104182389825159,9.5625,91,40659.642531712285,1240.3146832846928,0.00020991353223968467,6.4133850628949594e-06,0.0062940492326399,6.65361764459986e-05,0.00039072967632025645,1.0495257929853569e-05,1.150742489139154,0.035110415429713215
20,3,6,3.312547169475477,9.5625,звичайний твел UO₂,1,tsentralna,tvz_z_12_tveh,3.312547169475477,9.5625,96,45216.77006228937,1205.0382810908663,0.00023345896721158277,6.231189488904825e-06,0.006420204162504934,6.270381328958767e-05,0.00040967631127813346,1.0817988592029673e-05,1.2797175600284454,0.034114002587001056
21,5,5,5.520911949125795,9.5625,звичайний твел UO₂,1,tsentralna,tvz_z_12_tveh,5.520911949125795,9.5625,101,45034.517353413714,1035.4867606104178,0.0002325194352645053,5.353059169626123e-06,0.006395814587222487,6.529726909148818e-05,0.00040389100486544537,8.486108120221255e-06,1.274559473955742,0.02931680449667708
22,-6,10,-6.625094338950954,8.924999999999999,звичайний твел UO₂,1,tsentralna,tvz_z_12_tveh,-6.625094338950954,8.924999999999999,106,45038.59216431863,941.4994137853495,0.000232554515999444,4.867621186974502e-06,0.006355160266121347,5.961813732526571e-05,0.00042339787767194803,8.985655757651533e-06,1.2746747985811329,0.026657852879361597
23,-4,9,-4.416729559300636,8.924999999999999,звичайний твел UO₂,1,tsentralna,tvz_z_12_tveh,-4.416729559300636,8.924999999999999,111,43118.61089069298,1002.3036924169194,0.00022260754826208327,5.182040590312748e-06,0.006496738986172687,6.618748196762237e-05,0.00039984869276014787,8.930425211311737e-06,1.2203358056057438,0.02837710025477233
24,-2,8,-2.208364779650318,8.924999999999999,звичайний твел UO₂,1,tsentralna,tvz_z_12_tveh,-2.208364779650318,8.924999999999999,116,44510.20243869934,1154.9884700981904,0.00022981399179880583,5.9711791913289e-06,0.0063526737645341275,6.0139124833478056e-05,0.00041259226852634703,9.77212852317701e-06,1.2597203998153184,0.03269760215200624
25,0,7,0.0,8.924999999999999,звичайний твел UO₂,1,tsentralna,tvz_z_12_tveh,0.0,8.924999999999999,121,42046.410227941786,1130.3421978265706,0.00021707751998258402,5.844024861557868e-06,0.006339899439865249,6.358302724497485e-05,0.000393525133920929,9.908953036846498e-06,1.1899905594922628,0.03199924656966412
26,2,6,2.208364779650318,8.924999999999999,звичайний твел UO₂,1,tsentralna,tvz_z_12_tveh,2.208364779650318,8.924999999999999,126,41816.59161553641,1094.3196296300766,0.00021589238021560165,5.658171656793998e-06,0.006369476990920992,6.249043410380333e-05,0.0003695410144884777,8.93873612391874e-06,1.183486271072029,0.030979925561926153
27,4,5,4.416729559300636,8.924999999999999,звичайний твел UO₂,1,tsentralna,tvz_z_12_tveh,4.416729559300636,8.924999999999999,131,42935.545479807166,1067.5605042493519,0.00022165956184779854,5.52001449029107e-06,0.006448281325125591,6.699629952265278e-05,0.0003984843618717538,8.06921158251737e-06,1.2151547185749436,0.03022329254955036
28,6,4,6.625094338950954,8.924999999999999,звичайний твел UO₂,1,tsentralna,tvz_z_12_tveh,6.625094338950954,8.924999999999999,136,46979.133543503965,1244.0258032261654,0.0002425752684920053,6.4326103770225225e-06,0.0064065013635515,6.803842133220131e-05,0.00041753465229345943,9.94632754353235e-06,1.3295956802691504,0.035217841247693026
29,-7,10,-7.729276728776114,8.2875,звичайний твел UO₂,1,tsentralna,tvz_z_12_tveh,-7.729276728776114,8.2875,141,45679.42011170901,1125.1203337757279,0.0002358636553118888,5.816116859443214e-06,0.006226666953230209,6.510804228566271e-05,0.0004107737320154133,1.004890556584511e-05,1.2928114053335111,0.031853034714391944
30,-5,9,-5.520911949125795,8.2875,звичайний твел UO₂,1,tsentralna,tvz_z_12_tveh,-5.520911949125795,8.2875,146,45973.561948369424,1146.7631375606318,0.0002373689054420474,5.92909806138167e-06,0.0065432790700601234,7.276268558294297e-05,0.0004248862982224663,1.0661689819906758e-05,1.3011361590254447,0.032465503443262995
31,-3,8,-3.312547169475477,8.2875,звичайний твел UO₂,1,tsentralna,tvz_z_12_tveh,-3.312547169475477,8.2875,151,44190.66592430404,1033.5192378241757,0.0002281607851312692,5.343006597602459e-06,0.0064118946726917465,5.974649901690411e-05,0.00040641129553306397,9.60155953884413e-06,1.250676930147347,0.02926074493292848
32,-1,7,-1.104182389825159,8.2875,звичайний твел UO₂,1,tsentralna,tvz_z_12_tveh,-1.104182389825159,8.2875,156,43336.16469716452,1189.9012570662337,0.0002237381012094323,6.150661965935847e-06,0.006370112619901824,5.99827535959723e-05,0.00039890892166909495,1.1220581996049755e-05,1.226492977513625,0.03368495467663724
33,1,6,1.104182389825159,8.2875,звичайний твел UO₂,1,tsentralna,tvz_z_12_tveh,1.104182389825159,8.2875,161,43668.51495843876,1172.6066983481278,0.0002254440877547843,6.061522995011842e-06,0.006493032821697956,7.086568218869965e-05,0.000404137479054409,8.758091533897791e-06,1.2358990997299353,0.03319574704838598
34,3,5,3.312547169475477,8.2875,звичайний твел UO₂,1,tsentralna,tvz_z_12_tveh,3.312547169475477,8.2875,166,45131.24745731436,1070.7669112788244,0.000233023121985713,5.535891148252647e-06,0.006437885614849812,5.969701167328567e-05,0.00042324476444299494,9.90507602540982e-06,1.2772971133840891,0.030314991597757107
35,5,4,5.520911949125795,8.2875,звичайний твел UO₂,1,tsentralna,tvz_z_12_tveh,5.520911949125795,8.2875,171,44135.05510683499,1123.1819404561245,0.0002278705353951794,5.806361055804598e-06,0.006400265203521827,6.999045021630355e-05,0.00041185994014862154,1.0218924780085949e-05,1.2491030419738962,0.03179752188276392
36,7,3,7.729276728776114,8.2875,звичайний твел UO₂,1,tsentralna,tvz_z_12_tveh,7.729276728776114,8.2875,176,45003.96433014836,1093.955738571903,0.0002323741847707673,5.655947555506692e-06,0.006295337099985689,5.972228260190046e-05,0.00041304836126058466,9.161536650354679e-06,1.273694767336256,0.030971002300288097
37,-8,10,-8.833459118601272,7.6499999999999995,звичайний твел UO₂,1,tsentralna,tvz_z_12_tveh,-8.833459118601272,7.6499999999999995,181,43898.94981471225,1125.232346261161,0.00022666108139067614,5.816964749672048e-06,0.0062657003562026905,6.544166578617314e-05,0.00040993945708740824,1.1271458107221073e-05,1.2424208289823693,0.031855434748817406
38,-6,9,-6.625094338950954,7.6499999999999995,звичайний твел UO₂,1,tsentralna,tvz_z_12_tveh,-6.625094338950954,7.6499999999999995,186,43885.43697153906,1179.6852787369926,0.00022658743711852743,6.098357650741114e-06,0.006360075455744839,6.264273339978907e-05,0.00040503062638956675,1.045049584365295e-05,1.2420383907261465,0.03339611828041065
39,-4,8,-4.416729559300636,7.6499999999999995,звичайний твел UO₂,1,tsentralna,tvz_z_12_tveh,-4.416729559300636,7.6499999999999995,191,46181.01816308815,1020.173079542373,0.00023843835396635942,5.27420183710077e-06,0.006477643925689012,6.350138863789987e-05,0.0004253781016309929,9.229565759333883e-06,1.3070075505588703,0.028884114922750427
40,-2,7,-2.208364779650318,7.6499999999999995,звичайний твел UO₂,1,tsentralna,tvz_z_12_tveh,-2.208364779650318,7.6499999999999995,196,43619.906600178845,1028.1929890736346,0.00022520929432468401,5.315731513480142e-06,0.006405024569613489,6.280349176939585e-05,0.0003950783560133799,8.296013471122836e-06,1.2345233940007627,0.02910979093230912
42,2,5,2.208364779650318,7.6499999999999995,звичайний твел UO₂,1,tsentralna,tvz_z_12_tveh,2.208364779650318,7.6499999999999995,204,46134.40889242372,1149.9960928879887,0.00023819495523844323,5.94534275710042e-06,0.006534542039774088,6.34174300287933e-05,0.0004074759980454807,9.911207757148316e-06,1.3056884226767322,0.032557043805638904
43,4,4,4.416729559300636,7.6499999999999995,звичайний твел UO₂,1,tsentralna,tvz_z_12_tveh,4.416729559300636,7.6499999999999995,209,46303.32714691582,1319.1320273141166,0.00023906132197618047,6.819561780998229e-06,0.006511078882796266,6.0241714291026434e-05,0.0004221141391433636,1.0095969817379747e-05,1.3104691192232814,0.037342677799629374
44,6,3,6.625094338950954,7.6499999999999995,звичайний твел UO₂,1,tsentralna,tvz_z_12_tveh,6.625094338950954,7.6499999999999995,214,45360.14095701142,1135.6775228793017,0.00023419904967622923,5.870342497465911e-06,0.006464338921238392,6.0383711021353944e-05,0.00040802542409670194,9.23071409943056e-06,1.2837752194172085,0.03215159012312341
45,8,2,8.833459118601272,7.6499999999999995,звичайний твел UO₂,1,tsentralna,tvz_z_12_tveh,8.833459118601272,7.6499999999999995,219,44344.79564893353,1219.7254935639912,0.00022896543234012412,6.305585571506557e-06,0.006252901970129279,6.763918602206758e-05,0.00041623159272824656,1.1747531208287469e-05,1.2550390841636332,0.03452921935712316
46,-9,10,-9.937641508426431,7.012499999999999,звичайний твел UO₂,1,tsentralna,tvz_z_12_tveh,-9.937641508426431,7.012499999999999,224,44224.203865929696,1107.9506983608094,0.0002283409455498971,5.727943764050991e-06,0.006202565572627307,6.529842508766785e-05,0.0004065672672990159,9.681773711159646e-06,1.251626115433391,0.031366617713247384
47,-7,9,-7.729276728776114,7.012499999999999,звичайний твел UO₂,1,tsentralna,tvz_z_12_tveh,-7.729276728776114,7.012499999999999,229,42513.52759161411,1150.2811328388939,0.00021950109400373986,5.945418874387116e-06,0.0062374457882563095,6.136173458530582e-05,0.00039077379493375843,9.338090721674008e-06,1.2032108379876572,0.03256359425764193
48,-5,8,-5.520911949125795,7.012499999999999,звичайний твел UO₂,1,tsentralna,tvz_z_12_tveh,-5.520911949125795,7.012499999999999,234,46891.48216351325,1132.6488505667019,0.0002421206956723597,5.8548197148075015e-06,0.00644113212537226,6.080876165744071e-05,0.0004280828624877533,9.96134062594123e-06,1.3271149853858066,0.03206657619834169
49,-3,7,-3.312547169475477,7.012499999999999,звичайний твел UO₂,1,tsentralna,tvz_z_12_tveh,-3.312547169475477,7.012499999999999,239,44933.42193028311,1073.8947275541952,0.0002320029174471606,5.5524976597441285e-06,0.006489682030216822,6.371834263711095e-05,0.00041482557551305547,1.0446078966685343e-05,1.2716982879833578,0.030403394455716087
50,-1,6,-1.104182389825159,7.012499999999999,звичайний твел UO₂,1,tsentralna,tvz_z_12_tveh,-1.104182389825159,7.012499999999999,244,42059.86779479868,1024.6225970183875,0.00021713729392667285,5.297819023012181e-06,0.006436985210706511,6.378228148958778e-05,0.000379532163688894,9.400493014147344e-06,1.190371433327309,0.029008069426823237
51,1,5,1.104182389825159,7.012499999999999,звичайний твел UO₂,1,tsentralna,tvz_z_12_tveh,1.104182389825159,7.012499999999999,249,45473.1240580166,1175.0300138655782,0.00023478721540404695,6.074799509629774e-06,0.00652054225468301,7.305889956487771e-05,0.0004122847485843248,1.016638649248326e-05,1.2869728484858842,0.033265056020988164
53,5,3,5.520911949125795,7.012499999999999,звичайний твел UO₂,1,tsentralna,tvz_z_12_tveh,5.520911949125795,7.012499999999999,257,43298.991018039305,1043.238602609068,0.00022354249948624986,5.392733769625882e-06,0.0063540202245361225,5.807364992104465e-05,0.00040339711213654614,1.0254698146991624e-05,1.2254408941852082,0.02953531953413436
54,7,2,7.729276728776114,7.012499999999999,звичайний твел UO₂,1,tsentralna,tvz_z_12_tveh,7.729276728776114,7.012499999999999,262,42080.14592178831,1030.0143516417443,0.00021726730310997255,5.326436339195421e-06,0.006274758558290473,7.079543989402948e-05,0.00038405253223153517,9.221429896752291e-06,1.1909453415290088,0.02916062593203412
55,9,1,9.937641508426431,7.012499999999999,звичайний твел UO₂,1,tsentralna,tvz_z_12_tveh,9.937641508426431,7.012499999999999,267,43362.13339334091,1010.7927910807783,0.0002238837042391144,5.226917816362387e-06,0.0061662464868903364,6.20080532284431e-05,0.0004078093790757023,1.09278077913931e-05,1.2272279392648116,0.02861738586010484
56,-10,10,-11.04182389825159,6.375,звичайний твел UO₂,1,tsentralna,tvz_z_12_tveh,-11.04182389825159,6.375,272,44462.13263327068,1032.8382092021425,0.00022958436381401132,5.340000302406624e-06,0.006117204460584206,7.061817197159012e-05,0.00040101441761390965,9.542124002191022e-06,1.258359936119449,0.029241603763795043
57,-8,9,-8.833459118601272,6.375,звичайний твел UO₂,1,tsentralna,tvz_z_12_tveh,-8.833459118601272,6.375,277,41175.94732545226,1007.816704041001,0.0002125772029553211,5.210330998885333e-06,0.006306752995479775,6.570401382947922e-05,0.0003915078354568167,9.638805102754284e-06,1.1653548621584058,0.028532191890147204
58,-6,8,-6.625094338950954,6.375,звичайний твел UO₂,1,tsentralna,tvz_z_12_tveh,-6.625094338950954,6.375,282,43848.06751225185,1156.7539279166517,0.00022637548746243222,5.980988723076472e-06,0.006486112776324508,5.9031529636736505e-05,0.00040108613497838235,1.0839094126102465e-05,1.2409807664599124,0.03274727919384922
60,-2,6,-2.208364779650318,6.375,звичайний твел UO₂,1,tsentralna,tvz_z_12_tveh,-2.208364779650318,6.375,290,40876.4567304127,1029.2532723550837,0.00021102485191307454,5.321556563383964e-06,0.006475222509421531,6.792757281532505e-05,0.00037763563310586745,9.637408556134608e-06,1.1568787287900222,0.029138566459434936
61,0,5,0.0,6.375,звичайний твел UO₂,1,tsentralna,tvz_z_12_tveh,0.0,6.375,295,41290.918194324746,1046.7669099166824,0.00021317473406725327,5.410998366835294e-06,0.0064232629380653935,6.289696806727808e-05,0.00039436601071141456,9.55231636370223e-06,1.168608748705038,0.02963426371231679
62,2,4,2.208364779650318,6.375,звичайний твел UO₂,1,tsentralna,tvz_z_12_tveh,2.208364779650318,6.375,300,44522.73952380724,1233.5976465835029,0.00022985839009167535,6.377168225358014e-06,0.006528243060704043,7.313455927156077e-05,0.00040718298972041925,1.162378730120675e-05,1.2600752223278961,0.03492179793409847
63,4,3,4.416729559300636,6.375,звичайний твел UO₂,1,tsentralna,tvz_z_12_tveh,4.416729559300636,6.375,305,44469.27850624204,1070.6815805073882,0.00022960102514061714,5.535327494695624e-06,0.006442293944280198,6.12429211861243e-05,0.00041390840947457956,8.672771262857744e-06,1.2585621774363451,0.03031227681313193
64,6,2,6.625094338950954,6.375,звичайний твел UO₂,1,tsentralna,tvz_z_12_tveh,6.625094338950954,6.375,310,43268.943641646234,1243.5811400259095,0.00022340260451826513,6.429161864458057e-06,0.0064568262194427215,6.628816589469093e-05,0.00039690033388780206,9.843004189168229e-06,1.2245904983000082,0.03520379879761375
65,8,1,8.833459118601272,6.375,звичайний твел UO₂,1,tsentralna,tvz_z_12_tveh,8.833459118601272,6.375,315,40371.76121690734,993.7124973816411,0.0002084223961252957,5.137869863653647e-06,0.006208909142154212,6.348154343191727e-05,0.0003777740444580331,8.759558989502771e-06,1.1425949197030254,0.028132788409299333
66,10,0,11.04182389825159,6.375,звичайний твел UO₂,1,tsentralna,tvz_z_12_tveh,11.04182389825159,6.375,320,44559.783607949255,1143.8039172579297,0.0002300983368327203,5.913198369590957e-06,0.006069997453017678,7.264690364903446e-05,0.0004121605165635004,1.0267489241581546e-05,1.2611236378804975,0.03238117073769819
67,-9,9,-9.937641508426431,5.7375,звичайний твел UO₂,1,tsentralna,tvz_z_12_tveh,-9.937641508426431,5.7375,325,41451.654399441155,995.0970815260943,0.0002139947627722149,5.143226384107915e-06,0.006136778320662535,6.793201153458699e-05,0.000389675234852487,1.0414399726963224e-05,1.173157878241191,0.028172444118892602
68,-7,8,-7.729276728776114,5.7375,звичайний твел UO₂,1,tsentralna,tvz_z_12_tveh,-7.729276728776114,5.7375,330,40421.38482246947,1073.439410102004,0.00020868054881651457,5.550140624888776e-06,0.006287213461963916,6.724874445991162e-05,0.0003874794134199697,1.0675238712743991e-05,1.1439993587937056,0.030388565654711198
69,-5,7,-5.520911949125795,5.7375,звичайний твел UO₂,1,tsentralna,tvz_z_12_tveh,-5.520911949125795,5.7375,335,45899.306663050054,931.6958976526922,0.00023699063989214106,4.817034934227774e-06,0.0064769789327421435,6.61800292307315e-05,0.0004136150519433345,9.766063722819237e-06,1.2990345982015021,0.026380974143616846
70,-3,6,-3.312547169475477,5.7375,звичайний твел UO₂,1,tsentralna,tvz_z_12_tveh,-3.312547169475477,5.7375,340,44899.08297267591,1194.9750527506294,0.0002318251099694587,6.178178097289989e-06,0.006502021449192303,6.383023203953753e-05,0.00040927723060292287,9.720148144832319e-06,1.2707264324752694,0.03382914227966788
71,-1,5,-1.104182389825159,5.7375,твег UO₂-Gd₂O₃,1,tsentralna,tvz_z_12_tveh,-1.104182389825159,5.7375,345,15403.005929127656,310.98081935640835,7.934570378348126e-05,1.6062287445558616e-06,0.005854528129444373,6.197134347447427e-05,0.0010630209408078483,2.864490095323009e-05,0.4359333304341046,0.008805467865473612
72,1,4,1.104182389825159,5.7375,звичайний твел UO₂,1,tsentralna,tvz_z_12_tveh,1.104182389825159,5.7375,350,44260.8436902947,1108.181069533704,0.00022850412352099812,5.729199280650199e-06,0.006626715794555581,6.747534977303435e-05,0.00041162389859760096,9.527370769733968e-06,1.2526630896925355,0.03137315152417116
73,3,3,3.312547169475477,5.7375,звичайний твел UO₂,1,tsentralna,tvz_z_12_tveh,3.312547169475477,5.7375,355,44203.43919131909,1217.1432634931057,0.00022823070521537958,6.291528621169773e-06,0.006394812674560842,6.4399107994661e-05,0.00041223087590962486,9.858235043212369e-06,1.2510384370412622,0.034456100261214005
74,5,2,5.520911949125795,5.7375,звичайний твел UO₂,1,tsentralna,tvz_z_12_tveh,5.520911949125795,5.7375,360,42853.41227212483,1236.5019243832048,0.0002212487260997859,6.391312601387917e-06,0.006450199995136805,6.533509669188761e-05,0.0003958140712165418,1.1087227770668004e-05,1.212830198093101,0.03500333371691122
75,7,1,7.729276728776114,5.7375,звичайний твел UO₂,1,tsentralna,tvz_z_12_tveh,7.729276728776114,5.7375,365,41132.82227058729,1231.7125169854733,0.00021234879675405247,6.367689910528742e-06,0.006364965844462687,6.281311897876603e-05,0.00037314744206463934,9.700063310555971e-06,1.1641343439765042,0.034867179369071195
76,9,0,9.937641508426431,5.7375,звичайний твел UO₂,1,tsentralna,tvz_z_12_tveh,9.937641508426431,5.7375,370,40157.3256488392,1058.119001916456,0.00020731793797170667,5.470745961483894e-06,0.006197479837049033,5.765690878817806e-05,0.00037923156398448135,8.369410903685445e-06,1.136525999663548,0.02995498044644897
77,-10,9,-11.04182389825159,5.1,звичайний твел UO₂,1,tsentralna,tvz_z_12_tveh,-11.04182389825159,5.1,375,45649.472751226785,1098.400956915041,0.0002357088529624862,5.678344630476991e-06,0.0062334036038083455,6.848618707035753e-05,0.000411386556142793,9.265140497708279e-06,1.2919638400821052,0.031097058564611757
78,-8,8,-8.833459118601272,5.1,твег UO₂-Gd₂O₃,1,tsentralna,tvz_z_12_tveh,-8.833459118601272,5.1,380,15497.162294868618,348.13467651902783,7.984126876593365e-05,1.7990518404632314e-06,0.00556916506932558,5.387268064522693e-05,0.0009897613026888718,2.9808599989063308e-05,0.43859812835003675,0.009856593878044067
79,-6,7,-6.625094338950954,5.1,звичайний твел UO₂,1,tsentralna,tvz_z_12_tveh,-6.625094338950954,5.1,385,43414.339483154465,1165.4963077771413,0.00022414266524833364,6.026080707534434e-06,0.006421412659509685,6.364161093604121e-05,0.0004007554681201073,1.0221065082029825e-05,1.228705467398351,0.032994460723068934
80,-4,6,-4.416729559300636,5.1,звичайний твел UO₂,1,tsentralna,tvz_z_12_tveh,-4.416729559300636,5.1,390,46141.73330739804,1244.2715798478112,0.0002382492239367527,6.433759916092008e-06,0.006545686962733104,6.715867882020573e-05,0.0004241415131439189,1.2431395950184261e-05,1.3058957170599148,0.03522445519632696
81,-2,5,-2.208364779650318,5.1,звичайний твел UO₂,1,tsentralna,tvz_z_12_tveh,-2.208364779650318,5.1,395,42781.72907052757,1167.8740781708157,0.00022086860200410606,6.037539268473558e-06,0.006481527244922903,7.199912919064057e-05,0.0003961272795607364,1.0511193704661665e-05,1.2108014319579548,0.03306148475886984
82,0,4,0.0,5.1,звичайний твел UO₂,1,tsentralna,tvz_z_12_tveh,0.0,5.1,400,43062.29870674177,1131.2581319256053,0.00022231948109675974,5.849538052745451e-06,0.006488198633299017,6.571477862916889e-05,0.0003995919796637234,1.0371589489588222e-05,1.2187420674739258,0.03202557705117581
83,2,3,2.208364779650318,5.1,звичайний твел UO₂,1,tsentralna,tvz_z_12_tveh,2.208364779650318,5.1,405,44477.49275236907,1103.4756670763124,0.0002296361417591436,5.704294776266232e-06,0.0065788275629249295,6.353381083977992e-05,0.00042334935612802686,9.95738721721142e-06,1.2587946556738814,0.031240115435278878
84,4,2,4.416729559300636,5.1,звичайний твел UO₂,1,tsentralna,tvz_z_12_tveh,4.416729559300636,5.1,410,42057.84920504678,1175.0405685737762,0.00021713623216765963,6.074927570040007e-06,0.006411669823916713,6.628752500780757e-05,0.00040000215924684693,1.0092378992544702e-05,1.190314303533464,0.03326397410685749
85,6,1,6.625094338950954,5.1,звичайний твел UO₂,1,tsentralna,tvz_z_12_tveh,6.625094338950954,5.1,415,43334.041209052506,1159.7302075665457,0.00022373960971374865,5.996357809401536e-06,0.006499367331985893,6.16656572499879e-05,0.00039755761534385225,1.0922487733438525e-05,1.226432878903713,0.032831280539193035
86,8,0,8.833459118601272,5.1,твег UO₂-Gd₂O₃,1,tsentralna,tvz_z_12_tveh,8.833459118601272,5.1,420,15166.675504315344,307.19412219411834,7.814097952607193e-05,1.5864236665124867e-06,0.00566237979906466,6.0406483818112287e-05,0.0010515193060048672,2.6430435043230538e-05,0.42924474577437177,0.008698220804633845
87,10,-1,11.04182389825159,5.1,звичайний твел UO₂,1,tsentralna,tvz_z_12_tveh,11.04182389825159,5.1,425,43959.69182317882,1149.093941896929,0.00022698565941486434,5.9418010262230015e-06,0.006093743658864872,6.289881623656969e-05,0.00039177029429408725,1.0045037318863414e-05,1.2441399392761605,0.03253059393514414
88,-9,8,-9.937641508426431,4.4624999999999995,звичайний твел UO₂,1,tsentralna,tvz_z_12_tveh,-9.937641508426431,4.4624999999999995,430,39524.94855953611,1034.4417088183511,0.0002040465569261377,5.348389328797851e-06,0.006115896418293261,6.176346812447791e-05,0.00036773516199538244,8.419894969016619e-06,1.1186285677013352,0.029284794545009533
89,-7,7,-7.729276728776114,4.4624999999999995,звичайний твел UO₂,1,tsentralna,tvz_z_12_tveh,-7.729276728776114,4.4624999999999995,435,40392.37766243888,918.1855138866799,0.00020853371826684927,4.7474121268510545e-06,0.00624431538251847,6.361711953051453e-05,0.0003938360030209577,9.203802969640823e-06,1.1431784029402343,0.025995977971886193
90,-5,6,-5.520911949125795,4.4624999999999995,звичайний твел UO₂,1,tsentralna,tvz_z_12_tveh,-5.520911949125795,4.4624999999999995,440,45731.3662671943,1173.9073647081477,0.0002361233450969819,6.069095569394724e-06,0.0065547585551755105,6.5366959658993e-05,0.0004119500688552524,8.830807598388663e-06,1.2942815768486131,0.033233400992794565
91,-3,5,-3.312547169475477,4.4624999999999995,звичайний твел UO₂,1,tsentralna,tvz_z_12_tveh,-3.312547169475477,4.4624999999999995,445,46623.42596145072,1196.5313886568892,0.00024072357321673236,6.185117935389706e-06,0.00667495107036596,6.872762490957323e-05,0.0004232099612892415,1.055737175066523e-05,1.3195285030169557,0.03387389324683181
92,-1,4,-1.104182389825159,4.4624999999999995,звичайний твел UO₂,1,tsentralna,tvz_z_12_tveh,-1.104182389825159,4.4624999999999995,450,43584.8967416147,1056.3607798208247,0.00022501461733897478,5.461289621170852e-06,0.006547042461119961,6.777654615133994e-05,0.000403970797061301,9.999035784667932e-06,1.2335325507645711,0.029906707712579784
93,1,3,1.104182389825159,4.4624999999999995,звичайний твел UO₂,1,tsentralna,tvz_z_12_tveh,1.104182389825159,4.4624999999999995,455,46311.22487800079,1234.2415166837145,0.00023909558281248427,6.380290516621066e-06,0.006760909370251653,7.334927608225691e-05,0.00043204899302822484,1.12315616874742e-05,1.3106926395043605,0.03494073034503188
94,3,2,3.312547169475477,4.4624999999999995,звичайний твел UO₂,1,tsentralna,tvz_z_12_tveh,3.312547169475477,4.4624999999999995,460,43818.179811833514,1109.2613966249808,0.00022622732538818164,5.733955472321687e-06,0.006474598943923338,6.919791634141095e-05,0.0004041237311917828,9.685492160023496e-06,1.2401348896977835,0.03140352669479361
95,5,1,5.520911949125795,4.4624999999999995,звичайний твел UO₂,1,tsentralna,tvz_z_12_tveh,5.520911949125795,4.4624999999999995,465,41399.54574213892,1116.8272307653529,0.00021373785579636637,5.7742195726056014e-06,0.006416419773913305,6.594161486301556e-05,0.00039928948534676483,1.1310567024041268e-05,1.1716831076264986,0.031616588625024325
96,7,0,7.729276728776114,4.4624999999999995,звичайний твел UO₂,1,tsentralna,tvz_z_12_tveh,7.729276728776114,4.4624999999999995,470,41798.20072281878,1046.4335501790288,0.000215796806511168,5.409549553788604e-06,0.0063989850409691875,6.379296116801145e-05,0.0003998969193403351,1.1571460012963331e-05,1.182965775063072,0.029625050401477396
97,9,-1,9.937641508426431,4.4624999999999995,звичайний твел UO₂,1,tsentralna,tvz_z_12_tveh,9.937641508426431,4.4624999999999995,475,39627.484667729994,1058.2128160329094,0.000204580643441271,5.470449073562724e-06,0.006146068828950685,6.550684480684685e-05,0.0003673498797077321,8.1121945034184e-06,1.1215305277044916,0.029957418051405057
98,-10,8,-11.04182389825159,3.8249999999999997,звичайний твел UO₂,1,tsentralna,tvz_z_12_tveh,-11.04182389825159,3.8249999999999997,480,45081.43396755298,1363.4066293636931,0.00023275832976303509,7.0482003986008255e-06,0.006254718916814748,5.6330623238234246e-05,0.00040596611713347724,1.0045437588774873e-05,1.2758873002221556,0.03859499944522666
99,-8,7,-8.833459118601272,3.8249999999999997,звичайний твел UO₂,1,tsentralna,tvz_z_12_tveh,-8.833459118601272,3.8249999999999997,485,38020.72037040227,968.8897244107272,0.00019627496503062778,5.0078342075398055e-06,0.00612660160741565,5.8207652799961155e-05,0.00035886206798236225,9.008146569699283e-06,1.0760561498733356,0.027429454183515792
101,-4,5,-4.416729559300636,3.8249999999999997,звичайний твел UO₂,1,tsentralna,tvz_z_12_tveh,-4.416729559300636,3.8249999999999997,493,43826.39227272085,1206.283216756733,0.0002262684802712351,6.236898168132539e-06,0.0065421700078895995,5.894894209361143e-05,0.0003962886983661461,9.294168464744768e-06,1.2403673174097605,0.03414867011739577
102,-2,4,-2.208364779650318,3.8249999999999997,звичайний твел UO₂,1,tsentralna,tvz_z_12_tveh,-2.208364779650318,3.8249999999999997,498,47118.13764543615,1168.4856463428785,0.00024327574054521786,6.04112628144255e-06,0.006664075606033913,6.731691531135972e-05,0.0004394100965021058,1.0590955965136914e-05,1.3335297514094275,0.03308059920906683
103,0,3,0.0,3.8249999999999997,звичайний твел UO₂,1,tsentralna,tvz_z_12_tveh,0.0,3.8249999999999997,503,45992.54979805083,1117.090230635721,0.00023747280961698152,5.775012031512782e-06,0.006585979377801813,6.705678073691026e-05,0.00042260940310662263,9.530872506056545e-06,1.3016735500118197,0.031625979820761464
104,2,2,2.208364779650318,3.8249999999999997,звичайний твел UO₂,1,tsentralna,tvz_z_12_tveh,2.208364779650318,3.8249999999999997,508,46313.53362210217,1089.2298284786366,0.00023912928559240778,5.632170618614932e-06,0.006533989130827008,6.531687063790511e-05,0.000415640089552919,9.061520367585029e-06,1.310757981198694,0.03083788968205121
105,4,1,4.416729559300636,3.8249999999999997,твег UO₂-Gd₂O₃,1,tsentralna,tvz_z_12_tveh,4.416729559300636,3.8249999999999997,513,15788.778261082332,311.4390587013051,8.133948142842626e-05,1.6077208482234275e-06,0.005824799205216462,6.0419674027606534e-05,0.0010554941112133297,2.7693074678789778e-05,0.44685139527366396,0.00881864040562274
107,8,-1,8.833459118601272,3.8249999999999997,звичайний твел UO₂,1,tsentralna,tvz_z_12_tveh,8.833459118601272,3.8249999999999997,521,40255.556202454,1040.7157099044427,0.00020782461290189016,5.380752118113304e-06,0.006202475525765007,6.054556970786872e-05,0.0003808779584206302,1.0292992809203342e-05,1.139306104571948,0.02946261481034328
108,10,-2,11.04182389825159,3.8249999999999997,звичайний твел UO₂,1,tsentralna,tvz_z_12_tveh,11.04182389825159,3.8249999999999997,526,43929.9377435964,1371.975562933713,0.0002268267204929383,7.0936774801919334e-06,0.00626907809204584,5.7555189582447824e-05,0.00040677153942675966,1.1580012206411955e-05,1.2432978442288658,0.03883706004936283
109,-9,7,-9.937641508426431,3.1875,звичайний твел UO₂,1,tsentralna,tvz_z_12_tveh,-9.937641508426431,3.1875,531,42222.66724260529,1142.863680772114,0.00021799162601566894,5.908543818380365e-06,0.006256150427549631,6.993959307637306e-05,0.0003992499411974076,9.82873448081643e-06,1.1949789564173938,0.0323536050608802
110,-7,6,-7.729276728776114,3.1875,звичайний твел UO₂,1,tsentralna,tvz_z_12_tveh,-7.729276728776114,3.1875,536,41651.173114337624,1028.5031748171798,0.0002150176913146647,5.317837665857819e-06,0.006362076660648474,6.287089206301761e-05,0.00039176045595226965,8.969103645322222e-06,1.1788046239653016,0.029117681060329022
111,-5,5,-5.520911949125795,3.1875,звичайний твел UO₂,1,tsentralna,tvz_z_12_tveh,-5.520911949125795,3.1875,541,41717.19141638383,1193.8891168121181,0.0002153693752044808,6.172219084547289e-06,0.00636495243958693,7.309060297424475e-05,0.00038732019743772304,1.0094828810880228e-05,1.1806730630487525,0.033797163936848215
112,-3,4,-3.312547169475477,3.1875,звичайний твел UO₂,1,tsentralna,tvz_z_12_tveh,-3.312547169475477,3.1875,546,47100.77123256751,1103.7788156806405,0.00024319608796932992,5.706180715821727e-06,0.006626026519525845,6.563325888184982e-05,0.00044403328924334524,1.0862072296544877e-05,1.3330382500599927,0.03124987340793007
113,-1,3,-1.104182389825159,3.1875,звичайний твел UO₂,1,tsentralna,tvz_z_12_tveh,-1.104182389825159,3.1875,551,46343.23022759887,1217.6981886062483,0.0002392767698539567,6.296194911980524e-06,0.006636605775199795,7.033519150037464e-05,0.0004290763230971158,1.0506374046413882e-05,1.3115984496239046,0.03447266510852142
115,3,1,3.312547169475477,3.1875,звичайний твел UO₂,1,tsentralna,tvz_z_12_tveh,3.312547169475477,3.1875,559,44430.44239340111,1142.777965083514,0.0002293962612017946,5.90623503667962e-06,0.0065820816086415235,6.652392997519954e-05,0.0004077398526805756,1.0236808732035323e-05,1.25746304418341,0.0323520882100673
116,5,0,5.520911949125795,3.1875,звичайний твел UO₂,1,tsentralna,tvz_z_12_tveh,5.520911949125795,3.1875,564,42616.35470706969,1116.4018020206622,0.00022002333284412015,5.771662504150832e-06,0.006447204174657238,6.88533104497825e-05,0.00039672064981852314,9.923180634668454e-06,1.2061210340302824,0.03160504829361905
117,7,-1,7.729276728776114,3.1875,звичайний твел UO₂,1,tsentralna,tvz_z_12_tveh,7.729276728776114,3.1875,569,43121.00352624717,1162.5683106245945,0.00022262752010502885,6.008423159281891e-06,0.006497077414820075,6.834656728698515e-05,0.0003928389165185587,8.406050494777985e-06,1.220403521582122,0.032911496646528766
118,9,-2,9.937641508426431,3.1875,звичайний твел UO₂,1,tsentralna,tvz_z_12_tveh,9.937641508426431,3.1875,574,43554.07468249001,1126.6192640018414,0.00022488311153498678,5.825764816385347e-06,0.0062960256961010425,6.0817319774716815e-05,0.0004001858834733686,8.923285164682379e-06,1.232660229936618,0.031894530360155694
119,-10,7,-11.04182389825159,2.55,звичайний твел UO₂,1,tsentralna,tvz_z_12_tveh,-11.04182389825159,2.55,579,42997.17585935077,1231.381136099445,0.00022199351822417383,6.36594903933243e-06,0.006206678564505595,6.160855530768007e-05,0.0003969055399250241,1.0125941103848356e-05,1.2168989714002674,0.034858493915995006
120,-8,6,-8.833459118601272,2.55,звичайний твел UO₂,1,tsentralna,tvz_z_12_tveh,-8.833459118601272,2.55,584,42219.027000070666,1136.2238270279252,0.000217954138805839,5.874349943538124e-06,0.006424260745013691,6.749867389355768e-05,0.0003912564716669579,8.592470567337668e-06,1.1948759308742625,0.032165733008312734
121,-6,5,-6.625094338950954,2.55,звичайний твел UO₂,1,tsentralna,tvz_z_12_tveh,-6.625094338950954,2.55,589,41074.080024023584,1012.1876461440045,0.0002120358959820536,5.2322796311138965e-06,0.006442730743770804,6.717218857903257e-05,0.00038274178355577585,9.101688416040137e-06,1.1624718306138835,0.028655813242050188
122,-4,4,-4.416729559300636,2.55,звичайний твел UO₂,1,tsentralna,tvz_z_12_tveh,-4.416729559300636,2.55,594,41669.485872460864,1006.7408817752125,0.00021512078185635487,5.2056994790936025e-06,0.006478976127829021,6.460421657276991e-05,0.0003940500076644556,1.0329122192277027e-05,1.17932290862187,0.02850197427466365
124,0,2,0.0,2.55,звичайний твел UO₂,1,tsentralna,tvz_z_12_tveh,0.0,2.55,602,48782.597002819624,1203.4782930416704,0.0002518913425526733,6.22248067171853e-06,0.006641117125756002,6.022574325374533e-05,0.00043825899121221465,1.0350237792187909e-05,1.3806370053035693,0.03407137529923384
125,2,1,2.208364779650318,2.55,звичайний твел UO₂,1,tsentralna,tvz_z_12_tveh,2.208364779650318,2.55,607,47462.30782228951,1234.017839737343,0.0002450554373340546,6.3800791035604286e-06,0.006687467971701213,6.730250978220033e-05,0.0004354067582587983,1.12220947915802e-05,1.3432703989247323,0.034934876240079585
126,4,0,4.416729559300636,2.55,звичайний твел UO₂,1,tsentralna,tvz_z_12_tveh,4.416729559300636,2.55,612,42029.19061769585,1052.6929696437794,0.00021697817472416192,5.440384280992561e-06,0.006450647543809867,6.433295985800763e-05,0.0003959684399404739,9.482270452111862e-06,1.1895032129264156,0.029802249407905233
127,6,-1,6.625094338950954,2.55,звичайний твел UO₂,1,tsentralna,tvz_z_12_tveh,6.625094338950954,2.55,617,46382.76181122791,1209.3229771068934,0.00023948596859085133,6.252669568243462e-06,0.006595322370082321,5.97818274094871e-05,0.0004313222020400386,9.963868580510407e-06,1.3127172659762474,0.03423571397653735
128,8,-2,8.833459118601272,2.55,звичайний твел UO₂,1,tsentralna,tvz_z_12_tveh,8.833459118601272,2.55,622,44804.94295770852,1101.9499918587458,0.00023133950431361927,5.697198576563288e-06,0.006466992814747719,7.250495652681553e-05,0.000418950147531686,9.533869177134322e-06,1.2680620973162309,0.031197093454420177
129,10,-3,11.04182389825159,2.55,звичайний твел UO₂,1,tsentralna,tvz_z_12_tveh,11.04182389825159,2.55,627,47324.77716320015,1217.5434933193633,0.0002443728018295609,6.294256188116399e-06,0.006268067366642331,6.706744503788977e-05,0.0004185814437568244,1.0587923668581029e-05,1.3393780289204953,0.03446869792115822
130,-9,6,-9.937641508426431,1.9124999999999999,звичайний твел UO₂,1,tsentralna,tvz_z_12_tveh,-9.937641508426431,1.9124999999999999,632,44052.69960897098,1036.1428667501307,0.00022744789334828755,5.357691891675059e-06,0.0062609655632572024,6.119240337730299e-05,0.00038687190575344046,8.5809811016437e-06,1.246772230272037,0.02933490873473073
131,-7,5,-7.729276728776114,1.9124999999999999,звичайний твел UO₂,1,tsentralna,tvz_z_12_tveh,-7.729276728776114,1.9124999999999999,637,43432.49947834128,1227.9808905390794,0.00022424014021388936,6.348327746556794e-06,0.006398859622403683,6.271826300539047e-05,0.000399511317463968,1.093235041275014e-05,1.2292194285835172,0.034762449554227644
132,-5,4,-5.520911949125795,1.9124999999999999,твег UO₂-Gd₂O₃,1,tsentralna,tvz_z_12_tveh,-5.520911949125795,1.9124999999999999,642,16278.446514246785,302.07208591232694,8.386449258955254e-05,1.560416564406079e-06,0.005910716822132145,5.484815551936438e-05,0.0010709101978175343,2.599259512780083e-05,0.4607099053198209,0.008553954510372625
133,-3,3,-3.312547169475477,1.9124999999999999,звичайний твел UO₂,1,tsentralna,tvz_z_12_tveh,-3.312547169475477,1.9124999999999999,647,46682.07869587552,973.0688101593399,0.0002410205378402325,5.030429650894195e-06,0.006660084434889161,5.5683646443312354e-05,0.000420211151596985,7.693988679511897e-06,1.3211884830218013,0.027551786056543844
134,-1,2,-1.104182389825159,1.9124999999999999,звичайний твел UO₂,1,tsentralna,tvz_z_12_tveh,-1.104182389825159,1.9124999999999999,652,49238.774002493294,1185.7191954920802,0.0002542459489852749,6.1299138990274685e-06,0.006746524943735516,7.064459227419507e-05,0.00045497218073228547,1.0533218704804306e-05,1.393547651423566,0.0335691255566063
135,1,1,1.104182389825159,1.9124999999999999,звичайний твел UO₂,1,tsentralna,tvz_z_12_tveh,1.104182389825159,1.9124999999999999,657,47225.66375454451,1159.5251498832147,0.00024383764447914378,5.9953415088193725e-06,0.006707831846008386,6.71732540016082e-05,0.00044510767482988997,1.1524515576012623e-05,1.3365729375945077,0.032827127848748805
136,3,0,3.312547169475477,1.9124999999999999,звичайний твел UO₂,1,tsentralna,tvz_z_12_tveh,3.312547169475477,1.9124999999999999,662,46658.547410180814,1248.665510520234,0.00024092823829295683,6.455220805386863e-06,0.006638621642494781,6.13240344337558e-05,0.0004281494717815753,1.1353969564691836e-05,1.320522504459598,0.03534898725460581
137,5,-1,5.520911949125795,1.9124999999999999,звичайний твел UO₂,1,tsentralna,tvz_z_12_tveh,5.520911949125795,1.9124999999999999,667,45266.313005502096,1109.0315348991783,0.00023371844318291016,5.732896120115638e-06,0.006522031803614297,6.583251377606855e-05,0.0004149956471484526,9.829893726715349e-06,1.281119716226632,0.03139765432880938
138,7,-2,7.729276728776114,1.9124999999999999,звичайний твел UO₂,1,tsentralna,tvz_z_12_tveh,7.729276728776114,1.9124999999999999,672,45412.93670974712,1136.1433343403505,0.00023447937518041438,5.874428244732998e-06,0.006508234108241183,6.800182131956435e-05,0.00042381713827162093,1.2047435855332608e-05,1.2852694360934047,0.03216479230094021
139,9,-3,9.937641508426431,1.9124999999999999,звичайний твел UO₂,1,tsentralna,tvz_z_12_tveh,9.937641508426431,1.9124999999999999,677,44767.44210122888,1234.8220643749091,0.0002311443075826383,6.384085360245866e-06,0.006283894384960491,6.292410130801449e-05,0.0004053186688130458,9.982557347733333e-06,1.2670007542683532,0.03495653857870675
140,-10,6,-11.04182389825159,1.275,звичайний твел UO₂,1,tsentralna,tvz_z_12_tveh,-11.04182389825159,1.275,682,46962.572638905855,1187.6189685607449,0.00024249601677372017,6.140544764968847e-06,0.00638966115870864,6.372655243509565e-05,0.00043126448973338405,9.856485575758739e-06,1.329126976281781,0.03362187439160009
141,-8,5,-8.833459118601272,1.275,звичайний твел UO₂,1,tsentralna,tvz_z_12_tveh,-8.833459118601272,1.275,687,42920.78796696431,969.8473456141073,0.00022157917047717596,5.01309032325047e-06,0.006520550363648011,6.187583784863811e-05,0.0003878606065412674,8.521471359198437e-06,1.214737053883252,0.02745876762370066
142,-6,4,-6.625094338950954,1.275,звичайний твел UO₂,1,tsentralna,tvz_z_12_tveh,-6.625094338950954,1.275,692,43551.638466093886,1285.3803159243432,0.00022485611673261932,6.646484702767984e-06,0.006515293710529393,6.66836176236518e-05,0.0004051405902363612,1.1781225141574005e-05,1.2325912805424475,0.03638663014838843
143,-4,3,-4.416729559300636,1.275,звичайний твел UO₂,1,tsentralna,tvz_z_12_tveh,-4.416729559300636,1.275,697,43425.002688946974,1117.0855170815935,0.00022419209949935966,5.77662719378874e-06,0.0066088280204059475,5.417620894242777e-05,0.0004086616356526976,9.838779536836913e-06,1.229007255687963,0.03162473126049202
144,-2,2,-2.208364779650318,1.275,звичайний твел UO₂,1,tsentralna,tvz_z_12_tveh,-2.208364779650318,1.275,702,48535.6785883818,1248.2241057539509,0.0002505943578085454,6.453053460359039e-06,0.006682055890663808,6.761361435008058e-05,0.00043745168464607616,1.0797224115714412e-05,1.3736487611097632,0.03533727486060794
145,0,1,0.0,1.275,звичайний твел UO₂,1,tsentralna,tvz_z_12_tveh,0.0,1.275,707,47947.631106274916,1070.3137728799456,0.00024756350404747684,5.533421266056737e-06,0.006750162650268297,5.7184058235333825e-05,0.0004438726028510556,9.472465093334883e-06,1.3570059383706328,0.03030350026148493
146,2,0,2.208364779650318,1.275,звичайний твел UO₂,1,tsentralna,tvz_z_12_tveh,2.208364779650318,1.275,712,50503.83269365688,1197.2167206726258,0.0002607934547351593,6.1902428396510165e-06,0.00675320088600249,6.372448463951263e-05,0.0004469425889850445,1.0086917476961906e-05,1.4293511336121096,0.033894991964678885
147,4,-1,4.416729559300636,1.275,звичайний твел UO₂,1,tsentralna,tvz_z_12_tveh,4.416729559300636,1.275,717,45792.38223574199,1525.5337089408042,0.00023644975799367627,7.886274212728349e-06,0.006541838516867903,6.952681652218709e-05,0.00043258775826975966,1.3818488476696218e-05,1.2960084407153833,0.04318286348077288
148,6,-2,6.625094338950954,1.275,звичайний твел UO₂,1,tsentralna,tvz_z_12_tveh,6.625094338950954,1.275,722,45024.01252930461,1153.8928640131783,0.00023247037363719708,5.965551942154446e-06,0.006480134388433857,6.618349322625078e-05,0.00041034963109935416,9.413983460423991e-06,1.2742621681583814,0.03266681966394247
149,8,-3,8.833459118601272,1.275,звичайний твел UO₂,1,tsentralna,tvz_z_12_tveh,8.833459118601272,1.275,727,48160.17212703542,1193.4807392528664,0.00024868468956042964,6.1700282242029035e-06,0.006562326832547548,6.711040752167209e-05,0.00044153244358319824,9.914341103204654e-06,1.3630212392450407,0.03378824171337969
150,10,-4,11.04182389825159,1.275,звичайний твел UO₂,1,tsentralna,tvz_z_12_tveh,11.04182389825159,1.275,732,47121.504694205505,1061.508668799594,0.00024331478170085165,5.488991063523354e-06,0.006412074148206358,6.815229303729291e-05,0.0004235018796754023,8.50088863265867e-06,1.3336250450677247,0.030053994865911326
151,-9,5,-9.937641508426431,0.6375,звичайний твел UO₂,1,tsentralna,tvz_z_12_tveh,-9.937641508426431,0.6375,737,44840.09610009918,1137.7306938452994,0.00023152212647642743,5.881630106344024e-06,0.006350226150028507,7.530407100548773e-05,0.0004147413028643207,9.95765268160618e-06,1.2690569957476214,0.03220945716769602
152,-7,4,-7.729276728776114,0.6375,звичайний твел UO₂,1,tsentralna,tvz_z_12_tveh,-7.729276728776114,0.6375,742,44976.75650213664,1239.0953908967138,0.000232209271546371,6.406454276807939e-06,0.006576260488830336,6.22286847429406e-05,0.000416705781418814,1.0514213384592657e-05,1.2729247358804738,0.03507753345655074
153,-5,3,-5.520911949125795,0.6375,звичайний твел UO₂,1,tsentralna,tvz_z_12_tveh,-5.520911949125795,0.6375,747,42705.50097912093,1280.8484678320292,0.00022046409613540416,6.619516453070968e-06,0.006540898458139258,6.742441957884619e-05,0.0003869222986838404,9.932233029713977e-06,1.2086440371018838,0.03625808963588615
154,-3,2,-3.312547169475477,0.6375,звичайний твел UO₂,1,tsentralna,tvz_z_12_tveh,-3.312547169475477,0.6375,752,47803.70399424493,1279.145090041166,0.00024682023820319043,6.613407354480861e-06,0.006778431108035373,5.972317544082837e-05,0.0004352420932195265,1.0405958470225172e-05,1.352932537011464,0.03621184877844489
155,-1,1,-1.104182389825159,0.6375,звичайний твел UO₂,1,tsentralna,tvz_z_12_tveh,-1.104182389825159,0.6375,757,51054.939236298225,1065.090751573579,0.0002636357065051228,5.506356425689541e-06,0.006876386675411228,6.337473213196171e-05,0.0004600678009317941,9.8120089841605e-06,1.4449484599822406,0.03015730341274007
156,1,0,1.104182389825159,0.6375,звичайний твел UO₂,1,tsentralna,tvz_z_12_tveh,1.104182389825159,0.6375,762,49634.400226735095,1230.9466596558198,0.00025628650472347416,6.3634899202170175e-06,0.006786568186336801,7.242604537606281e-05,0.00045121417522632284,1.0603748618532856e-05,1.4047445994955432,0.03484891062622827
158,5,-2,5.520911949125795,0.6375,звичайний твел UO₂,1,tsentralna,tvz_z_12_tveh,5.520911949125795,0.6375,770,45136.38391888198,1049.4567937331165,0.00023302915514184584,5.4265741570941325e-06,0.006715007953828852,6.914320470275588e-05,0.00041729252792065954,8.995596700942523e-06,1.277442484671234,0.02971208811646284
160,9,-4,9.937641508426431,0.6375,звичайний твел UO₂,1,tsentralna,tvz_z_12_tveh,9.937641508426431,0.6375,778,44820.81018583089,1362.5617072996765,0.0002314196744185894,7.044366750467219e-06,0.006392730261266781,6.236953784486707e-05,0.0004101385839888021,1.0703633289986097e-05,1.268511168986525,0.03857099829718545
161,-10,5,-11.04182389825159,0.0,звичайний твел UO₂,1,tsentralna,tvz_z_12_tveh,-11.04182389825159,0.0,783,44942.81788874158,1244.5025735457946,0.00023205449853852945,6.433293550762347e-06,0.006294492483990368,6.0375170293162354e-05,0.0004124214229362693,1.2745664588736115e-05,1.271964210848172,0.035230514853096834
162,-8,4,-8.833459118601272,0.0,звичайний твел UO₂,1,tsentralna,tvz_z_12_tveh,-8.833459118601272,0.0,788,44254.99753499868,1006.2829918165038,0.00022848862880146204,5.201287777243726e-06,0.006395313745042211,6.506554444169305e-05,0.00041512447953414715,1.0226045095726287e-05,1.2524976327706752,0.02849021731420952
163,-6,3,-6.625094338950954,0.0,звичайний твел UO₂,1,tsentralna,tvz_z_12_tveh,-6.625094338950954,0.0,793,45037.64191856279,1153.973988013746,0.00023253920261440714,5.965970172060982e-06,0.006488398843058327,6.653540547225458e-05,0.0004131986625340359,9.700304419697434e-06,1.2746479048826573,0.03266912072393362
164,-4,2,-4.416729559300636,0.0,звичайний твел UO₂,1,tsentralna,tvz_z_12_tveh,-4.416729559300636,0.0,798,47862.31145782803,1329.0257760533166,0.00024712457428132994,6.8722056945735545e-06,0.006768694482865525,5.84538155058953e-05,0.0004417188430509679,1.0606731321404444e-05,1.354591235768423,0.03762322280745793
165,-2,1,-2.208364779650318,0.0,звичайний твел UO₂,1,tsentralna,tvz_z_12_tveh,-2.208364779650318,0.0,803,51471.814805991475,1245.4915072683118,0.00026578366754024195,6.4386813702904805e-06,0.006884938269975546,7.572338601298893e-05,0.00046120271481251763,1.0070920860464598e-05,1.4567468035204545,0.03526123905466148
167,2,-1,2.208364779650318,0.0,звичайний твел UO₂,1,tsentralna,tvz_z_12_tveh,2.208364779650318,0.0,811,48646.881207635015,1107.6934462386446,0.0002511939000777491,5.727274176082183e-06,0.006775764275670662,6.615131819845498e-05,0.0004403159326296728,9.144575735003218e-06,1.3767959992778909,0.031361351246881435
168,4,-2,4.416729559300636,0.0,звичайний твел UO₂,1,tsentralna,tvz_z_12_tveh,4.416729559300636,0.0,816,46423.48328760226,1186.9066679318596,0.00023969634270130558,6.135552626702237e-06,0.006669711256078336,6.231719922101502e-05,0.0004299014847265545,1.0032460393679631e-05,1.3138697584765908,0.033601490863661675
169,6,-3,6.625094338950954,0.0,звичайний твел UO₂,1,tsentralna,tvz_z_12_tveh,6.625094338950954,0.0,821,45425.29012426428,1109.041588892689,0.0002345410560720302,5.7339006393571935e-06,0.006565323611434296,6.614346882503639e-05,0.0004217106245538586,9.272312518218529e-06,1.2856190603912512,0.0313980093262262
170,8,-4,8.833459118601272,0.0,звичайний твел UO₂,1,tsentralna,tvz_z_12_tveh,8.833459118601272,0.0,826,49264.871368179716,1163.7010356776357,0.00025438760315215486,6.017149659883568e-06,0.006644576594581968,6.700054176322077e-05,0.0004400746158423642,1.0150583751319336e-05,1.3942862547579793,0.03294619310627345
171,10,-5,11.04182389825159,0.0,звичайний твел UO₂,1,tsentralna,tvz_z_12_tveh,11.04182389825159,0.0,831,48263.78438349063,1253.4905601407756,0.0002492201523090073,6.481604296004841e-06,0.006423545783443069,6.402506381499905e-05,0.00043153649779888604,1.123174680535153e-05,1.3659536562185937,0.03548616822734593
172,-9,4,-9.937641508426431,-0.6375,звичайний твел UO₂,1,tsentralna,tvz_z_12_tveh,-9.937641508426431,-0.6375,836,43633.677870652486,1118.8106026533922,0.00022528528197851013,5.783351090576512e-06,0.0063022004385882655,6.85813217756492e-05,0.00039658170492380636,9.972572138936529e-06,1.2349131462237708,0.03167362833710261
174,-5,2,-5.520911949125795,-0.6375,звичайний твел UO₂,1,tsentralna,tvz_z_12_tveh,-5.520911949125795,-0.6375,844,44739.90575953956,1255.3369776357938,0.0002309918748721264,6.489158402814053e-06,0.006639083683069995,7.105997804585105e-05,0.0004242463744964773,1.3241853636521825e-05,1.2662214252727122,0.035536993698906755
176,-1,0,-1.104182389825159,-0.6375,звичайний твел UO₂,1,tsentralna,tvz_z_12_tveh,-1.104182389825159,-0.6375,852,52389.593060583386,1280.7893253038476,0.0002705244198861683,6.622547966329704e-06,0.006869823961608051,6.475081326086358e-05,0.0004692660753664962,1.1402240907092898e-05,1.4827216121367173,0.03626031786416249
177,1,-1,1.104182389825159,-0.6375,звичайний твел UO₂,1,tsentralna,tvz_z_12_tveh,1.104182389825159,-0.6375,857,48542.53255646291,1148.8087396865255,0.0002506426119067411,5.94096091182695e-06,0.006724709085203106,6.133081665198773e-05,0.00044728412561372786,9.821139985924954e-06,1.373842740982655,0.03252452678573754
178,3,-2,3.312547169475477,-0.6375,звичайний твел UO₂,1,tsentralna,tvz_z_12_tveh,3.312547169475477,-0.6375,862,46795.705852033505,1133.811737386622,0.00024161168330426644,5.861603190927078e-06,0.0067070171475695235,6.199248872278361e-05,0.0004314376863149681,1.0039342861947157e-05,1.324404340033064,0.032099434284531415
179,5,-3,5.520911949125795,-0.6375,звичайний твел UO₂,1,tsentralna,tvz_z_12_tveh,5.520911949125795,-0.6375,867,45016.49272657365,1230.3494939737784,0.00023242349280873113,6.360581154050464e-06,0.006606977020127327,6.290585686641895e-05,0.000408686002467522,1.1543164599755629e-05,1.2740493439431733,0.03483008726513888
180,7,-4,7.729276728776114,-0.6375,звичайний твел UO₂,1,tsentralna,tvz_z_12_tveh,7.729276728776114,-0.6375,872,44728.910456988815,1046.5891176615185,0.0002309276820540897,5.4112471804195265e-06,0.006593312124991191,5.7500572845247706e-05,0.0004137268479852476,9.817337485000899e-06,1.2659102380354854,0.02963076663567742
181,9,-5,9.937641508426431,-0.6375,звичайний твел UO₂,1,tsentralna,tvz_z_12_tveh,9.937641508426431,-0.6375,877,44187.14317710398,1172.4673288605773,0.0002281460783598416,6.0616983916960516e-06,0.00638367383669275,5.5749443138477476e-05,0.00040600363074022095,9.771281038540941e-06,1.250577229937773,0.033192014567362794
182,-10,4,-11.04182389825159,-1.275,звичайний твел UO₂,1,tsentralna,tvz_z_12_tveh,-11.04182389825159,-1.275,882,46010.71934035001,1338.7608650895095,0.00023756917713675711,6.921308116173787e-06,0.006435148856723231,6.682548945158374e-05,0.00041405338428040676,1.0614566816972534e-05,1.3021877813977838,0.03789797113002661
183,-8,3,-8.833459118601272,-1.275,звичайний твел UO₂,1,tsentralna,tvz_z_12_tveh,-8.833459118601272,-1.275,887,44484.96604992341,1295.9837347344567,0.0002296819518137358,6.699252842310733e-06,0.006440627402766163,6.804234484302685e-05,0.00039918072457350147,1.0593828306601761e-05,1.2590061637072598,0.03668700490547586
184,-6,2,-6.625094338950954,-1.275,звичайний твел UO₂,1,tsentralna,tvz_z_12_tveh,-6.625094338950954,-1.275,892,46081.14860852774,1334.6952927264601,0.0002379409561816652,6.9004757028241914e-06,0.006477738633438557,7.674929205076692e-05,0.00042400635845532374,1.0925971423828303e-05,1.3041810589163423,0.03778296047920898
185,-4,1,-4.416729559300636,-1.275,звичайний твел UO₂,1,tsentralna,tvz_z_12_tveh,-4.416729559300636,-1.275,897,46678.06516613049,1232.837821698097,0.00024100163975822455,6.374211898030204e-06,0.0067073612707819405,6.537964504784973e-05,0.00042474103319773733,1.0324841849187442e-05,1.3210748927656786,0.03490116408347786
186,-2,0,-2.208364779650318,-1.275,звичайний твел UO₂,1,tsentralna,tvz_z_12_tveh,-2.208364779650318,-1.275,902,48931.68731914225,1204.2405819089079,0.0002526585180943989,6.226316561512343e-06,0.006850839086027252,7.432747241382329e-05,0.00045491503912010935,1.1049433480357431e-05,1.3848565348180708,0.034093008325139326
187,0,-1,0.0,-1.275,звичайний твел UO₂,1,tsentralna,tvz_z_12_tveh,0.0,-1.275,907,49786.4100142139,1211.530998827043,0.00025706906072355326,6.264052438981316e-06,0.006795624282541339,6.367578438806495e-05,0.0004500535931696607,9.058784893052315e-06,1.4090467554006387,0.03429965349470594
188,2,-2,2.208364779650318,-1.275,звичайний твел UO₂,1,tsentralna,tvz_z_12_tveh,2.208364779650318,-1.275,912,48647.759761502435,1270.6967550284116,0.00025119322816068656,6.569549391592204e-06,0.00671348878640752,6.310294117962028e-05,0.00043989129393427756,1.0785716044267256e-05,1.3768208639643782,0.03597315749717099
189,4,-3,4.416729559300636,-1.275,звичайний твел UO₂,1,tsentralna,tvz_z_12_tveh,4.416729559300636,-1.275,917,43090.54190426822,1052.7752786436934,0.00022247130784915813,5.443047097710538e-06,0.006536946434116538,6.380561325619476e-05,0.0003851443926882458,9.63876805400502e-06,1.2195414017867516,0.02980504383115515
190,6,-4,6.625094338950954,-1.275,звичайний твел UO₂,1,tsentralna,tvz_z_12_tveh,6.625094338950954,-1.275,922,41179.17636558781,1094.6103321508215,0.00021257662850345912,5.658485179950721e-06,0.006511073019944131,6.0057708568183644e-05,0.0003873536585650757,9.849494077424498e-06,1.1654462499191371,0.030987888414737496
191,8,-5,8.833459118601272,-1.275,звичайний твел UO₂,1,tsentralna,tvz_z_12_tveh,8.833459118601272,-1.275,927,43047.485874453,1164.3196405895465,0.00022224629642628066,6.019174617150691e-06,0.0064678315649668765,7.082042777636715e-05,0.0003957044614459536,9.917859999308475e-06,1.2183228371404105,0.03296101992013555
192,10,-6,11.04182389825159,-1.275,звичайний твел UO₂,1,tsentralna,tvz_z_12_tveh,11.04182389825159,-1.275,932,44972.64159705964,1087.4150896769465,0.0002322087906266035,5.623027953795759e-06,0.006213154396314904,5.612616052975381e-05,0.0004103945141625977,9.438808338121218e-06,1.2728082765164452,0.030785936287348662
193,-9,3,-9.937641508426431,-1.9124999999999999,звичайний твел UO₂,1,tsentralna,tvz_z_12_tveh,-9.937641508426431,-1.9124999999999999,937,42653.98564594696,1052.9458804547935,0.00022020365696197585,5.44345267776105e-06,0.006348233444195282,6.2967439212098e-05,0.0003889069586186128,8.856940365671216e-06,1.2071860586486987,0.0298096777240667
194,-7,2,-7.729276728776114,-1.9124999999999999,звичайний твел UO₂,1,tsentralna,tvz_z_12_tveh,-7.729276728776114,-1.9124999999999999,942,45574.05043667923,1098.2257426007861,0.00023530539153761456,5.678528284331708e-06,0.006551452685846351,7.317407319619375e-05,0.00042240285294031153,9.692742728538492e-06,1.2898292501896487,0.031092067326047846
195,-5,1,-5.520911949125795,-1.9124999999999999,звичайний твел UO₂,1,tsentralna,tvz_z_12_tveh,-5.520911949125795,-1.9124999999999999,947,44632.22480013688,1022.7673161741428,0.00023043113886171557,5.287428445046347e-06,0.006539828759897684,6.422727304108172e-05,0.0004146537352389199,1.0190457131553625e-05,1.2631738565401716,0.028956761651705912
196,-3,0,-3.312547169475477,-1.9124999999999999,звичайний твел UO₂,1,tsentralna,tvz_z_12_tveh,-3.312547169475477,-1.9124999999999999,952,47699.77319103675,1119.8381523191126,0.0002462815647830004,5.790086835183204e-06,0.006668304258053838,6.390392587962361e-05,0.0004325001465902499,9.698145470066595e-06,1.3499911045803075,0.03170450087964592
197,-1,-1,-1.104182389825159,-1.9124999999999999,звичайний твел UO₂,1,tsentralna,tvz_z_12_tveh,-1.104182389825159,-1.9124999999999999,957,48677.72233239463,1265.2732590136968,0.00025133530065867384,6.542716526611039e-06,0.006847363455603389,6.640113715306505e-05,0.0004467605128567088,9.942780534788728e-06,1.3776688596982956,0.03581971842870057
198,1,-2,1.104182389825159,-1.9124999999999999,звичайний твел UO₂,1,tsentralna,tvz_z_12_tveh,1.104182389825159,-1.9124999999999999,962,48682.708843699904,1058.2158087530306,0.00025137545951731675,5.471730970664567e-06,0.006797015478860556,6.865573252026667e-05,0.00044263133375275387,1.036523962803365e-05,1.3778099871178757,0.02996160308177428
199,3,-3,3.312547169475477,-1.9124999999999999,звичайний твел UO₂,1,tsentralna,tvz_z_12_tveh,3.312547169475477,-1.9124999999999999,967,47321.76078353085,1334.8390854839536,0.000244344003155242,6.901395873902783e-06,0.006714802342640871,6.733386777005009e-05,0.00042623345016732387,1.0097616732464462e-05,1.3392926598411647,0.037787500231318036
200,5,-4,5.520911949125795,-1.9124999999999999,твег UO₂-Gd₂O₃,1,tsentralna,tvz_z_12_tveh,5.520911949125795,-1.9124999999999999,972,16438.47529794854,328.64081080042956,8.469772184713016e-05,1.6974561812763615e-06,0.005952127661989746,5.721730781349266e-05,0.0011134842802715274,2.7575275361558184e-05,0.4652390135319071,0.009305599960059485
201,7,-5,7.729276728776114,-1.9124999999999999,звичайний твел UO₂,1,tsentralna,tvz_z_12_tveh,7.729276728776114,-1.9124999999999999,977,42155.59472201361,1074.8959373839068,0.00021762484077720752,5.557636024105906e-06,0.006476384876291003,5.688046640666322e-05,0.00038829811761264334,9.105393648904824e-06,1.1930806810147434,0.03043049980056093
202,9,-6,9.937641508426431,-1.9124999999999999,звичайний твел UO₂,1,tsentralna,tvz_z_12_tveh,9.937641508426431,-1.9124999999999999,982,47120.58704093403,1154.2392897575269,0.0002433036702433905,5.967165981988411e-06,0.00638387262631379,6.788889894843789e-05,0.0004187087958798207,9.755413411259826e-06,1.33359907379636,0.032677529491832495
203,-10,3,-11.04182389825159,-2.55,звичайний твел UO₂,1,tsentralna,tvz_z_12_tveh,-11.04182389825159,-2.55,987,44968.47166362798,1194.8197816405273,0.00023218886169839708,6.1769263259990345e-06,0.006315926340965719,6.631678918624011e-05,0.00040729819461480805,9.676228661192569e-06,1.2726902597490093,0.03382477733250192
204,-8,2,-8.833459118601272,-2.55,звичайний твел UO₂,1,tsentralna,tvz_z_12_tveh,-8.833459118601272,-2.55,992,42450.2300581241,1182.1464832347717,0.00021915575904572635,6.11142164079474e-06,0.00638987375476787,6.350418555200908e-05,0.00038491866532883683,1.0036410298509384e-05,1.2014194016466255,0.033465187648374396
205,-6,1,-6.625094338950954,-2.55,звичайний твел UO₂,1,tsentralna,tvz_z_12_tveh,-6.625094338950954,-2.55,997,47363.95646215534,1131.6848750055647,0.0002445592540942159,5.85174760890999e-06,0.006541411285485712,6.45194639412917e-05,0.0004284375258235748,1.058211103748945e-05,1.3404868749701686,0.03203951641639548
206,-4,0,-4.416729559300636,-2.55,звичайний твел UO₂,1,tsentralna,tvz_z_12_tveh,-4.416729559300636,-2.55,1002,41911.51941275199,1127.7003821015135,0.0002163567536992334,5.830387838496229e-06,0.006600869197100091,5.835097761755253e-05,0.0003999947430929366,9.83258044193862e-06,1.1861729019141756,0.031924443720896284
207,-2,-1,-2.208364779650318,-2.55,звичайний твел UO₂,1,tsentralna,tvz_z_12_tveh,-2.208364779650318,-2.55,1007,46381.43096870162,1152.8257524833095,0.00023947049193388158,5.960433207885214e-06,0.006659624756082675,7.403180612855812e-05,0.0004309341210461888,1.0805044820686627e-05,1.3126796006908195,0.03263721128650358
208,0,-2,0.0,-2.55,звичайний твел UO₂,1,tsentralna,tvz_z_12_tveh,0.0,-2.55,1012,48333.212149657644,1305.4347458167497,0.00024955102812601875,6.7490323820084306e-06,0.006732105714319688,6.710358900183374e-05,0.00043754533120385776,1.1060157128948344e-05,1.367918589392615,0.03695591067421749
210,4,-4,4.416729559300636,-2.55,звичайний твел UO₂,1,tsentralna,tvz_z_12_tveh,4.416729559300636,-2.55,1020,43186.21824825461,1110.113453896164,0.0002229683404233181,5.7395068588068005e-06,0.006489336582203504,6.856313331387235e-05,0.00038615723406375675,8.633966742088256e-06,1.2222492178760045,0.03142736550853089
211,6,-5,6.625094338950954,-2.55,звичайний твел UO₂,1,tsentralna,tvz_z_12_tveh,6.625094338950954,-2.55,1025,42320.85627331981,1100.2117973206844,0.00021849205593297798,5.687449544416952e-06,0.006463858162617561,6.259446328205372e-05,0.00039193902069300943,9.382832411855266e-06,1.1977578861515268,0.031146847546459543
212,8,-6,8.833459118601272,-2.55,звичайний твел UO₂,1,tsentralna,tvz_z_12_tveh,8.833459118601272,-2.55,1030,43717.22189810887,933.4611173983654,0.00022570094303439454,4.826627803797465e-06,0.006496990148483997,7.365414236833748e-05,0.0004045937997893773,9.811316434365027e-06,1.2372775954939013,0.026429773318386654
213,10,-7,11.04182389825159,-2.55,звичайний твел UO₂,1,tsentralna,tvz_z_12_tveh,11.04182389825159,-2.55,1035,45420.98198352288,1128.7123196545244,0.00023452601485431102,5.835139731394616e-06,0.006258520749221332,6.0337393774953896e-05,0.00041685767624857723,9.622156833214823e-06,1.2854971321033561,0.031954549300394076
214,-9,2,-9.937641508426431,-3.1875,звичайний твел UO₂,1,tsentralna,tvz_z_12_tveh,-9.937641508426431,-3.1875,1040,42604.64836568373,1080.2071454516094,0.00021996310519940292,5.584885182337518e-06,0.006397393035832377,7.758631833396199e-05,0.0003941062764556256,1.0605204258949841e-05,1.2057897230893493,0.03058096383069367
215,-7,1,-7.729276728776114,-3.1875,звичайний твел UO₂,1,tsentralna,tvz_z_12_tveh,-7.729276728776114,-3.1875,1045,45697.07691349583,1244.7191007387803,0.00023595354182676838,6.435254124090136e-06,0.006461961350491892,7.663449621211046e-05,0.0004213717259194728,1.0372736613935064e-05,1.2933111252221587,0.03523693948875734
216,-5,0,-5.520911949125795,-3.1875,звичайний твел UO₂,1,tsentralna,tvz_z_12_tveh,-5.520911949125795,-3.1875,1050,41395.64324973059,1031.735660185815,0.00021370161985596826,5.333606685942214e-06,0.006514555952365024,6.277725014581691e-05,0.00039886316276327037,1.042676436757802e-05,1.1715726599307446,0.02920902604885812
217,-3,-1,-3.312547169475477,-3.1875,звичайний твел UO₂,1,tsentralna,tvz_z_12_tveh,-3.312547169475477,-3.1875,1055,40223.99457786997,1008.2563753838375,0.00020765192037944895,5.214241050108401e-06,0.006437061061045138,5.975841805600204e-05,0.0003982470854911894,1.1403868452108777e-05,1.138412852684483,0.028544214388239283
219,1,-3,1.104182389825159,-3.1875,звичайний твел UO₂,1,tsentralna,tvz_z_12_tveh,1.104182389825159,-3.1875,1063,45602.701333011915,1211.7716722472137,0.00023544706423485082,6.264960858838971e-06,0.006638910670547495,5.986673020463388e-05,0.0004230465829211357,1.0905350500260724e-05,1.2906401231267688,0.034304675716911474
220,3,-4,3.312547169475477,-3.1875,звичайний твел UO₂,1,tsentralna,tvz_z_12_tveh,3.312547169475477,-3.1875,1068,46822.735133729504,1202.3640295646119,0.00024176262818380477,6.217393672244714e-06,0.006613580146953806,6.865655559168777e-05,0.00041283964690486737,1.0411310556206452e-05,1.3251693183005004,0.03403900392664205
221,5,-5,5.520911949125795,-3.1875,звичайний твел UO₂,1,tsentralna,tvz_z_12_tveh,5.520911949125795,-3.1875,1073,42953.91094262471,1193.7586842714798,0.00022176080590848962,6.1707993314070015e-06,0.00647258531820175,6.923053370195669e-05,0.00040972079193964204,1.0132542806752873e-05,1.2156744948710674,0.03379394933199269
222,7,-6,7.729276728776114,-3.1875,звичайний твел UO₂,1,tsentralna,tvz_z_12_tveh,7.729276728776114,-3.1875,1078,42855.839620196675,1040.5247890409355,0.00022125292437715708,5.380183950060534e-06,0.006491903653830317,5.988700322937902e-05,0.0003882149529269205,8.908625319028129e-06,1.2128988964974226,0.02945833996005749
223,9,-7,9.937641508426431,-3.1875,звичайний твел UO₂,1,tsentralna,tvz_z_12_tveh,9.937641508426431,-3.1875,1083,44417.940485819825,1220.3651052788487,0.0002293426805887257,6.309782912505391e-06,0.006387949460024666,6.098557258391337e-05,0.00040982115141336345,1.1661919529840425e-05,1.257109217259382,0.03454734582747882
224,-10,2,-11.04182389825159,-3.8249999999999997,звичайний твел UO₂,1,tsentralna,tvz_z_12_tveh,-11.04182389825159,-3.8249999999999997,1088,47073.6381732781,1281.7019101148194,0.00024306590697020097,6.626707774913709e-06,0.0062566279204748785,7.872993499488537e-05,0.0004219823971490543,1.179790207447551e-05,1.3322703346962435,0.036283898879886756
225,-8,1,-8.833459118601272,-3.8249999999999997,звичайний твел UO₂,1,tsentralna,tvz_z_12_tveh,-8.833459118601272,-3.8249999999999997,1093,40478.67410828912,1115.8102984300779,0.00020897485062531694,5.767949494785473e-06,0.0062929061445981035,6.762069006858533e-05,0.0003922261042815787,9.72162350301331e-06,1.1456207507012632,0.03158744847440909
227,-4,-1,-4.416729559300636,-3.8249999999999997,твег UO₂-Gd₂O₃,1,tsentralna,tvz_z_12_tveh,-4.416729559300636,-3.8249999999999997,1101,15776.971673254966,299.2053775538733,8.127957381455165e-05,1.545318528036565e-06,0.005960392723393247,6.586015058426024e-05,0.001012415935832621,2.6186713116632927e-05,0.4465172471744989,0.008472575529113017
228,-2,-2,-2.208364779650318,-3.8249999999999997,звичайний твел UO₂,1,tsentralna,tvz_z_12_tveh,-2.208364779650318,-3.8249999999999997,1106,45493.05111955954,1234.6212211666577,0.00023487117719510472,6.382096901251505e-06,0.006640416752488771,7.146912278740954e-05,0.0004260946095976094,1.1266378327280784e-05,1.2875368208912803,0.03495114364395806
229,0,-3,0.0,-3.8249999999999997,звичайний твел UO₂,1,tsentralna,tvz_z_12_tveh,0.0,-3.8249999999999997,1111,44470.873603812615,1159.8236180304018,0.00022960887481649218,5.996959033129672e-06,0.006599349133051216,6.100104849603176e-05,0.0004188236064437966,1.1059636474824417e-05,1.2586073216244023,0.032834390539716034
230,2,-4,2.208364779650318,-3.8249999999999997,звичайний твел UO₂,1,tsentralna,tvz_z_12_tveh,2.208364779650318,-3.8249999999999997,1116,45965.32737787005,1121.153438119645,0.0002373414088351234,5.796123686484141e-06,0.006603139899929137,6.106250020809189e-05,0.00041787456671150546,8.630838176677188e-06,1.3009031055708784,0.03174092670091059
231,4,-5,4.416729559300636,-3.8249999999999997,звичайний твел UO₂,1,tsentralna,tvz_z_12_tveh,4.416729559300636,-3.8249999999999997,1121,44551.045151517996,1291.5598825841982,0.00023000844496879385,6.677333360435779e-06,0.006743347063019418,6.234211874713487e-05,0.0004150443347152592,1.0985037763437592e-05,1.2608763235294895,0.036561854871405376
233,8,-7,8.833459118601272,-3.8249999999999997,звичайний твел UO₂,1,tsentralna,tvz_z_12_tveh,8.833459118601272,-3.8249999999999997,1129,43072.02300600554,1177.5560820254232,0.0002223641243709202,6.088269903712088e-06,0.006449944873040395,5.992157484839376e-05,0.00039198766516676244,9.481077978514435e-06,1.219017282985995,0.03333554816988556
234,10,-8,11.04182389825159,-3.8249999999999997,звичайний твел UO₂,1,tsentralna,tvz_z_12_tveh,11.04182389825159,-3.8249999999999997,1134,44901.97717177064,1060.1216706832158,0.00023184985555863396,5.481132741762004e-06,0.00618948958558913,6.51165080013793e-05,0.0004067543919958037,9.727316274971872e-06,1.270808343620153,0.030013709730101767
235,-9,1,-9.937641508426431,-4.4624999999999995,звичайний твел UO₂,1,tsentralna,tvz_z_12_tveh,-9.937641508426431,-4.4624999999999995,1139,41410.1378396782,1141.2390728413905,0.0002138031544207618,5.900490375092223e-06,0.006138963855094341,6.234381346547826e-05,0.00038307958406522233,1.0814913245843694e-05,1.1719828834220691,0.03230731460726701
236,-7,0,-7.729276728776114,-4.4624999999999995,звичайний твел UO₂,1,tsentralna,tvz_z_12_tveh,-7.729276728776114,-4.4624999999999995,1144,41341.677925051554,1091.269073162732,0.00021342048661631276,5.6423530718820985e-06,0.0063889657977148125,6.170608948269183e-05,0.00039024299532913775,1.0503593324368668e-05,1.17004534222253,0.030893417070883968
237,-5,-1,-5.520911949125795,-4.4624999999999995,звичайний твел UO₂,1,tsentralna,tvz_z_12_tveh,-5.520911949125795,-4.4624999999999995,1149,40618.38082032655,1113.3577431067479,0.00020969444142925894,5.756109385854999e-06,0.006366886407932847,5.824261030850693e-05,0.0003858266617707774,9.617841223958098e-06,1.149574706996723,0.03151810943171458
238,-3,-2,-3.312547169475477,-4.4624999999999995,звичайний твел UO₂,1,tsentralna,tvz_z_12_tveh,-3.312547169475477,-4.4624999999999995,1154,41313.88675056236,1172.6707772341797,0.00021327392440586993,6.063024608172109e-06,0.006518274549945465,7.549038284810704e-05,0.00038739879256855176,1.0118505332267888e-05,1.1692588009910656,0.03319663414432608
239,-1,-3,-1.104182389825159,-4.4624999999999995,звичайний твел UO₂,1,tsentralna,tvz_z_12_tveh,-1.104182389825159,-4.4624999999999995,1159,47131.32631996683,1191.506322883028,0.00024336484761516651,6.160605396976988e-06,0.006635473675566457,6.451714325310727e-05,0.0004275277075177418,1.0820578026227588e-05,1.3339030150982571,0.03373193309376979
240,1,-4,1.104182389825159,-4.4624999999999995,звичайний твел UO₂,1,tsentralna,tvz_z_12_tveh,1.104182389825159,-4.4624999999999995,1164,40570.37353641976,1083.69217312473,0.00020944093255287607,5.601690143808098e-06,0.006404160204531791,5.5884344365512874e-05,0.0003871532327371111,9.815035854382504e-06,1.148216012774642,0.030678719950723698
241,3,-5,3.312547169475477,-4.4624999999999995,звичайний твел UO₂,1,tsentralna,tvz_z_12_tveh,3.312547169475477,-4.4624999999999995,1169,45509.234847802516,1195.4694523768248,0.0002349769711496086,6.179765099297578e-06,0.006598309125778135,7.171952254705774e-05,0.00041180726560338204,1.0851320119507516e-05,1.2879948500957266,0.03384338130305776
242,5,-6,5.520911949125795,-4.4624999999999995,звичайний твел UO₂,1,tsentralna,tvz_z_12_tveh,5.520911949125795,-4.4624999999999995,1174,45000.148813606036,1073.6609797519038,0.000232340596075342,5.550744365141193e-06,0.006551443357010435,7.402059193899442e-05,0.00041504956413222283,8.816787330267844e-06,1.2735867812171002,0.030396811512454637
243,7,-7,7.729276728776114,-4.4624999999999995,звичайний твел UO₂,1,tsentralna,tvz_z_12_tveh,7.729276728776114,-4.4624999999999995,1179,43129.07581919713,1074.7782627532954,0.00022266798199630712,5.5567507889911e-06,0.006374446795705346,6.893538486521715e-05,0.00040420693272197626,1.06734533390872e-05,1.2206319822842804,0.030427589535365878
244,9,-8,9.937641508426431,-4.4624999999999995,звичайний твел UO₂,1,tsentralna,tvz_z_12_tveh,9.937641508426431,-4.4624999999999995,1184,41240.36951238679,1010.6859738636165,0.0002129171795261545,5.226182328126195e-06,0.006226630116675583,5.5976539023913273e-05,0.0003801858099637726,1.0024129143261961e-05,1.1671781282555194,0.028613400085170448
245,-10,1,-11.04182389825159,-5.1,звичайний твел UO₂,1,tsentralna,tvz_z_12_tveh,-11.04182389825159,-5.1,1189,46823.34871530393,1280.6731803989721,0.00024178238498645313,6.620660875775535e-06,0.006261136230274321,6.592469601815674e-05,0.00042117212609697546,9.863381703256866e-06,1.3251866837849042,0.03625469189564618
246,-8,0,-8.833459118601272,-5.1,твег UO₂-Gd₂O₃,1,tsentralna,tvz_z_12_tveh,-8.833459118601272,-5.1,1194,15721.150460639783,307.79934639877854,8.099978715951986e-05,1.590877476695178e-06,0.005651570640570814,6.194175855126692e-05,0.0010690676788987009,2.988962451947788e-05,0.4449374044323631,0.008715643646622907
247,-6,-1,-6.625094338950954,-5.1,звичайний твел UO₂,1,tsentralna,tvz_z_12_tveh,-6.625094338950954,-5.1,1199,43305.089194720415,1131.0992634129996,0.0002235670809615966,5.84927519595924e-06,0.00646878072566571,6.22317299381047e-05,0.00040340054703300775,9.910339898848493e-06,1.225613483774695,0.03202118262840138
248,-4,-2,-4.416729559300636,-5.1,звичайний твел UO₂,1,tsentralna,tvz_z_12_tveh,-4.416729559300636,-5.1,1204,40672.07499685644,936.0972663069213,0.0002099750036808458,4.838833415795496e-06,0.006321490489350531,6.602443072003069e-05,0.00037347829658806574,7.317671014622303e-06,1.1510943507147928,0.02650286040423046
249,-2,-3,-2.208364779650318,-5.1,звичайний твел UO₂,1,tsentralna,tvz_z_12_tveh,-2.208364779650318,-5.1,1209,44529.268552566595,1054.4341389518747,0.0002298963380988843,5.450543516305568e-06,0.0066455529994646585,8.008008012071539e-05,0.0004152261163637388,9.94849340542745e-06,1.2602600058217583,0.029852626276218208
250,0,-4,0.0,-5.1,звичайний твел UO₂,1,tsentralna,tvz_z_12_tveh,0.0,-5.1,1214,41866.06563561022,1030.7271520536922,0.00021615649948843323,5.329923804164869e-06,0.006389588087556253,5.7976587709167636e-05,0.00038593302279212326,9.767518118009486e-06,1.1848864766189187,0.029180698433574195
251,2,-5,2.208364779650318,-5.1,звичайний твел UO₂,1,tsentralna,tvz_z_12_tveh,2.208364779650318,-5.1,1219,41795.82729799417,993.8318283212237,0.00021578068741882208,5.13787884881849e-06,0.006441938176086496,5.446664515893802e-05,0.0003889455287318655,8.199432853016497e-06,1.18289860278559,0.028136803487973917
252,4,-6,4.416729559300636,-5.1,звичайний твел UO₂,1,tsentralna,tvz_z_12_tveh,4.416729559300636,-5.1,1224,45836.23958915219,1207.5901114989547,0.00023666550355126294,6.242723750602458e-06,0.006483774853322129,6.95210226395125e-05,0.000418817061271864,1.1470588253539911e-05,1.2972496842897936,0.03418645807620323
253,6,-7,6.625094338950954,-5.1,звичайний твел UO₂,1,tsentralna,tvz_z_12_tveh,6.625094338950954,-5.1,1229,45034.00511801419,1162.5270914886337,0.00023251298637685404,6.011161137298021e-06,0.006468204916548569,6.075137270895769e-05,0.00041917868617847204,1.0542247343003521e-05,1.2745449767540458,0.03291111755239874
254,8,-8,8.833459118601272,-5.1,твег UO₂-Gd₂O₃,1,tsentralna,tvz_z_12_tveh,8.833459118601272,-5.1,1234,15556.42545097549,298.48664037444263,8.014535699303302e-05,1.5421138194160455e-06,0.0056877865523478465,5.332739019063233e-05,0.0010549851402173465,2.9161531508235005e-05,0.4402753844085344,0.008452119213953033
255,10,-9,11.04182389825159,-5.1,звичайний твел UO₂,1,tsentralna,tvz_z_12_tveh,11.04182389825159,-5.1,1239,46607.869280390936,1312.5851114036693,0.00024067628288434415,6.78657915972839e-06,0.006194449961122733,5.60163681729611e-05,0.00041823945059758967,1.0815499971220728e-05,1.319088220398349,0.037157549034500484
256,-9,0,-9.937641508426431,-5.7375,звичайний твел UO₂,1,tsentralna,tvz_z_12_tveh,-9.937641508426431,-5.7375,1244,39629.44662326344,1053.485190277633,0.00020457649204387227,5.4445737276599924e-06,0.006195677252133684,6.657274656422911e-05,0.0003709050458856545,9.086864901915211e-06,1.1215860546460374,0.029823654500768737
257,-7,-1,-7.729276728776114,-5.7375,звичайний твел UO₂,1,tsentralna,tvz_z_12_tveh,-7.729276728776114,-5.7375,1249,40624.80939079002,1199.2432389449614,0.00020974161962286815,6.200737832872374e-06,0.006192715841043805,6.909925720698283e-05,0.000379476752150762,1.1011868703510097e-05,1.1497566473364829,0.03394825307861042
258,-5,-2,-5.520911949125795,-5.7375,звичайний твел UO₂,1,tsentralna,tvz_z_12_tveh,-5.520911949125795,-5.7375,1254,42126.62982977994,1042.6821246639654,0.00021748977859672232,5.391187839771629e-06,0.006398653567290656,5.6442383462911475e-05,0.0003857982135932239,8.574571516236937e-06,1.1922609214174813,0.029519054207990118
259,-3,-3,-3.312547169475477,-5.7375,звичайний твел UO₂,1,tsentralna,tvz_z_12_tveh,-3.312547169475477,-5.7375,1259,46114.683688034085,1106.0660484766624,0.00023811242603659325,5.718752245445561e-06,0.006574595620068355,5.62181868588332e-05,0.0004203863691921561,9.103591662431382e-06,1.305130163199158,0.03131413281758247
260,-1,-4,-1.104182389825159,-5.7375,звичайний твел UO₂,1,tsentralna,tvz_z_12_tveh,-1.104182389825159,-5.7375,1264,44035.291278246754,1056.988545021935,0.00022735374501820353,5.465225759249695e-06,0.006547818564892017,6.418794188504655e-05,0.0003977179112300037,8.597031495551378e-06,1.246279542570375,0.029924671414327888
261,1,-5,1.104182389825159,-5.7375,твег UO₂-Gd₂O₃,1,tsentralna,tvz_z_12_tveh,1.104182389825159,-5.7375,1269,15366.912994976574,275.9182239231319,7.916677325423697e-05,1.4250911955879087e-06,0.005818844042765915,5.0709420649203355e-05,0.0010394726914380098,2.7608644140505946e-05,0.43491183417149093,0.007813636051412647
262,3,-6,3.312547169475477,-5.7375,звичайний твел UO₂,1,tsentralna,tvz_z_12_tveh,3.312547169475477,-5.7375,1274,43710.82598066019,1055.5548750801481,0.00022567339701732396,5.4570794057675994e-06,0.006451144012560844,6.614709127044026e-05,0.00041252404431465735,9.606981890343474e-06,1.237096579294374,0.02988396308880378
263,5,-7,5.520911949125795,-5.7375,звичайний твел UO₂,1,tsentralna,tvz_z_12_tveh,5.520911949125795,-5.7375,1279,45478.19933047224,1116.1181058254188,0.00023481665536761052,5.770230033958709e-06,0.006481763813654244,7.02496059934208e-05,0.0004167972999291872,9.204054274867202e-06,1.2871164880088857,0.031598247122599545
264,7,-8,7.729276728776114,-5.7375,звичайний твел UO₂,1,tsentralna,tvz_z_12_tveh,7.729276728776114,-5.7375,1284,42862.1484774908,1263.4347111954567,0.00022129306781383404,6.532382610917289e-06,0.006367427060353513,5.944005413296094e-05,0.000396256415663571,1.0113938703753832e-05,1.213077448734831,0.03576541243170035
265,9,-9,9.937641508426431,-5.7375,звичайний твел UO₂,1,tsentralna,tvz_z_12_tveh,9.937641508426431,-5.7375,1289,42170.54743504221,1177.6620096319064,0.00021772840891575232,6.087185082155267e-06,0.006145285632174329,5.7983152012038025e-05,0.0003916250213737299,9.942361372158257e-06,1.19350387022986,0.033338191257360164
266,-10,0,-11.04182389825159,-6.375,звичайний твел UO₂,1,tsentralna,tvz_z_12_tveh,-11.04182389825159,-6.375,1294,44460.51148974214,1082.6935448511847,0.00022957698972226253,5.598561646776984e-06,0.006114391980153928,5.795480047672842e-05,0.00040948380094205436,1.0271250462099247e-05,1.2583140547829905,0.03065212236726724
267,-8,-1,-8.833459118601272,-6.375,звичайний твел UO₂,1,tsentralna,tvz_z_12_tveh,-8.833459118601272,-6.375,1299,39848.6793221165,1013.8367966827242,0.00020572629583459707,5.241685443753308e-06,0.006139770843283722,6.911299259953453e-05,0.00037351464569417557,8.6209279419131e-06,1.127790742288879,0.028701941781015382
268,-6,-2,-6.625094338950954,-6.375,звичайний твел UO₂,1,tsentralna,tvz_z_12_tveh,-6.625094338950954,-6.375,1304,42521.920680858166,1149.9403623571811,0.0002195407980049181,5.944685334688527e-06,0.006386713348137542,6.114369265731424e-05,0.00039376410185968074,9.679964006807579e-06,1.2034483778135603,0.03255395572205758
269,-4,-3,-4.416729559300636,-6.375,звичайний твел UO₂,1,tsentralna,tvz_z_12_tveh,-4.416729559300636,-6.375,1309,45753.16536633866,1072.2662536948867,0.00023623217306662203,5.544374305174385e-06,0.006516256952889426,5.547761682374997e-05,0.00042083391002530025,9.191486419161313e-06,1.2948985313530903,0.03035769733305307
270,-2,-4,-2.208364779650318,-6.375,звичайний твел UO₂,1,tsentralna,tvz_z_12_tveh,-2.208364779650318,-6.375,1314,46855.98055932664,1163.316620104582,0.0002419406015189664,6.0139948987220535e-06,0.006577201373584886,5.68676362244491e-05,0.00043520617146372017,9.211833904808276e-06,1.3261102248462062,0.03293423717203344
271,0,-5,0.0,-6.375,звичайний твел UO₂,1,tsentralna,tvz_z_12_tveh,0.0,-6.375,1319,43095.671681919805,1058.9231158663551,0.0002225084739180583,5.475546891343051e-06,0.0064144363072739805,5.674127701388187e-05,0.0004016038818278218,1.0332588041125693e-05,1.2196865839068087,0.02997898561726363
272,2,-6,2.208364779650318,-6.375,звичайний твел UO₂,1,tsentralna,tvz_z_12_tveh,2.208364779650318,-6.375,1324,40673.150327231175,1116.4922823240904,0.00020998071897488556,5.772183085247739e-06,0.006230062734473406,6.377599758782508e-05,0.0003730475671614073,1.037710707028766e-05,1.1511247845374981,0.031606821709423506
274,6,-8,6.625094338950954,-6.375,звичайний твел UO₂,1,tsentralna,tvz_z_12_tveh,6.625094338950954,-6.375,1332,45346.35561061972,1123.3948588909097,0.00023412519583764752,5.80752898215429e-06,0.006497589054961769,6.979454552977254e-05,0.0004130659738539983,9.271346867934376e-06,1.283385068819892,0.03180406962460786
275,8,-9,8.833459118601272,-6.375,звичайний твел UO₂,1,tsentralna,tvz_z_12_tveh,8.833459118601272,-6.375,1337,40559.593735856375,1046.1838674101316,0.0002093967203631469,5.409248520630534e-06,0.00616148719537671,6.245361235584646e-05,0.00037548036038396104,9.069822123658663e-06,1.1479109246390773,0.029617456988355266
276,10,-10,11.04182389825159,-6.375,звичайний твел UO₂,1,tsentralna,tvz_z_12_tveh,11.04182389825159,-6.375,1342,45706.809925028254,1126.8574691561785,0.00023599081877387587,5.825504064564658e-06,0.006250646404359742,6.887407426956565e-05,0.000407086709009371,9.637329420314385e-06,1.293586587307417,0.03190219537534396
277,-9,-1,-9.937641508426431,-7.012499999999999,звичайний твел UO₂,1,tsentralna,tvz_z_12_tveh,-9.937641508426431,-7.012499999999999,1347,43337.69404420694,1154.0191719346096,0.00022376979990624925,5.9663199158940995e-06,0.006092213849202873,6.569569650339215e-05,0.000399045767493217,9.244855961281629e-06,1.226536260841091,0.03266969271750548
278,-7,-2,-7.729276728776114,-7.012499999999999,звичайний твел UO₂,1,tsentralna,tvz_z_12_tveh,-7.729276728776114,-7.012499999999999,1352,44261.2910139406,1152.7121172263605,0.00022853720814922467,5.959622113347494e-06,0.0063163619845729,6.206526710324112e-05,0.0004028171944059239,9.052090722505545e-06,1.252675749772499,0.03263309154983356
279,-5,-3,-5.520911949125795,-7.012499999999999,звичайний твел UO₂,1,tsentralna,tvz_z_12_tveh,-5.520911949125795,-7.012499999999999,1357,45076.4556221398,1200.3102666748061,0.00023273729408425194,6.204980536982174e-06,0.006503505494579954,5.988118294985527e-05,0.00041050727729228457,9.02192640341506e-06,1.2757464039123052,0.03398017008789582
281,-1,-5,-1.104182389825159,-7.012499999999999,звичайний твел UO₂,1,tsentralna,tvz_z_12_tveh,-1.104182389825159,-7.012499999999999,1365,44446.24391064283,1018.6465229470541,0.00022949547316728156,5.266877482139394e-06,0.006467194540236271,6.727116315663813e-05,0.0004160542456571632,9.190193551128719e-06,1.2579102561152102,0.028840090140734447
282,1,-6,1.104182389825159,-7.012499999999999,звичайний твел UO₂,1,tsentralna,tvz_z_12_tveh,1.104182389825159,-7.012499999999999,1370,41631.05729713995,1194.200389740563,0.0002149208667066588,6.174655325377869e-06,0.006448950465175028,6.838907582200178e-05,0.0003925248679509418,1.0330185589023676e-05,1.1782353094285332,0.03380593884715592
283,3,-7,3.312547169475477,-7.012499999999999,звичайний твел UO₂,1,tsentralna,tvz_z_12_tveh,3.312547169475477,-7.012499999999999,1375,43948.97327180373,1079.5705928935547,0.0002269110494542608,5.582053731751198e-06,0.006337484774602341,6.696552074994991e-05,0.0003947013224057622,8.472964980498677e-06,1.243836584605009,0.030563538440303444
284,5,-8,5.520911949125795,-7.012499999999999,звичайний твел UO₂,1,tsentralna,tvz_z_12_tveh,5.520911949125795,-7.012499999999999,1380,46021.16204698212,1190.4441976268645,0.0002376109241408387,6.154722839107901e-06,0.006466366885953463,6.615490834578809e-05,0.0004315860865725169,1.0538940042607786e-05,1.3024833291565672,0.0337014106381531
285,7,-9,7.729276728776114,-7.012499999999999,звичайний твел UO₂,1,tsentralna,tvz_z_12_tveh,7.729276728776114,-7.012499999999999,1385,41919.88811435381,1055.1260535895317,0.0002164141189011974,5.454934446539862e-06,0.006312794918707878,5.902532062773392e-05,0.0003953604175132021,1.1190187401413928e-05,1.1864097515250551,0.02987104196527984
286,9,-10,9.937641508426431,-7.012499999999999,звичайний твел UO₂,1,tsentralna,tvz_z_12_tveh,9.937641508426431,-7.012499999999999,1390,44681.37537063337,1204.4255185338243,0.00023069940662316977,6.228322315643107e-06,0.006163589067733556,6.558199072302901e-05,0.0004086130648961448,1.0237861230224055e-05,1.2645649078705326,0.03409644811502603
287,-8,-2,-8.833459118601272,-7.6499999999999995,звичайний твел UO₂,1,tsentralna,tvz_z_12_tveh,-8.833459118601272,-7.6499999999999995,1395,43165.6182093831,1058.0832139676627,0.0002228727414941695,5.469763655034893e-06,0.00609133173352646,6.045483086940019e-05,0.0003962234321495281,1.0623129444123985e-05,1.2216661989773785,0.02995525334824869
288,-6,-3,-6.625094338950954,-7.6499999999999995,звичайний твел UO₂,1,tsentralna,tvz_z_12_tveh,-6.625094338950954,-7.6499999999999995,1400,42786.50725582848,1432.3106618162146,0.00022090084998918532,7.403668000695997e-06,0.006402028919171725,7.626805372611441e-05,0.0003984255557698866,1.1468173156351654e-05,1.2109366633693588,0.04054395683867869
289,-4,-4,-4.416729559300636,-7.6499999999999995,звичайний твел UO₂,1,tsentralna,tvz_z_12_tveh,-4.416729559300636,-7.6499999999999995,1405,46789.27196965727,1060.8963171255748,0.00024159836069575594,5.485511986301008e-06,0.0064987531898883415,6.464110855093528e-05,0.0004261853991643525,8.870794841335995e-06,1.324222249356426,0.030036511168812775
290,-2,-5,-2.208364779650318,-7.6499999999999995,звичайний твел UO₂,1,tsentralna,tvz_z_12_tveh,-2.208364779650318,-7.6499999999999995,1410,46430.09169968144,1190.7289544958492,0.00023974216998785732,6.156720174718988e-06,0.006529882301512868,7.084893933753572e-05,0.0004364154065162988,1.0494515312996282e-05,1.3140567886640628,0.03370963975962255
292,2,-7,2.208364779650318,-7.6499999999999995,звичайний твел UO₂,1,tsentralna,tvz_z_12_tveh,2.208364779650318,-7.6499999999999995,1418,42775.7887920293,1003.0755538462469,0.00022083651562844622,5.1877249807857026e-06,0.006416993246433047,5.821292828918501e-05,0.0003952475366223877,1.0021838217871402e-05,1.2106333111767662,0.028398778319348266
293,4,-8,4.416729559300636,-7.6499999999999995,звичайний твел UO₂,1,tsentralna,tvz_z_12_tveh,4.416729559300636,-7.6499999999999995,1423,44864.876373113075,1137.6110725863173,0.00023164393381580804,5.882124027937796e-06,0.006370840858641326,6.710464340687745e-05,0.00041497847082538403,1.0569262049865853e-05,1.2697583229426972,0.03220608327783869
294,6,-9,6.625094338950954,-7.6499999999999995,звичайний твел UO₂,1,tsentralna,tvz_z_12_tveh,6.625094338950954,-7.6499999999999995,1428,45157.887284486314,1075.8491206379897,0.00023315393897568314,5.563728858708226e-06,0.006433765593112317,6.700608907773808e-05,0.0004127002006975537,8.954773059128804e-06,1.2780510693738936,0.030458790829261374
295,8,-10,8.833459118601272,-7.6499999999999995,звичайний твел UO₂,1,tsentralna,tvz_z_12_tveh,8.833459118601272,-7.6499999999999995,1433,46760.23015704339,1274.413161701857,0.00024144632183684012,6.588235979369636e-06,0.006305883238746456,6.860149532538894e-05,0.000419581877645598,9.261728153042792e-06,1.3234003127712644,0.036077542354913165
296,-7,-3,-7.729276728776114,-8.2875,звичайний твел UO₂,1,tsentralna,tvz_z_12_tveh,-7.729276728776114,-8.2875,1438,42819.64741774169,1185.4159068931144,0.00022109895270918731,6.129647769969642e-06,0.006109000206912396,6.274094748531927e-05,0.00038150327921381905,9.270138104902644e-06,1.211874590759663,0.03355783972544758
297,-5,-4,-5.520911949125795,-8.2875,звичайний твел UO₂,1,tsentralna,tvz_z_12_tveh,-5.520911949125795,-8.2875,1443,43847.943004428445,1214.6947832733872,0.00022638532263562073,6.280387818241998e-06,0.006433534006647854,5.9578011861180486e-05,0.00039961473206412217,1.034014338545559e-05,1.2409772426600534,0.03438668149755653
298,-3,-5,-3.312547169475477,-8.2875,звичайний твел UO₂,1,tsentralna,tvz_z_12_tveh,-3.312547169475477,-8.2875,1448,45610.04344967505,1053.118799430643,0.00023550692276370593,5.4439920482710555e-06,0.006431018835224299,6.069934294984792e-05,0.00041306002292587716,9.180025144533755e-06,1.2908479185002253,0.0298159144361601
299,-1,-6,-1.104182389825159,-8.2875,звичайний твел UO₂,1,tsentralna,tvz_z_12_tveh,-1.104182389825159,-8.2875,1453,45503.20878937621,1227.8820589293844,0.0002349588896589818,6.348581495947891e-06,0.006420771514487915,6.318562051716338e-05,0.0004156444800100838,1.0331244000897046e-05,1.287824301585179,0.034760466991119746
300,1,-7,1.104182389825159,-8.2875,звичайний твел UO₂,1,tsentralna,tvz_z_12_tveh,1.104182389825159,-8.2875,1458,40257.479528640906,939.8130738612128,0.0002078283116271848,4.860128517261481e-06,0.006249696051458581,6.496864849100663e-05,0.00038290334345217477,1.0733367472550246e-05,1.1393605382321068,0.02660779295540062
301,3,-8,3.312547169475477,-8.2875,звичайний твел UO₂,1,tsentralna,tvz_z_12_tveh,3.312547169475477,-8.2875,1463,45339.758726664106,1203.239936084558,0.0002341045431397641,6.221960634168242e-06,0.0064058265214485596,6.222472589801377e-05,0.00041286067042530953,9.16520891944753e-06,1.2831983648994696,0.034063170110294305
302,5,-9,5.520911949125795,-8.2875,звичайний твел UO₂,1,tsentralna,tvz_z_12_tveh,5.520911949125795,-8.2875,1468,43826.61478480915,1081.9745706908664,0.00022627167112540834,5.5941629497288015e-06,0.006462194461652649,6.563184178495775e-05,0.0003930482037032305,1.0456047579586676e-05,1.240373614910142,0.030631499993781945
303,7,-10,7.729276728776114,-8.2875,звичайний твел UO₂,1,tsentralna,tvz_z_12_tveh,7.729276728776114,-8.2875,1473,47380.54632506612,1469.5660994538348,0.000244644341387529,7.59667044931119e-06,0.00643616199093953,6.686733960986121e-05,0.00043578122388881633,1.192089782699543e-05,1.3409563985309214,0.041599707952156215
304,-6,-4,-6.625094338950954,-8.924999999999999,звичайний твел UO₂,1,tsentralna,tvz_z_12_tveh,-6.625094338950954,-8.924999999999999,1478,44662.74889018596,1258.0811368549355,0.00023062394138908087,6.50440303228668e-06,0.006160386000797833,6.52914735084372e-05,0.00041596026908673986,1.1527367510842315e-05,1.264037744296548,0.03561460981474961
305,-4,-5,-4.416729559300636,-8.924999999999999,звичайний твел UO₂,1,tsentralna,tvz_z_12_tveh,-4.416729559300636,-8.924999999999999,1483,45571.99023601779,1274.749452603747,0.00023530969541143165,6.591716469096609e-06,0.006402558080333596,5.8452598961583885e-05,0.0004141182110650628,1.0424310038818461e-05,1.2897709427307125,0.03608659050728697
306,-2,-6,-2.208364779650318,-8.924999999999999,звичайний твел UO₂,1,tsentralna,tvz_z_12_tveh,-2.208364779650318,-8.924999999999999,1488,45320.26839982219,1290.7208845873927,0.000233996379179595,6.672896583529786e-06,0.006424643814264997,6.630177189187647e-05,0.0004163091217178284,1.2199640922648209e-05,1.2826467528874674,0.036538405760080446
307,0,-7,0.0,-8.924999999999999,звичайний твел UO₂,1,tsentralna,tvz_z_12_tveh,0.0,-8.924999999999999,1493,41987.8890945966,964.737450301024,0.00021678230497233867,4.987631468541312e-06,0.006226875690703098,6.586758936410893e-05,0.00038978179937751667,9.700362480141164e-06,1.1883343040394423,0.027313757288161673
308,2,-8,2.208364779650318,-8.924999999999999,звичайний твел UO₂,1,tsentralna,tvz_z_12_tveh,2.208364779650318,-8.924999999999999,1498,41204.1489723426,1001.3835777769988,0.00021271630805499368,5.175741731944365e-06,0.006319336217437095,6.480688164194568e-05,0.00038338601289824263,9.339399561977417e-06,1.1661530205119894,0.028350193835750586
309,4,-9,4.416729559300636,-8.924999999999999,звичайний твел UO₂,1,tsentralna,tvz_z_12_tveh,4.416729559300636,-8.924999999999999,1503,43145.36046870749,1137.4599120289822,0.00022275731454560828,5.880480162511574e-06,0.006284742684977445,6.300513352279214e-05,0.0003917972988458751,9.063644704121699e-06,1.221092867745772,0.03220108447661439
310,6,-10,6.625094338950954,-8.924999999999999,звичайний твел UO₂,1,tsentralna,tvz_z_12_tveh,6.625094338950954,-8.924999999999999,1508,44626.779370635435,1186.0558293592144,0.00023041953184967703,6.131597178728574e-06,0.006203007416027056,6.073594399867585e-05,0.00041722708338550406,1.1293458996159689e-05,1.2630197408935808,0.0335766691895717
311,-5,-5,-5.520911949125795,-9.5625,звичайний твел UO₂,1,tsentralna,tvz_z_12_tveh,-5.520911949125795,-9.5625,1513,47129.843271923004,1062.788032632985,0.00024335374454842224,5.4939750423205e-06,0.006443699325356701,6.368552350856943e-05,0.00042021940641860656,1.0035712751868867e-05,1.3338610421174044,0.030090193562318703
312,-3,-6,-3.312547169475477,-9.5625,звичайний твел UO₂,1,tsentralna,tvz_z_12_tveh,-3.312547169475477,-9.5625,1518,43875.48593208326,1091.5367549843675,0.00022651991683178397,5.643429770957759e-06,0.006450376202292292,6.595597456261171e-05,0.0003976649771913211,9.218863705884268e-06,1.2417567580506021,0.030902064288138777
313,-1,-7,-1.104182389825159,-9.5625,звичайний твел UO₂,1,tsentralna,tvz_z_12_tveh,-1.104182389825159,-9.5625,1523,42252.62367515619,1141.1675032329083,0.00021813916518453386,5.900111531403751e-06,0.006294836187913615,6.649834013605947e-05,0.0003934340872806932,1.0950375937925574e-05,1.1958267784249894,0.032305624737624536
314,1,-8,1.104182389825159,-9.5625,звичайний твел UO₂,1,tsentralna,tvz_z_12_tveh,1.104182389825159,-9.5625,1528,39143.52963320423,1071.4305960232414,0.00020207952135558563,5.537338003424072e-06,0.006179364382804662,6.801830691281298e-05,0.00036615131824909136,9.220797277731012e-06,1.10783371222887,0.030331213074363657
315,3,-9,3.312547169475477,-9.5625,звичайний твел UO₂,1,tsentralna,tvz_z_12_tveh,3.312547169475477,-9.5625,1533,42037.56163194646,1213.5796443521524,0.00021702970335600052,6.273022257149073e-06,0.00628272409695873,6.096569843822351e-05,0.00039434876194726184,1.0180657919910854e-05,1.1897401279894995,0.03435443364808314
316,5,-10,5.520911949125795,-9.5625,звичайний твел UO₂,1,tsentralna,tvz_z_12_tveh,5.520911949125795,-9.5625,1538,44196.08438827308,1279.5362803451255,0.00022819677846674686,6.616371169290115e-06,0.00633541978577493,6.731301170999223e-05,0.0003988979241458683,1.0207719010410229e-05,1.250830282619892,0.03622150961863037
317,-4,-6,-4.416729559300636,-10.2,звичайний твел UO₂,1,tsentralna,tvz_z_12_tveh,-4.416729559300636,-10.2,1543,45665.02746497476,1168.8988522245013,0.0002357926218824339,6.044146634057716e-06,0.006260399785528629,6.572385979292693e-05,0.0004094577411885774,1.0490197423120323e-05,1.292404067022178,0.03309166416897571
318,-2,-7,-2.208364779650318,-10.2,звичайний твел UO₂,1,tsentralna,tvz_z_12_tveh,-2.208364779650318,-10.2,1548,42108.066276319325,1186.586935963472,0.0002173898737659141,6.134234221638135e-06,0.006243616792013176,7.009273344572727e-05,0.0003794649954752357,9.609725983281672e-06,1.1917355387926865,0.033590697338925876
319,0,-8,0.0,-10.2,твег UO₂-Gd₂O₃,1,tsentralna,tvz_z_12_tveh,0.0,-10.2,1553,15302.256966541376,311.1735058273496,7.884272558802752e-05,1.6079274530787216e-06,0.005551766073856374,6.428965620522112e-05,0.0010210238974788105,3.0137214417228143e-05,0.43308194993083776,0.008810864747553993
320,2,-9,2.208364779650318,-10.2,звичайний твел UO₂,1,tsentralna,tvz_z_12_tveh,2.208364779650318,-10.2,1558,43716.00859996792,1231.1626237991284,0.00022571957784347068,6.364870546609721e-06,0.006386800588224432,7.044392050039362e-05,0.0004059520768761354,1.020680500917988e-05,1.237243256930258,0.03485258580560084
321,4,-10,4.416729559300636,-10.2,звичайний твел UO₂,1,tsentralna,tvz_z_12_tveh,4.416729559300636,-10.2,1563,45498.00901465639,1009.601870880052,0.00023492729329187308,5.220350065792394e-06,0.0062632239371123635,6.952080176696337e-05,0.0004136308120682989,9.222749252246848e-06,1.2876771384196546,0.028584712545031872
322,-3,-7,-3.312547169475477,-10.837499999999999,звичайний твел UO₂,1,tsentralna,tvz_z_12_tveh,-3.312547169475477,-10.837499999999999,1568,45246.07374357512,1107.9982761639474,0.00023361392410266248,5.727718087713978e-06,0.00626714859872883,6.408647673997047e-05,0.0004142245800213001,1.1038594707914098e-05,1.280546907977518,0.031368411586970416
323,-1,-8,-1.104182389825159,-10.837499999999999,звичайний твел UO₂,1,tsentralna,tvz_z_12_tveh,-1.104182389825159,-10.837499999999999,1573,40584.67423775504,1035.0863437674618,0.0002095308387844557,5.35133918788085e-06,0.0061782196417891275,7.367603072872652e-05,0.0003802717066969292,9.193493464243639e-06,1.1486207488624756,0.02930347884397821
324,1,-9,1.104182389825159,-10.837499999999999,звичайний твел UO₂,1,tsentralna,tvz_z_12_tveh,1.104182389825159,-10.837499999999999,1578,38778.40439521968,1081.07114634766,0.0002001984784323601,5.589205059663975e-06,0.006121189956748134,6.18431197545616e-05,0.0003584828333594639,9.52097039250224e-06,1.0974999980335678,0.030603846329370236
325,3,-10,3.312547169475477,-10.837499999999999,звичайний твел UO₂,1,tsentralna,tvz_z_12_tveh,3.312547169475477,-10.837499999999999,1583,45248.15658516377,1073.5769882185675,0.0002336317236829124,5.5514264534963054e-06,0.00629412544246832,7.005959737470629e-05,0.00041764523817801796,9.01582549227725e-06,1.2806058562162375,0.03039454832281451
326,-2,-8,-2.208364779650318,-11.475,звичайний твел UO₂,1,tsentralna,tvz_z_12_tveh,-2.208364779650318,-11.475,1588,46151.394639948034,1145.7391652442448,0.0002383125217358071,5.923172235022542e-06,0.0062007947962103675,7.442516102328521e-05,0.00041810519965242957,9.636868039366281e-06,1.3061691504984483,0.032436609673596524
327,0,-9,0.0,-11.475,звичайний твел UO₂,1,tsentralna,tvz_z_12_tveh,0.0,-11.475,1593,39135.817368865304,1200.7058713618815,0.000202049417592993,6.206969591325503e-06,0.006115311421900517,6.765659259987361e-05,0.00036929368576856095,1.030458863171226e-05,1.1076154409970127,0.03398910239823488
328,2,-10,2.208364779650318,-11.475,звичайний твел UO₂,1,tsentralna,tvz_z_12_tveh,2.208364779650318,-11.475,1598,43701.2967697418,1029.1557833770257,0.0002256485699697478,5.3209047919373236e-06,0.006197843103014744,5.2833674432069105e-05,0.0004017244294325479,9.346083419656672e-06,1.236826885140442,0.029137067856556943
329,-1,-9,-1.104182389825159,-12.112499999999999,звичайний твел UO₂,1,tsentralna,tvz_z_12_tveh,-1.104182389825159,-12.112499999999999,1603,43254.30914955628,1246.8526035776615,0.00022333812684266661,6.445250220961411e-06,0.006069808621040147,6.415222029979419e-05,0.00039928663912042455,1.0157016924433036e-05,1.224176315321352,0.03529636027472681
330,1,-10,1.104182389825159,-12.112499999999999,звичайний твел UO₂,1,tsentralna,tvz_z_12_tveh,1.104182389825159,-12.112499999999999,1608,42964.560530624236,1308.5097551231663,0.0002218409832101903,6.7633587505962654e-06,0.006065817093980186,6.668341630384005e-05,0.0003912882437284129,1.2070917125335524e-05,1.2159758977521509,0.037040883536833664
331,0,-10,0.0,-12.75,звичайний твел UO₂,1,tsentralna,tvz_z_12_tveh,0.0,-12.75,1613,44643.88906306078,1144.3580572443727,0.00023052857050177,5.916422119379636e-06,0.0060670992545591475,6.16938246281725e-05,0.00039791167050956603,9.653101169211533e-06,1.2635039765834197,0.03239688493081784
1,0,10,23.6,12.75,звичайний твел UO₂,2,skhidna,tvz_z_12_tveh,0.0,12.75,1620,42570.019161290926,1325.0642212483638,0.00021989523809472932,6.850101364810277e-06,0.004085986432654529,5.5246122653932705e-05,0.00035274476207746856,9.833931700625573e-06,1.2048096530646606,0.0375091714566854
2,-1,10,22.495817610174843,12.112499999999999,звичайний твел UO₂,2,skhidna,tvz_z_12_tveh,-1.104182389825159,12.112499999999999,1625,34745.85781193385,1083.6084899063583,0.00017942722149642183,5.602976313023645e-06,0.004235608771328593,4.885551186438901e-05,0.0003044058863014693,8.759319254576975e-06,0.9833715304947631,0.03067415531594046
3,1,9,24.70418238982516,12.112499999999999,звичайний твел UO₂,2,skhidna,tvz_z_12_tveh,1.104182389825159,12.112499999999999,1630,42519.372400832115,1349.7407762476794,0.00021963639562844165,6.97860908525561e-06,0.004003939220665027,5.366775407731711e-05,0.0003550757250121183,9.47288224130194e-06,1.2033762568130397,0.03820741023624831
4,-2,10,21.391635220349684,11.475,звичайний твел UO₂,2,skhidna,tvz_z_12_tveh,-2.208364779650318,11.475,1635,33753.29755401177,1151.1535446393611,0.00017429428473617233,5.950780999804919e-06,0.004495500584490043,5.286360328405726e-05,0.00030153742936656476,8.406287247821382e-06,0.955280253968389,0.03258512903724821
5,0,9,23.6,11.475,звичайний твел UO₂,2,skhidna,tvz_z_12_tveh,0.0,11.475,1640,33942.701510935134,1161.612814941298,0.00017527859049518344,6.006468160270433e-06,0.004112002134192321,5.3193263519527994e-05,0.0002964587475568434,1.0320880615753242e-05,0.9606407334825117,0.032881157124147686
6,2,8,25.80836477965032,11.475,звичайний твел UO₂,2,skhidna,tvz_z_12_tveh,2.208364779650318,11.475,1645,44474.6166348275,1301.6260835582777,0.0002297552082172794,6.72906379139406e-06,0.003904916748583173,5.295789671765032e-05,0.0003593883688701378,1.0064923676542324e-05,1.2587132562701295,0.03684665397590335
7,-3,10,20.287452830524526,10.837499999999999,звичайний твел UO₂,2,skhidna,tvz_z_12_tveh,-3.312547169475477,10.837499999999999,1650,34658.76743637578,960.6328083081714,0.00017894601571739598,4.965400798837097e-06,0.004816788675814106,5.883515450230712e-05,0.00030980546850032975,8.505626263105531e-06,0.9809067130662383,0.02719445763133779
8,-1,9,22.495817610174843,10.837499999999999,звичайний твел UO₂,2,skhidna,tvz_z_12_tveh,-1.104182389825159,10.837499999999999,1655,30421.986593800233,905.2254945867608,0.00015707024324204807,4.681913013964994e-06,0.004348967260507172,5.1751924311827e-05,0.00026918216798913137,6.700269878675222e-06,0.8609980412445446,0.02562509132994147
9,1,8,24.70418238982516,10.837499999999999,звичайний твел UO₂,2,skhidna,tvz_z_12_tveh,1.104182389825159,10.837499999999999,1660,33286.103699472646,909.7746330575718,0.00017189493146885183,4.704152422970727e-06,0.004012619553728728,5.07515709981585e-05,0.00028666099972066416,7.455989522811751e-06,0.9420578106411129,0.025754900937609015
10,3,7,26.912547169475477,10.837499999999999,звичайний твел UO₂,2,skhidna,tvz_z_12_tveh,3.312547169475477,10.837499999999999,1665,45799.215085819575,1317.0479186431992,0.00023660421362773715,6.809653460329102e-06,0.0039075707209596435,5.3308221130326945e-05,0.00036282907163690236,1.0670475957015758e-05,1.2962018229100265,0.03728351634980723
11,-4,10,19.183270440699367,10.2,звичайний твел UO₂,2,skhidna,tvz_z_12_tveh,-4.416729559300636,10.2,1670,36450.10356478949,999.8715436498645,0.00018820417676599917,5.1690560426528004e-06,0.0050015648726339035,5.341080156343346e-05,0.00033067805780981016,8.66176374001278e-06,1.031604812383957,0.02830541090072009
12,-2,9,21.391635220349684,10.2,звичайний твел UO₂,2,skhidna,tvz_z_12_tveh,-2.208364779650318,10.2,1675,31507.229193252475,988.5696773516968,0.00016265684610127803,5.1106841300705035e-06,0.00460964803383923,5.060915711978607e-05,0.0002912106543288749,8.19486552929902e-06,0.8917123980970303,0.027983785853683357
13,0,8,23.6,10.2,твег UO₂-Gd₂O₃,2,skhidna,tvz_z_12_tveh,0.0,10.2,1680,10869.36314922379,285.11688396071133,5.601305765792661e-05,1.4735148528384852e-06,0.0037044709402617605,4.696904649581206e-05,0.0007851969165980964,2.7802697545368074e-05,0.3076229210805223,0.008071579801533365
14,2,7,25.80836477965032,10.2,звичайний твел UO₂,2,skhidna,tvz_z_12_tveh,2.208364779650318,10.2,1685,36376.10707236311,1246.4251981595214,0.00018786288996233398,6.443844805653767e-06,0.004026153111626645,5.561484086652442e-05,0.00030617771356211763,9.00444556192027e-06,1.0295105758737397,0.03528188200714153
15,4,6,28.016729559300636,10.2,звичайний твел UO₂,2,skhidna,tvz_z_12_tveh,4.416729559300636,10.2,1690,44104.239653045646,1238.0442737146248,0.0002278414578597017,6.400991536110757e-06,0.003806384363182753,4.8744403168480066e-05,0.00035627101131351275,9.225875575945949e-06,1.2482309080890535,0.03504745175201725
16,-5,10,18.079088050874205,9.5625,звичайний твел UO₂,2,skhidna,tvz_z_12_tveh,-5.520911949125795,9.5625,1695,38803.22757738511,997.1474432143932,0.0002003604069859101,5.155282349200753e-06,0.005297923658764204,5.68552734662376e-05,0.00035986296655861886,8.800848709499974e-06,1.0982025396363653,0.028229297217679413
17,-3,9,20.287452830524526,9.5625,звичайний твел UO₂,2,skhidna,tvz_z_12_tveh,-3.312547169475477,9.5625,1700,32899.69668246388,878.6646079570064,0.00016985609515417043,4.542672895547394e-06,0.00487202574559625,5.27258816480537e-05,0.0003054554120534717,9.118194709153546e-06,0.9311217830499531,0.02487450615382692
18,-1,8,22.495817610174843,9.5625,звичайний твел UO₂,2,skhidna,tvz_z_12_tveh,-1.104182389825159,9.5625,1705,30229.172759338293,1017.9198721237108,0.0001560670221562179,5.262577655186852e-06,0.004462897246397399,5.986946580337651e-05,0.00028181661695320125,1.0232793299726576e-05,0.8555410559393701,0.028813872442303597
19,1,7,24.70418238982516,9.5625,звичайний твел UO₂,2,skhidna,tvz_z_12_tveh,1.104182389825159,9.5625,1710,30332.8511814722,889.0235664156801,0.0001566141897366236,4.595966720566525e-06,0.004148910788608395,5.0446478418481315e-05,0.0002719672944590735,8.414179978959927e-06,0.8584753455230363,0.025166615080046504
20,3,6,26.912547169475477,9.5625,звичайний твел UO₂,2,skhidna,tvz_z_12_tveh,3.312547169475477,9.5625,1715,34578.11521162928,1087.607385636478,0.0001785760444226811,5.623709905516364e-06,0.0039952722677682835,5.1394599356873624e-05,0.0003063690892069865,9.365889648245834e-06,0.9786241071189034,0.030787251151063868
21,5,5,29.120911949125798,9.5625,звичайний твел UO₂,2,skhidna,tvz_z_12_tveh,5.520911949125795,9.5625,1720,46332.06676729032,1375.5624060160046,0.00023935938653385895,7.1108284951034374e-06,0.0038441932170093316,5.7359990578087795e-05,0.00037020325784729386,9.97737462750056e-06,1.3112825032135826,0.03893940977566509
22,-6,10,16.974905661049046,8.924999999999999,звичайний твел UO₂,2,skhidna,tvz_z_12_tveh,-6.625094338950954,8.924999999999999,1725,40811.71564752153,1095.981869393467,0.00021074001472657367,5.666222151013878e-06,0.005413117951924815,6.134384230660695e-05,0.0003630246472259256,8.781906235282174e-06,1.1550464373522007,0.031026545744304645
23,-4,9,19.183270440699367,8.924999999999999,звичайний твел UO₂,2,skhidna,tvz_z_12_tveh,-4.416729559300636,8.924999999999999,1730,36226.414143425514,963.4000638582396,0.00018703787132673345,4.98120036846439e-06,0.005147835045500522,6.0963072490897615e-05,0.00032932412715988725,8.501583969953019e-06,1.0252739913165136,0.027273382468612984
24,-2,8,21.391635220349684,8.924999999999999,звичайний твел UO₂,2,skhidna,tvz_z_12_tveh,-2.208364779650318,8.924999999999999,1735,32434.419924198603,922.58920124607,0.000167454157771864,4.769410519719564e-06,0.004726315188875014,6.0288294002976725e-05,0.0002924595218315113,7.998824462716719e-06,0.9179535970648651,0.026117155720619997
25,0,7,23.6,8.924999999999999,звичайний твел UO₂,2,skhidna,tvz_z_12_tveh,0.0,8.924999999999999,1740,29520.1774192045,905.0601873450128,0.00015241029129804546,4.6797478447599925e-06,0.004293028364102325,4.75543146867286e-05,0.0002681730277107189,7.633072022861306e-06,0.8354751868934904,0.025620089721629682
26,2,6,25.80836477965032,8.924999999999999,звичайний твел UO₂,2,skhidna,tvz_z_12_tveh,2.208364779650318,8.924999999999999,1745,32390.748126578594,1073.939970654634,0.00016725578238852205,5.552726092537473e-06,0.004108350104759046,4.7314324774515185e-05,0.00028932960776354187,8.953794881099875e-06,0.9167176050597894,0.030399773918287323
27,4,5,28.016729559300636,8.924999999999999,звичайний твел UO₂,2,skhidna,tvz_z_12_tveh,4.416729559300636,8.924999999999999,1750,34620.963778573365,1060.3819148439718,0.0001787972834081368,5.4818443664790225e-06,0.0038882680264471195,4.924600109039529e-05,0.0002936055376105023,7.782467226703906e-06,0.9798368001853223,0.030016888707071587
28,6,4,30.225094338950957,8.924999999999999,звичайний твел UO₂,2,skhidna,tvz_z_12_tveh,6.625094338950954,8.924999999999999,1755,44619.51773106919,1365.1614871491204,0.00023051160873236606,7.057588881061094e-06,0.0037446323563598985,4.975081521780311e-05,0.000359460130095658,1.0227338574350763e-05,1.2628142231696318,0.03864449003373679
29,-7,10,15.870723271223888,8.2875,звичайний твел UO₂,2,skhidna,tvz_z_12_tveh,-7.729276728776114,8.2875,1760,39789.42847196567,1061.5730940068704,0.00020544908117192502,5.488298903594326e-06,0.0055667619450605835,6.0861583534547647e-05,0.00035875179234640245,9.138756441529064e-06,1.1261138345115174,0.030052560339713
30,-5,9,18.079088050874205,8.2875,звичайний твел UO₂,2,skhidna,tvz_z_12_tveh,-5.520911949125795,8.2875,1765,36085.64660116869,935.5168323175224,0.00018631219020864124,4.836273817437195e-06,0.005323765063069621,5.705513168108555e-05,0.0003341635459901872,7.560100805786985e-06,1.021290011579351,0.026484397095902782
31,-3,8,20.287452830524526,8.2875,звичайний твел UO₂,2,skhidna,tvz_z_12_tveh,-3.312547169475477,8.2875,1770,32066.138564847704,827.136522142645,0.0001655362348122139,4.275887122858957e-06,0.00488907708108398,6.236525724790507e-05,0.0002854714509716597,6.913104855715608e-06,0.907530558843797,0.023416227880777594
32,-1,7,22.495817610174843,8.2875,звичайний твел UO₂,2,skhidna,tvz_z_12_tveh,-1.104182389825159,8.2875,1775,31430.036203859225,935.634508706152,0.000162280193875931,4.8373248044980825e-06,0.004584108667146648,5.224254343901132e-05,0.0002945656869651648,8.220269000940857e-06,0.889527694857468,0.026485903555567347
33,1,6,24.70418238982516,8.2875,звичайний твел UO₂,2,skhidna,tvz_z_12_tveh,1.104182389825159,8.2875,1780,31216.502821177808,898.2594163485686,0.00016118369917229804,4.643923535070948e-06,0.004272781680488312,5.039252838075177e-05,0.0002821066972443647,8.224164247391876e-06,0.883484308319835,0.025428277416781532
34,3,5,26.912547169475477,8.2875,звичайний твел UO₂,2,skhidna,tvz_z_12_tveh,3.312547169475477,8.2875,1785,32591.352009573453,1175.421931466151,0.0001682847983463178,6.078068243331272e-06,0.004091935359367619,5.509971165713998e-05,0.0002820388661050773,8.691168787521276e-06,0.9223950630322356,0.033271502099760666
35,5,4,29.120911949125798,8.2875,звичайний твел UO₂,2,skhidna,tvz_z_12_tveh,5.520911949125795,8.2875,1790,34151.261041660495,984.2961517448069,0.000176368248342754,5.088627600277943e-06,0.003853994247350198,4.867998786938212e-05,0.0002844205130809008,8.049955249861163e-06,0.9665433508833757,0.027863818025801904
36,7,3,31.329276728776115,8.2875,звичайний твел UO₂,2,skhidna,tvz_z_12_tveh,7.729276728776114,8.2875,1795,43382.167463299455,1227.5684052486508,0.0002241119987970297,6.346322691612627e-06,0.0037711540956927906,5.3011039537127e-05,0.0003446878119194771,8.838982248826749e-06,1.2277949402047164,0.034750758948304844
37,-8,10,14.76654088139873,7.6499999999999995,звичайний твел UO₂,2,skhidna,tvz_z_12_tveh,-8.833459118601272,7.6499999999999995,1800,41475.559050800126,1103.505937678444,0.00021414604070192194,5.704916523747675e-06,0.005754011832249922,6.376728561549019e-05,0.00038642968975695645,1.032087325387016e-05,1.1738344237367737,0.031239703081725467
38,-6,9,16.974905661049046,7.6499999999999995,звичайний твел UO₂,2,skhidna,tvz_z_12_tveh,-6.625094338950954,7.6499999999999995,1805,35936.31895752596,1196.332134190034,0.00018553269247722755,6.184761337645206e-06,0.005392208747223569,5.270335644361416e-05,0.0003383202418683268,9.103517495298911e-06,1.0170637652662238,0.033864253337168165
39,-4,8,19.183270440699367,7.6499999999999995,звичайний твел UO₂,2,skhidna,tvz_z_12_tveh,-4.416729559300636,7.6499999999999995,1810,35772.53066689321,961.3753318888661,0.00018469547122018225,4.9709180082508685e-06,0.005265242325687126,5.829831195518158e-05,0.00031636946054135217,7.604220686831314e-06,1.012428256109753,0.027215909948625362
40,-2,7,21.391635220349684,7.6499999999999995,звичайний твел UO₂,2,skhidna,tvz_z_12_tveh,-2.208364779650318,7.6499999999999995,1815,32864.32443588648,979.0476800693627,0.000169674712008239,5.061300838753034e-06,0.004787657104659227,5.449047869707892e-05,0.00030061050021281424,8.083188660600426e-06,0.9301206835680487,0.02771483307435507
42,2,5,25.80836477965032,7.6499999999999995,звичайний твел UO₂,2,skhidna,tvz_z_12_tveh,2.208364779650318,7.6499999999999995,1823,33016.41261796639,954.123136345966,0.00017048334858386444,4.933945038311769e-06,0.004253367583998154,5.307742773088216e-05,0.00029307125510959914,8.607133110622931e-06,0.9344250581841996,0.02700963611222087
43,4,4,28.016729559300636,7.6499999999999995,звичайний твел UO₂,2,skhidna,tvz_z_12_tveh,4.416729559300636,7.6499999999999995,1828,33156.38762890137,982.973254561767,0.00017121918679840226,5.081896394776419e-06,0.004020601146087008,5.4097428202893134e-05,0.0002809310606649633,7.88748718736713e-06,0.9383866078307558,0.02782601658178368
44,6,3,30.225094338950957,7.6499999999999995,звичайний твел UO₂,2,skhidna,tvz_z_12_tveh,6.625094338950954,7.6499999999999995,1833,33508.41362348006,1067.090913864064,0.00017304934006320675,5.516821589847017e-06,0.0038069270209279376,4.993606197750995e-05,0.00027561365150706294,8.23545481526209e-06,0.948349589402156,0.030206341648322338
45,8,2,32.43345911860128,7.6499999999999995,звичайний твел UO₂,2,skhidna,tvz_z_12_tveh,8.833459118601272,7.6499999999999995,1838,43011.12121741888,1157.0802926021347,0.00022219052860422329,5.983004232288791e-06,0.003731966380843871,3.981287042967448e-05,0.0003487695148013471,9.118301692938457e-06,1.2172936506216283,0.03275617244018994
46,-9,10,13.66235849157357,7.012499999999999,звичайний твел UO₂,2,skhidna,tvz_z_12_tveh,-9.937641508426431,7.012499999999999,1843,41141.018463835375,1053.406745862655,0.00021243071217748056,5.446214010779138e-06,0.0057392297064014644,5.8456167753794075e-05,0.0003835972538144206,1.0751281236886128e-05,1.1643663112844411,0.029822063901423737
47,-7,9,15.870723271223888,7.012499999999999,звичайний твел UO₂,2,skhidna,tvz_z_12_tveh,-7.729276728776114,7.012499999999999,1848,39084.482708716045,969.3819338014208,0.00020180079174825802,5.011161320736357e-06,0.005657932078752036,6.76095795077455e-05,0.0003520695058150658,7.768552601756281e-06,1.1061625759219398,0.02744383963010702
48,-5,8,18.079088050874205,7.012499999999999,звичайний твел UO₂,2,skhidna,tvz_z_12_tveh,-5.520911949125795,7.012499999999999,1853,39668.757305761574,1165.75646819809,0.00020483422135081152,6.0260222366553e-06,0.005454899599992612,6.460530536491282e-05,0.00036275987676644226,1.040260317869995e-05,1.122698619091049,0.033000373176367725
49,-3,7,20.287452830524526,7.012499999999999,звичайний твел UO₂,2,skhidna,tvz_z_12_tveh,-3.312547169475477,7.012499999999999,1858,33286.08357007556,957.0299587948772,0.0001718476896542201,4.948462557389328e-06,0.005041827099812925,4.943748136576868e-05,0.00031166586430095603,8.32012278704214e-06,0.9420572409422405,0.027091987076294868
50,-1,6,22.495817610174843,7.012499999999999,звичайний твел UO₂,2,skhidna,tvz_z_12_tveh,-1.104182389825159,7.012499999999999,1863,31357.541929352916,992.8131825460713,0.00016189129775835313,5.134370580675e-06,0.004634326232069996,4.6325437277377916e-05,0.0002953896470650175,9.489072553469316e-06,0.8874759738707755,0.02810381010993873
51,1,5,24.70418238982516,7.012499999999999,звичайний твел UO₂,2,skhidna,tvz_z_12_tveh,1.104182389825159,7.012499999999999,1868,29322.07772557978,1007.066345402256,0.0001513834156516418,5.207133049627943e-06,0.004397506648275045,4.715109658211267e-05,0.0002660155297370411,8.253938232395371e-06,0.8298686020751016,0.02850645912103911
53,5,3,29.120911949125798,7.012499999999999,звичайний твел UO₂,2,skhidna,tvz_z_12_tveh,5.520911949125795,7.012499999999999,1876,31450.8956427867,1005.1041236990353,0.0001623994152478909,5.195949801536674e-06,0.003993615931310777,5.249083920216922e-05,0.0002749433018689895,8.429763138029244e-06,0.8901180552536453,0.028451632235075984
54,7,2,31.329276728776115,7.012499999999999,звичайний твел UO₂,2,skhidna,tvz_z_12_tveh,7.729276728776114,7.012499999999999,1881,35055.75980634891,1073.466182876354,0.0001810527150085367,5.549338288707206e-06,0.0038027392439699895,5.474873208963915e-05,0.0002951037871833381,8.875957916075335e-06,0.9921423255691231,0.03038727589331623
55,9,1,33.53764150842643,7.012499999999999,звичайний твел UO₂,2,skhidna,tvz_z_12_tveh,9.937641508426431,7.012499999999999,1886,42354.9654024287,1186.3310123997558,0.00021880197015879604,6.132593914829891e-06,0.0037460563351625386,4.378297819731856e-05,0.000346657863785711,8.911555268855206e-06,1.1987232370914058,0.03358355137243776
56,-10,10,12.558176101748412,6.375,звичайний твел UO₂,2,skhidna,tvz_z_12_tveh,-11.04182389825159,6.375,1891,44330.158456853496,1260.5176214315568,0.0002288999146008515,6.517582644192437e-06,0.0059948793533830275,6.435380771201424e-05,0.0004013569012646653,1.036824507358957e-05,1.2546248247703036,0.035683422747684726
57,-8,9,14.76654088139873,6.375,звичайний твел UO₂,2,skhidna,tvz_z_12_tveh,-8.833459118601272,6.375,1896,38139.351192236245,1048.9975588783138,0.00019690568254822,5.42286335631687e-06,0.005678148218177368,6.00000714956461e-05,0.00034720692727159726,8.412488062032248e-06,1.0794136198043458,0.029696081436976003
58,-6,8,16.974905661049046,6.375,звичайний твел UO₂,2,skhidna,tvz_z_12_tveh,-6.625094338950954,6.375,1901,38584.45584240244,951.1497476679519,0.00019920848047626737,4.917286984362468e-06,0.005568151193008723,6.215446648549174e-05,0.0003415411097635858,9.087688841256232e-06,1.0920108981168686,0.026927777632966478
60,-2,6,21.391635220349684,6.375,звичайний твел UO₂,2,skhidna,tvz_z_12_tveh,-2.208364779650318,6.375,1909,30434.657150174076,885.1084451917139,0.00015711760462262553,4.576481234160158e-06,0.004786847553478484,4.882680039465748e-05,0.00029333961242401075,8.675044984547387e-06,0.861356641238852,0.02505587273535747
61,0,5,23.6,6.375,звичайний твел UO₂,2,skhidna,tvz_z_12_tveh,0.0,6.375,1914,30217.89471075716,962.6373733981196,0.0001560061759444197,4.977692164128882e-06,0.004520906830391682,5.1960424987962916e-05,0.00028345262467846906,8.470739759955218e-06,0.8552218664706785,0.02724955220440036
62,2,4,25.80836477965032,6.375,звичайний твел UO₂,2,skhidna,tvz_z_12_tveh,2.208364779650318,6.375,1919,30387.747659855864,890.2139122176327,0.00015689635908761057,4.603554573370043e-06,0.004286090654423735,4.960243061866428e-05,0.00027418076121026155,8.140413011064049e-06,0.8600290165896455,0.02520031686132716
63,4,3,28.016729559300636,6.375,звичайний твел UO₂,2,skhidna,tvz_z_12_tveh,4.416729559300636,6.375,1924,32471.983630635274,1060.9053402081697,0.00016767781824634126,5.485328902626934e-06,0.004090767547133512,5.4674358945051076e-05,0.00027883984585176235,8.680274938928073e-06,0.9190167188818489,0.03003096204640009
64,6,2,30.225094338950957,6.375,звичайний твел UO₂,2,skhidna,tvz_z_12_tveh,6.625094338950954,6.375,1929,28305.174487695294,832.9833208594579,0.00014613695649414872,4.305831260373287e-06,0.0039387546936479586,5.109612265438906e-05,0.0002471342484019305,6.612257826230164e-06,0.8010883745493881,0.023580176508971897
65,8,1,32.43345911860128,6.375,звичайний твел UO₂,2,skhidna,tvz_z_12_tveh,8.833459118601272,6.375,1934,31636.16442542091,908.3244899535216,0.00016337263423588097,4.696980240012569e-06,0.0037305153174316966,4.816360750594378e-05,0.0002609386116549927,7.137353639661781e-06,0.8953615017478437,0.025713229826050097
66,10,0,34.64182389825159,6.375,звичайний твел UO₂,2,skhidna,tvz_z_12_tveh,11.04182389825159,6.375,1939,42342.61669755528,1261.0650477477395,0.00021872377745319564,6.52038435578251e-06,0.003928329272566547,6.515153857682981e-05,0.00035226135679035023,1.0584629276920359e-05,1.1983737460851185,0.03569817094291971
67,-9,9,13.66235849157357,5.7375,звичайний твел UO₂,2,skhidna,tvz_z_12_tveh,-9.937641508426431,5.7375,1944,36628.84826161702,923.0460247420532,0.00018909063830780293,4.774046451478467e-06,0.005803690990515906,6.428047070821453e-05,0.00034972573985934025,9.824834913798841e-06,1.0366636152789237,0.026131784589768507
68,-7,8,15.870723271223888,5.7375,звичайний твел UO₂,2,skhidna,tvz_z_12_tveh,-7.729276728776114,5.7375,1949,36409.634759489745,894.7198089421596,0.0001879611520979353,4.624894315044881e-06,0.005606273525446871,6.569829800839083e-05,0.0003380518492680254,8.287290629532353e-06,1.0304594709386454,0.02533025326884955
69,-5,7,18.079088050874205,5.7375,звичайний твел UO₂,2,skhidna,tvz_z_12_tveh,-5.520911949125795,5.7375,1954,37596.33619263007,959.5925080269897,0.00019410409041452362,4.960362163815031e-06,0.00547118251867366,5.860872579785226e-05,0.0003521172118888395,7.793512654244098e-06,1.0640452989491063,0.027166222862606965
70,-3,6,20.287452830524526,5.7375,звичайний твел UO₂,2,skhidna,tvz_z_12_tveh,-3.312547169475477,5.7375,1959,33047.99828615151,886.676964212944,0.00017060832161409502,4.582864991758197e-06,0.0051215355908831904,5.6022694190157946e-05,0.0003115612550229462,8.245153459559631e-06,0.9353189905496926,0.025101269995276444
71,-1,5,22.495817610174843,5.7375,твег UO₂-Gd₂O₃,2,skhidna,tvz_z_12_tveh,-1.104182389825159,5.7375,1964,11299.451415834512,241.26764103373247,5.821336883486979e-05,1.246986167469197e-06,0.004221716768302776,4.7174121361511646e-05,0.0007551321141422532,2.6433974797905043e-05,0.3197952081851902,0.0068311887521550155
72,1,4,24.70418238982516,5.7375,звичайний твел UO₂,2,skhidna,tvz_z_12_tveh,1.104182389825159,5.7375,1969,30254.205373820234,953.7638516120792,0.00015619855712076496,4.931409507018112e-06,0.004536958888666755,5.224963418367625e-05,0.0002768880142497447,8.290754612094781e-06,0.8562495248610077,0.026998475638097316
73,3,3,26.912547169475477,5.7375,звичайний твел UO₂,2,skhidna,tvz_z_12_tveh,3.312547169475477,5.7375,1974,30321.92954918226,1046.1222598998934,0.00015656125235266786,5.408022257013616e-06,0.004256986244793214,5.734826253436915e-05,0.0002750999501297725,9.76029982113194e-06,0.858166243289366,0.02961194957052942
74,5,2,29.120911949125798,5.7375,звичайний твел UO₂,2,skhidna,tvz_z_12_tveh,5.520911949125795,5.7375,1979,29151.607730459156,1068.097309549957,0.00015051565725766576,5.521126981870299e-06,0.004066090259614752,6.0846213778656486e-05,0.00026288503022322147,8.950515655846421e-06,0.8250439884215102,0.03023343201242026
75,7,1,31.329276728776115,5.7375,звичайний твел UO₂,2,skhidna,tvz_z_12_tveh,7.729276728776114,5.7375,1984,28880.62780128424,1021.7345063273183,0.00014910931776891052,5.282334983354079e-06,0.003873838316165066,4.837530182378498e-05,0.0002596247806925335,9.15963120253604e-06,0.8173747592106955,0.028921392003684033
76,9,0,33.53764150842643,5.7375,звичайний твел UO₂,2,skhidna,tvz_z_12_tveh,9.937641508426431,5.7375,1989,32506.000050366096,1068.1462470445672,0.00016786384848271302,5.52226060758778e-06,0.0038508294863408114,5.5846584108843786e-05,0.00027789052609098413,9.248654948028424e-06,0.9199794459762182,0.03023586766495455
77,-10,9,12.558176101748412,5.1,звичайний твел UO₂,2,skhidna,tvz_z_12_tveh,-11.04182389825159,5.1,1994,41382.856287085444,1031.472148933555,0.00021366952636115328,5.33358863477379e-06,0.0060163513129850256,5.33958932133991e-05,0.00038158023712125803,8.498071487963223e-06,1.1712107654253678,0.029201564930615494
78,-8,8,14.76654088139873,5.1,твег UO₂-Gd₂O₃,2,skhidna,tvz_z_12_tveh,-8.833459118601272,5.1,1999,14273.534960892488,332.55123251909686,7.354664959630308e-05,1.7179452606870953e-06,0.005127397900604261,6.392282064532835e-05,0.0009402391275135942,2.651369331233919e-05,0.40396722959139236,0.009415134827715967
79,-6,7,16.974905661049046,5.1,звичайний твел UO₂,2,skhidna,tvz_z_12_tveh,-6.625094338950954,5.1,2004,38726.91283246432,1098.6233367734792,0.00019995546197082626,5.679712219473491e-06,0.0055127824006129846,6.212224354521134e-05,0.0003527185670919276,8.932628132816485e-06,1.0960426923268451,0.03110046522995578
80,-4,6,19.183270440699367,5.1,звичайний твел UO₂,2,skhidna,tvz_z_12_tveh,-4.416729559300636,5.1,2009,37033.767388332286,1065.2385506349858,0.00019120205006459355,5.5072091286702e-06,0.005371009766501338,6.17048583660586e-05,0.00034124971756621365,9.262771031533647e-06,1.048123569542244,0.03015519320716836
81,-2,5,21.391635220349684,5.1,звичайний твел UO₂,2,skhidna,tvz_z_12_tveh,-2.208364779650318,5.1,2014,32564.80112830477,1085.258348317845,0.00016811640896529165,5.610980360848934e-06,0.004939712104106522,5.878758509373509e-05,0.0002969541544275348,8.95861914726474e-06,0.9216436243746987,0.03072010602139571
82,0,4,23.6,5.1,звичайний твел UO₂,2,skhidna,tvz_z_12_tveh,0.0,5.1,2019,28599.596273061055,872.3099932409806,0.00014764354254075297,4.509841494601991e-06,0.004592423922716017,5.349223569582109e-05,0.0002707829883977663,8.340889614265161e-06,0.8094210513033546,0.02469306243533313
83,2,3,25.80836477965032,5.1,звичайний твел UO₂,2,skhidna,tvz_z_12_tveh,2.208364779650318,5.1,2024,30052.356712027173,921.321145008536,0.00015515313099848102,4.763442426301802e-06,0.004450303998297302,5.8177523510157115e-05,0.00027369705724964545,8.694909946958549e-06,0.8505368373645549,0.026080399186620046
84,4,2,28.016729559300636,5.1,звичайний твел UO₂,2,skhidna,tvz_z_12_tveh,4.416729559300636,5.1,2029,28811.455769252778,937.1774693700138,0.00014875403729258153,4.8446539260830655e-06,0.004132497747638079,4.9045333412728174e-05,0.0002629685139695204,7.528033818504713e-06,0.8154170637819513,0.026528649289633863
85,6,1,30.225094338950957,5.1,звичайний твел UO₂,2,skhidna,tvz_z_12_tveh,6.625094338950954,5.1,2034,29052.290561803147,1031.01654662136,0.00015000072507018273,5.330636256576504e-06,0.004022621984964521,5.2184759034935796e-05,0.00026107092945092,7.989867159210641e-06,0.8222331303136374,0.029184103240822153
86,8,0,32.43345911860128,5.1,твег UO₂-Gd₂O₃,2,skhidna,tvz_z_12_tveh,8.833459118601272,5.1,2039,10083.702612972509,223.63215551160818,5.194507917850879e-05,1.1555694862833502e-06,0.0035105827491826924,4.472053040069489e-05,0.0007316323262679179,2.4568471634747125e-05,0.28538728631322063,0.006331667816069926
87,10,-1,34.64182389825159,5.1,звичайний твел UO₂,2,skhidna,tvz_z_12_tveh,11.04182389825159,5.1,2044,31771.2792148114,1134.9754232252615,0.00016407235002969197,5.867795867965839e-06,0.0038784298381457872,5.592564758666838e-05,0.000277249832348638,1.0169802615879329e-05,0.8991854982067761,0.03212671407480003
88,-9,8,13.66235849157357,4.4624999999999995,звичайний твел UO₂,2,skhidna,tvz_z_12_tveh,-9.937641508426431,4.4624999999999995,2049,37358.21874596512,1009.7691563309018,0.00019287292996636844,5.221577536243839e-06,0.005757962118902663,6.639016662944667e-05,0.00034410095466288695,7.909641681452907e-06,1.0573061382919762,0.028585821032467512
89,-7,7,15.870723271223888,4.4624999999999995,звичайний твел UO₂,2,skhidna,tvz_z_12_tveh,-7.729276728776114,4.4624999999999995,2054,35970.17925965009,998.1926063760649,0.00018570200327548572,5.159743825815814e-06,0.005570446420557985,6.91364537262197e-05,0.0003382366531043198,9.606754093062165e-06,1.0180220739458667,0.028257717074377776
90,-5,6,18.079088050874205,4.4624999999999995,звичайний твел UO₂,2,skhidna,tvz_z_12_tveh,-5.520911949125795,4.4624999999999995,2059,38425.08986379285,1119.0896678687475,0.000198399620810416,5.785146431429219e-06,0.005567142716132591,6.298339531868351e-05,0.0003564353727452533,1.0312890062997334e-05,1.087500548505057,0.03167945156758677
91,-3,5,20.287452830524526,4.4624999999999995,звичайний твел UO₂,2,skhidna,tvz_z_12_tveh,-3.312547169475477,4.4624999999999995,2064,34270.57060375501,1014.1330561830474,0.00017692375756577113,5.243429231571309e-06,0.0051695645401891935,5.8326172600877665e-05,0.00031160410422930893,8.448071396769615e-06,0.9699200304091651,0.02870811169005783
92,-1,4,22.495817610174843,4.4624999999999995,звичайний твел UO₂,2,skhidna,tvz_z_12_tveh,-1.104182389825159,4.4624999999999995,2069,31746.370844289664,910.1902620550183,0.00016388767196583265,4.706095777635294e-06,0.004900195046352836,5.632559768711022e-05,0.00029172211517550835,8.08758814348231e-06,0.8984805456171849,0.025766063990607116
93,1,3,24.70418238982516,4.4624999999999995,звичайний твел UO₂,2,skhidna,tvz_z_12_tveh,1.104182389825159,4.4624999999999995,2074,31286.44618974399,849.2028854017326,0.00016152265858697905,4.391633289312518e-06,0.00461861020046278,5.91473088250996e-05,0.0002954371501036893,8.403215773907724e-06,0.8854638339878201,0.024040255549201972
94,3,2,26.912547169475477,4.4624999999999995,звичайний твел UO₂,2,skhidna,tvz_z_12_tveh,3.312547169475477,4.4624999999999995,2079,27144.282315370197,783.6308920543217,0.00014012519477940702,4.051102944536935e-06,0.004294173504397369,5.734481177099399e-05,0.0002515592208834284,7.589954461449789e-06,0.7682329959768485,0.022183295131877733
95,5,1,29.120911949125798,4.4624999999999995,звичайний твел UO₂,2,skhidna,tvz_z_12_tveh,5.520911949125795,4.4624999999999995,2084,27155.078464229613,789.5674295334553,0.0001401873857039305,4.082235681968801e-06,0.004122863270689451,4.974720426312063e-05,0.00024587010222058283,6.524603117527591e-06,0.7685385467991881,0.02235127570500444
96,7,0,31.329276728776115,4.4624999999999995,звичайний твел UO₂,2,skhidna,tvz_z_12_tveh,7.729276728776114,4.4624999999999995,2089,27945.238562036993,856.0327952506931,0.00014428890765077343,4.425515228137164e-06,0.003990090153892823,4.968118882589055e-05,0.00025369434016842294,7.926280540407916e-06,0.7909015274146748,0.02423225004892566
97,9,-1,33.53764150842643,4.4624999999999995,звичайний твел UO₂,2,skhidna,tvz_z_12_tveh,9.937641508426431,4.4624999999999995,2094,29281.67078650608,976.983428771503,0.0001511881126985981,5.051186193068982e-06,0.003958201269643954,4.647713872458111e-05,0.0002650592133684472,8.251457973894959e-06,0.8287250115575043,0.027655186883086536
98,-10,8,12.558176101748412,3.8249999999999997,звичайний твел UO₂,2,skhidna,tvz_z_12_tveh,-11.04182389825159,3.8249999999999997,2099,42461.4428426844,1033.48096821585,0.00021923215588690866,5.342861156679949e-06,0.006049509658563943,5.6058002716440846e-05,0.0003878355237310506,9.665622442414949e-06,1.201736744023776,0.029258875504863002
99,-8,7,14.76654088139873,3.8249999999999997,звичайний твел UO₂,2,skhidna,tvz_z_12_tveh,-8.833459118601272,3.8249999999999997,2104,36433.24776136151,1099.0572845813494,0.00018807573571451864,5.6816033651957436e-06,0.005721033395227372,6.0307578732919305e-05,0.0003382977803626443,9.13074706166131e-06,1.0311277622185988,0.031111892623910297
101,-4,5,19.183270440699367,3.8249999999999997,звичайний твел UO₂,2,skhidna,tvz_z_12_tveh,-4.416729559300636,3.8249999999999997,2112,34968.990987315876,992.927686546172,0.00018052749112441074,5.133154766653757e-06,0.005396855154680053,5.709570318571689e-05,0.00032473120161166403,9.520921170794041e-06,0.9896866087802737,0.02810835931528381
102,-2,4,21.391635220349684,3.8249999999999997,звичайний твел UO₂,2,skhidna,tvz_z_12_tveh,-2.208364779650318,3.8249999999999997,2117,33822.49104145838,982.4854760709693,0.00017461598340143288,5.079353041824057e-06,0.005081575483275739,5.11986737921611e-05,0.0003170710734699876,7.963419835128837e-06,0.9572385566247497,0.027812460995538447
103,0,3,23.6,3.8249999999999997,звичайний твел UO₂,2,skhidna,tvz_z_12_tveh,0.0,3.8249999999999997,2122,35343.041738025655,1051.188863568442,0.0001824878199793703,5.434926856531967e-06,0.004852312017689347,4.9851645114217025e-05,0.0003180103611058094,9.173206239428515e-06,1.0002729313629286,0.029757022934440647
104,2,2,25.80836477965032,3.8249999999999997,звичайний твел UO₂,2,skhidna,tvz_z_12_tveh,2.208364779650318,3.8249999999999997,2127,31957.89203886466,906.8986709540775,0.00016500692349114118,4.688938886156759e-06,0.004584869704054625,6.608187322746002e-05,0.0002926970484621563,8.546577745370414e-06,0.904466983539286,0.02567300835841615
105,4,1,28.016729559300636,3.8249999999999997,твег UO₂-Gd₂O₃,2,skhidna,tvz_z_12_tveh,4.416729559300636,3.8249999999999997,2132,10292.48881601118,226.56857439186732,5.301969979795489e-05,1.1698429958588107e-06,0.0038309301376200033,5.038678537838085e-05,0.0006771940199331723,2.168319361089206e-05,0.2912963189564674,0.006414843771048091
107,8,-1,32.43345911860128,3.8249999999999997,звичайний твел UO₂,2,skhidna,tvz_z_12_tveh,8.833459118601272,3.8249999999999997,2140,26867.77579208124,771.7130800237106,0.00013871374839753174,3.9895344755675785e-06,0.004000052364236804,4.826714202505593e-05,0.0002407934333445745,6.9157405009013986e-06,0.7604073540119792,0.021845972953110693
108,10,-2,34.64182389825159,3.8249999999999997,звичайний твел UO₂,2,skhidna,tvz_z_12_tveh,11.04182389825159,3.8249999999999997,2145,30249.84201356606,1009.7107006943495,0.00015619280232956564,5.220646665419965e-06,0.0039842382144925775,5.467657529414558e-05,0.0002689007771807748,9.040760261704413e-06,0.85612603375958,0.028581584152909442
109,-9,7,13.66235849157357,3.1875,звичайний твел UO₂,2,skhidna,tvz_z_12_tveh,-9.937641508426431,3.1875,2150,38086.05985140538,932.4705223701346,0.00019663292279311546,4.8210573821381994e-06,0.005880620396537425,6.901914855524409e-05,0.0003569942608018685,9.211228297266205e-06,1.0779053770757128,0.026399069028598465
110,-7,6,15.870723271223888,3.1875,звичайний твел UO₂,2,skhidna,tvz_z_12_tveh,-7.729276728776114,3.1875,2155,39295.06065561592,929.0243047520322,0.00020288475230018408,4.80314975208908e-06,0.0056959427764159565,6.341313677446573e-05,0.00036403122806096027,9.854501533681055e-06,1.1121223182040905,0.02630211246752418
111,-5,5,18.079088050874205,3.1875,звичайний твел UO₂,2,skhidna,tvz_z_12_tveh,-5.520911949125795,3.1875,2160,35551.572817779925,949.8875477321989,0.000183542681990865,4.910844365048892e-06,0.005573667699160432,6.238011454346168e-05,0.00033273031555432057,8.783870035962885e-06,1.0061747435491066,0.02689078189096739
112,-3,4,20.287452830524526,3.1875,звичайний твел UO₂,2,skhidna,tvz_z_12_tveh,-3.312547169475477,3.1875,2165,35881.08964418349,1097.5960917806995,0.00018525083256166526,5.674350195453506e-06,0.0052824706105948725,6.374866469818693e-05,0.00033278812669975506,9.310231209084297e-06,1.015500674359569,0.031070349492834177
113,-1,3,22.495817610174843,3.1875,звичайний твел UO₂,2,skhidna,tvz_z_12_tveh,-1.104182389825159,3.1875,2170,35059.7856219621,1030.8252965662161,0.00018102175316031925,5.329520868743635e-06,0.005062954924121411,5.492631293061953e-05,0.0003221304935682704,9.428119334638918e-06,0.9922562635378577,0.02918071901545867
115,3,1,26.912547169475477,3.1875,звичайний твел UO₂,2,skhidna,tvz_z_12_tveh,3.312547169475477,3.1875,2178,29181.741645810074,896.0557192375092,0.0001506567747002463,4.632712276321872e-06,0.004415995956381972,5.803994609860448e-05,0.00027438315162718905,7.729480317069968e-06,0.8258968335180055,0.02536517893519191
116,5,0,29.120911949125798,3.1875,звичайний твел UO₂,2,skhidna,tvz_z_12_tveh,5.520911949125795,3.1875,2183,27131.06168955082,839.6512166825388,0.00014005128113969142,4.340492492896762e-06,0.004257621118467946,4.965523119028916e-05,0.0002501629803990296,6.846336647991242e-06,0.7678588280079219,0.023768428076167927
117,7,-1,31.329276728776115,3.1875,звичайний твел UO₂,2,skhidna,tvz_z_12_tveh,7.729276728776114,3.1875,2188,28263.910378047265,969.0301140372586,0.00014592203814614335,5.010646473027861e-06,0.004131651035649204,4.8368991826859115e-05,0.0002676156427944285,8.713928584561064e-06,0.7999205245317336,0.027429804566155472
118,9,-2,33.53764150842643,3.1875,звичайний твел UO₂,2,skhidna,tvz_z_12_tveh,9.937641508426431,3.1875,2193,29301.006717070948,878.7571849076934,0.0001512792280324334,4.5430719847076086e-06,0.00412699618388444,5.92429486730506e-05,0.0002743920504255139,9.157641117596592e-06,0.8292722538715674,0.024875743260347444
119,-10,7,12.558176101748412,2.55,звичайний твел UO₂,2,skhidna,tvz_z_12_tveh,-11.04182389825159,2.55,2198,43770.53494991783,976.907177326202,0.00022600598037298387,5.051209911990668e-06,0.006141544763841396,6.458568191721771e-05,0.00040697476824418083,9.24970895560102e-06,1.2387864526830512,0.02765890849599719
120,-8,6,14.76654088139873,2.55,звичайний твел UO₂,2,skhidna,tvz_z_12_tveh,-8.833459118601272,2.55,2203,39488.19579899982,986.5816140940901,0.0002038830008169389,5.100082848196376e-06,0.005876707872573954,6.489866616086398e-05,0.0003608384518043646,8.994342842589066e-06,1.117588397141319,0.02793064755734957
121,-6,5,16.974905661049046,2.55,звичайний твел UO₂,2,skhidna,tvz_z_12_tveh,-6.625094338950954,2.55,2208,37093.93034152922,926.340755148613,0.00019151258523130254,4.789093804417492e-06,0.005664528421760572,6.0193295029977585e-05,0.00034636662468588236,9.087004440611911e-06,1.0498262915094085,0.026225204302133313
122,-4,4,19.183270440699367,2.55,звичайний твел UO₂,2,skhidna,tvz_z_12_tveh,-4.416729559300636,2.55,2213,33422.31074489194,958.5010274225085,0.00017253897964119192,4.956461928331773e-06,0.005389105236880727,5.647884480822898e-05,0.00031031623602798073,8.28864571952398e-06,0.9459127199498173,0.027133662826402505
124,0,2,23.6,2.55,звичайний твел UO₂,2,skhidna,tvz_z_12_tveh,0.0,2.55,2221,35463.05952729604,962.1483091362442,0.00018311404251279012,4.97480152366633e-06,0.004874011089795706,5.379673077344826e-05,0.0003270865479300813,9.22414857722262e-06,1.0036696550173057,0.02723765648597654
125,2,1,25.80836477965032,2.55,звичайний твел UO₂,2,skhidna,tvz_z_12_tveh,2.208364779650318,2.55,2226,32697.15077043792,943.9516424854914,0.0001688209210687723,4.88001322414808e-06,0.004702053751124471,5.944538200962027e-05,0.00029894697710193167,8.297849836557631e-06,0.9253893620925399,0.026721710361674776
126,4,0,28.016729559300636,2.55,звичайний твел UO₂,2,skhidna,tvz_z_12_tveh,4.416729559300636,2.55,2231,28643.456560165527,849.6543925441305,0.00014786851609998328,4.392234723629582e-06,0.004362665680314736,5.596659159576198e-05,0.0002723652249957124,7.0900912739779555e-06,0.8106623779066958,0.024052019068768544
127,6,-1,30.225094338950957,2.55,звичайний твел UO₂,2,skhidna,tvz_z_12_tveh,6.625094338950954,2.55,2236,29880.690512264002,956.520329288729,0.00015427375390510262,4.945648586388996e-06,0.004266902189421625,5.008716106001039e-05,0.00027369652126775355,8.297445296125203e-06,0.8456783689246895,0.027076346571654194
128,8,-2,32.43345911860128,2.55,звичайний твел UO₂,2,skhidna,tvz_z_12_tveh,8.833459118601272,2.55,2241,27231.20392553448,704.3834443805686,0.0001405809110267341,3.641131773445768e-06,0.004142924701426605,4.894935491766667e-05,0.0002531887691025036,6.16497915534058e-06,0.7706930370350652,0.01994105732978952
129,10,-3,34.64182389825159,2.55,звичайний твел UO₂,2,skhidna,tvz_z_12_tveh,11.04182389825159,2.55,2246,31688.2936022119,1049.0879906219695,0.00016362527213943241,5.4233559581588925e-06,0.004170608675639067,5.5678605306971665e-05,0.00028785931543702693,9.32326153053824e-06,0.8968368531017188,0.029696310014594145
130,-9,6,13.66235849157357,1.9124999999999999,звичайний твел UO₂,2,skhidna,tvz_z_12_tveh,-9.937641508426431,1.9124999999999999,2251,41294.45362008503,1113.9895384806466,0.00021319963507720262,5.758887469632797e-06,0.006062113842402014,6.41687781565971e-05,0.00037537919032852086,9.108299214503423e-06,1.1687088077411296,0.031536255603841754
131,-7,5,15.870723271223888,1.9124999999999999,звичайний твел UO₂,2,skhidna,tvz_z_12_tveh,-7.729276728776114,1.9124999999999999,2256,37600.9192533282,1025.9684153846265,0.0001941236873224675,5.304796755070504e-06,0.005783386093561864,5.725823994797891e-05,0.00034997324005845185,9.801376451966936e-06,1.0641750079762213,0.02904426760469861
132,-5,4,18.079088050874205,1.9124999999999999,твег UO₂-Gd₂O₃,2,skhidna,tvz_z_12_tveh,-5.520911949125795,1.9124999999999999,2261,12976.335394092512,290.81852053698583,6.685314395894656e-05,1.5019494935799023e-06,0.004836968099322042,6.096355931408321e-05,0.000839526739660247,2.5964864253388826e-05,0.367254101647747,0.008233839928644923
133,-3,3,20.287452830524526,1.9124999999999999,звичайний твел UO₂,2,skhidna,tvz_z_12_tveh,-3.312547169475477,1.9124999999999999,2266,37758.65805732039,927.0459222136233,0.00019497026011416465,4.793901696267983e-06,0.005260980858770323,5.477715400966306e-05,0.00034702348365775134,9.849561335084897e-06,1.068639305560693,0.026245446930406494
134,-1,2,22.495817610174843,1.9124999999999999,звичайний твел UO₂,2,skhidna,tvz_z_12_tveh,-1.104182389825159,1.9124999999999999,2271,35004.571883230135,979.5551396845854,0.0001807400719560161,5.064216304463036e-06,0.00498030145927431,5.285591707447035e-05,0.0003315130609992354,8.896278891475299e-06,0.9906936134212575,0.027729996718688085
135,1,1,24.70418238982516,1.9124999999999999,звичайний твел UO₂,2,skhidna,tvz_z_12_tveh,1.104182389825159,1.9124999999999999,2276,34511.1048385707,1068.8947936260065,0.00017818678354102413,5.525655403736734e-06,0.004843627352335023,5.833992879114548e-05,0.00031887882705880716,8.866034858955596e-06,0.976727590605473,0.030257731388580764
136,3,0,26.912547169475477,1.9124999999999999,звичайний твел UO₂,2,skhidna,tvz_z_12_tveh,3.312547169475477,1.9124999999999999,2281,32625.928096246025,1149.3309965584772,0.0001684551516531175,5.9426980505857735e-06,0.004614026926803039,5.598201752275318e-05,0.00030142544525973666,9.581961791292291e-06,0.9233736297279771,0.032533202740066
137,5,-1,29.120911949125798,1.9124999999999999,звичайний твел UO₂,2,skhidna,tvz_z_12_tveh,5.520911949125795,1.9124999999999999,2286,29506.112033404006,880.0735110783824,0.00015233744319131901,4.55068875840934e-06,0.0043142743997682835,5.74489019292386e-05,0.00026170071343746787,6.9804878059827785e-06,0.8350771106670667,0.02491306415198042
138,7,-2,31.329276728776115,1.9124999999999999,звичайний твел UO₂,2,skhidna,tvz_z_12_tveh,7.729276728776114,1.9124999999999999,2291,30582.476512168276,954.7291966239779,0.00015789573816177557,4.935670238696663e-06,0.004198659906965676,5.262748639004064e-05,0.0002817062037457881,9.465392164916597e-06,0.8655402004138126,0.02702590492592521
139,9,-3,33.53764150842643,1.9124999999999999,звичайний твел UO₂,2,skhidna,tvz_z_12_tveh,9.937641508426431,1.9124999999999999,2296,29586.67182680669,944.6951386948399,0.00015275747702279488,4.882840301878259e-06,0.004167957416407564,5.208738961574144e-05,0.00026426768966890613,7.26969900023723e-06,0.8373571006377714,0.026741634942302146
140,-10,6,12.558176101748412,1.275,звичайний твел UO₂,2,skhidna,tvz_z_12_tveh,-11.04182389825159,1.275,2301,44550.966088567126,1303.6869612581968,0.00023002859885269542,6.740111153154926e-06,0.0062326890056701705,6.461684663171808e-05,0.0004168430222535635,1.0714712920908463e-05,1.260874085902909,0.03690499585471655
141,-8,5,14.76654088139873,1.275,звичайний твел UO₂,2,skhidna,tvz_z_12_tveh,-8.833459118601272,1.275,2306,38424.01268859727,1011.9510566453064,0.0001983746227228607,5.231514452739993e-06,0.005895281907911074,6.174420169955622e-05,0.0003510913283572778,8.293935811821496e-06,1.087470062470537,0.02864798975390611
142,-6,4,16.974905661049046,1.275,звичайний твел UO₂,2,skhidna,tvz_z_12_tveh,-6.625094338950954,1.275,2311,36030.11317614284,991.0705229503205,0.0001860106739743375,5.122597157837113e-06,0.005646576569858699,6.072572206349151e-05,0.00034763769956789654,9.355895992488353e-06,1.0197183137540484,0.028056223213925816
143,-4,3,19.183270440699367,1.275,звичайний твел UO₂,2,skhidna,tvz_z_12_tveh,-4.416729559300636,1.275,2316,34084.08012200313,1007.5628925518058,0.00017596582795202098,5.209483074980594e-06,0.0053982624649414135,6.816542843166808e-05,0.0003228162960488667,8.765825683050116e-06,0.9646420075882673,0.028522136323222397
144,-2,2,21.391635220349684,1.275,звичайний твел UO₂,2,skhidna,tvz_z_12_tveh,-2.208364779650318,1.275,2321,37171.449527666686,1069.4442325332814,0.00019193649351852902,5.530025611892845e-06,0.005139489494462353,5.269708169785042e-05,0.00032836585773195025,8.015085491680869e-06,1.0520202267153633,0.030274246091100826
145,0,1,23.6,1.275,звичайний твел UO₂,2,skhidna,tvz_z_12_tveh,0.0,1.275,2326,36072.811961122905,945.5925273373957,0.0001862656423882766,4.888966457403796e-06,0.004918818879294637,5.3987055621314205e-05,0.00034015179410501836,9.63423319068807e-06,1.020926767716054,0.02676947196748846
146,2,0,25.80836477965032,1.275,звичайний твел UO₂,2,skhidna,tvz_z_12_tveh,2.208364779650318,1.275,2331,34699.67927834697,959.3402415942761,0.00017916846452970184,4.959837180830069e-06,0.004831533349812638,5.6342632226397506e-05,0.00032545833470758114,9.091079363147545e-06,0.9820645932622699,0.027157900814032836
147,4,-1,28.016729559300636,1.275,звичайний твел UO₂,2,skhidna,tvz_z_12_tveh,4.416729559300636,1.275,2336,30953.620730789793,1058.5656643966518,0.00015980776368223503,5.473666099212598e-06,0.004508387080142779,5.512002277935409e-05,0.00028153667203720495,8.037305169466631e-06,0.8760442628052374,0.029964263129640716
148,6,-2,30.225094338950957,1.275,звичайний твел UO₂,2,skhidna,tvz_z_12_tveh,6.625094338950954,1.275,2341,30267.797172260176,957.803237515537,0.00015627400285737146,4.9516629023386114e-06,0.004310597408107287,5.618262932731434e-05,0.00026914719102924414,7.973695331990035e-06,0.8566341976961527,0.027112780369536266
149,8,-3,32.43345911860128,1.275,звичайний твел UO₂,2,skhidna,tvz_z_12_tveh,8.833459118601272,1.275,2346,29413.472272667816,933.9582493880484,0.0001518639944170064,4.828924982039042e-06,0.004187834975455424,5.200062320995249e-05,0.0002677988583978442,8.543539189791988e-06,0.832455235455555,0.026437759700849748
150,10,-4,34.64182389825159,1.275,звичайний твел UO₂,2,skhidna,tvz_z_12_tveh,11.04182389825159,1.275,2351,29347.94414643665,994.1898007347686,0.00015152156843293625,5.14069053601794e-06,0.004144401028922125,5.2245933969176004e-05,0.000268540533703248,8.182782583275803e-06,0.8306006692470828,0.028142097568933475
151,-9,5,13.66235849157357,0.6375,звичайний твел UO₂,2,skhidna,tvz_z_12_tveh,-9.937641508426431,0.6375,2356,42809.78634686246,1233.4166312444713,0.00022104297193826337,6.376606565935674e-06,0.006094107484579389,6.386141453395372e-05,0.00038499328046076435,1.0526872662110126e-05,1.211595504359917,0.034916017975569785
152,-7,4,15.870723271223888,0.6375,звичайний твел UO₂,2,skhidna,tvz_z_12_tveh,-7.729276728776114,0.6375,2361,39173.35229892408,1168.0909739325248,0.0002022463386752324,6.038456629477738e-06,0.005793418595328365,5.6169725029021396e-05,0.0003648406487041597,1.0121632805922028e-05,1.108677748389701,0.03306624787447481
153,-5,3,18.079088050874205,0.6375,звичайний твел UO₂,2,skhidna,tvz_z_12_tveh,-5.520911949125795,0.6375,2366,34959.87949637006,1121.8582773523751,0.0001804884343970957,5.799994055620752e-06,0.005410942754266423,5.557692240691956e-05,0.00032885556876844225,8.897012840897285e-06,0.9894287368680309,0.03175656052565548
154,-3,2,20.287452830524526,0.6375,звичайний твел UO₂,2,skhidna,tvz_z_12_tveh,-3.312547169475477,0.6375,2371,39115.678020348554,1195.0453892145733,0.00020198344447498357,6.179577258771281e-06,0.005318086792949659,5.7011025419446746e-05,0.0003430565790503353,9.347567634287185e-06,1.1070454604807372,0.03382892599609547
155,-1,1,22.495817610174843,0.6375,звичайний твел UO₂,2,skhidna,tvz_z_12_tveh,-1.104182389825159,0.6375,2376,37247.71592121665,1002.1889794454269,0.0001923146547188609,5.18181863227999e-06,0.005115896397560633,5.406427876023933e-05,0.0003360829886617816,8.513224080400666e-06,1.0541787055923704,0.0283713001994291
156,1,0,24.70418238982516,0.6375,звичайний твел UO₂,2,skhidna,tvz_z_12_tveh,1.104182389825159,0.6375,2381,35591.80884483097,870.1980045665192,0.00018376678003746802,4.499800298185525e-06,0.004981918529140803,5.529797391205763e-05,0.0003297485163996922,8.054605605164796e-06,1.00731349694286,0.02463610055136256
158,5,-2,29.120911949125798,0.6375,звичайний твел UO₂,2,skhidna,tvz_z_12_tveh,5.520911949125795,0.6375,2389,28121.249137999464,859.103608035213,0.00014517250705347334,4.441827145715553e-06,0.004347568085830945,5.488219221530087e-05,0.0002537745253519053,7.972827879361101e-06,0.7958829496723815,0.024319204327176023
160,9,-4,33.53764150842643,0.6375,звичайний твел UO₂,2,skhidna,tvz_z_12_tveh,9.937641508426431,0.6375,2397,29703.356789966863,940.0887843578063,0.00015335801596086482,4.861308598283353e-06,0.004264035636986859,5.661965700578806e-05,0.00026356570278170864,7.061019819060821e-06,0.8406594991978994,0.026611331237169418
161,-10,5,12.558176101748412,0.0,звичайний твел UO₂,2,skhidna,tvz_z_12_tveh,-11.04182389825159,0.0,2402,45898.009124924334,1355.6806662501774,0.00023699467785486916,7.009804560307892e-06,0.006302955580261856,5.949973407295172e-05,0.0004149682874459118,1.117173001763806e-05,1.2989978754917197,0.03837668399439538
162,-8,4,14.76654088139873,0.0,звичайний твел UO₂,2,skhidna,tvz_z_12_tveh,-8.833459118601272,0.0,2407,40381.82135719573,1096.4597694680167,0.0002084955061700386,5.669035295602857e-06,0.00587619798204397,5.918078980222026e-05,0.0003682172198649136,9.3571320655257e-06,1.142879640132319,0.031039894853257137
163,-6,3,16.974905661049046,0.0,звичайний твел UO₂,2,skhidna,tvz_z_12_tveh,-6.625094338950954,0.0,2412,38302.36489581896,1016.9325249435964,0.00019774964680651104,5.257835309296999e-06,0.005671061880215792,5.973350646938314e-05,0.0003691065409130401,9.268288609174796e-06,1.0840272067260277,0.02878888586635308
164,-4,2,19.183270440699367,0.0,звичайний твел UO₂,2,skhidna,tvz_z_12_tveh,-4.416729559300636,0.0,2417,37258.97004199388,1085.1730750810148,0.00019237688620464243,5.609700494222039e-06,0.005364911650070086,5.208961127354089e-05,0.0003508108071321605,1.0205183607172841e-05,1.054497217860307,0.03071933216026261
165,-2,1,21.391635220349684,0.0,звичайний твел UO₂,2,skhidna,tvz_z_12_tveh,-2.208364779650318,0.0,2422,37090.73826675352,1063.0709562371414,0.00019149995766475173,5.4968199409333206e-06,0.00528947714913851,5.97046748814006e-05,0.0003446719101634007,9.977502841312606e-06,1.0497359499361878,0.030093882109627778
167,2,-1,25.80836477965032,0.0,звичайний твел UO₂,2,skhidna,tvz_z_12_tveh,2.208364779650318,0.0,2430,31943.86747921936,935.0696144145628,0.0001649176111447775,4.833888066759837e-06,0.0046819855977249455,5.702987425660086e-05,0.0002857665209406137,7.220783609976583e-06,0.9040700627679653,0.026470108454871744
168,4,-2,28.016729559300636,0.0,звичайний твел UO₂,2,skhidna,tvz_z_12_tveh,4.416729559300636,0.0,2435,31594.364531401774,984.2416858280574,0.00016312136217660645,5.088383685076325e-06,0.004519830831590683,5.722849013970121e-05,0.00028627434474727347,8.272505393539596e-06,0.8941784880493879,0.02786135002960305
169,6,-3,30.225094338950957,0.0,звичайний твел UO₂,2,skhidna,tvz_z_12_tveh,6.625094338950954,0.0,2440,30605.13373488359,1077.722457742509,0.0001580200259029145,5.57153407090846e-06,0.0043468045835566675,5.881341839441833e-05,0.0002780293942316947,9.299169760409233e-06,0.8661814413899002,0.03050624019760254
170,8,-4,32.43345911860128,0.0,звичайний твел UO₂,2,skhidna,tvz_z_12_tveh,8.833459118601272,0.0,2445,28052.675579860086,922.6162655299582,0.0001448277868493963,4.769744404655945e-06,0.004228171112765495,5.677103157148793e-05,0.00026756027513938574,8.028629853427845e-06,0.7939421921529102,0.026116362563294505
171,10,-5,34.64182389825159,0.0,звичайний твел UO₂,2,skhidna,tvz_z_12_tveh,11.04182389825159,0.0,2450,31275.23239151045,1076.499063222096,0.0001614821426175314,5.565741600457805e-06,0.004218534591754215,5.429862264365207e-05,0.0002904287609374389,8.924095856449908e-06,0.8851464629218571,0.030471830293574243
172,-9,4,13.66235849157357,-0.6375,звичайний твел UO₂,2,skhidna,tvz_z_12_tveh,-9.937641508426431,-0.6375,2455,43475.95718568557,970.9503671327724,0.00022447657269987706,5.020311281335979e-06,0.005978860737577419,5.800167436329902e-05,0.0003969546737867042,9.508582272166079e-06,1.2304493614409604,0.02749024148651491
174,-5,2,18.079088050874205,-0.6375,звичайний твел UO₂,2,skhidna,tvz_z_12_tveh,-5.520911949125795,-0.6375,2463,38946.71970960384,1063.2985951045828,0.0002010945435246358,5.497160190592833e-06,0.005557323158365517,5.541008141854208e-05,0.0003576063645443194,1.1355813316708813e-05,1.1022636302687407,0.03010104343441703
176,-1,0,22.495817610174843,-0.6375,звичайний твел UO₂,2,skhidna,tvz_z_12_tveh,-1.104182389825159,-0.6375,2471,37099.93085292673,976.9861379589482,0.0001915542535966703,5.050939789950262e-06,0.005157404252306183,5.990920912269724e-05,0.0003378471963533724,9.513253230396357e-06,1.0499961169921654,0.02765814627511226
177,1,-1,24.70418238982516,-0.6375,звичайний твел UO₂,2,skhidna,tvz_z_12_tveh,1.104182389825159,-0.6375,2476,37372.05814789816,1007.1397572981466,0.0001929785614724461,5.206734523536584e-06,0.005012090385365085,5.838648702513362e-05,0.0003364405963221204,9.045542777667474e-06,1.0576978187602981,0.028511429366021374
178,3,-2,26.912547169475477,-0.6375,звичайний твел UO₂,2,skhidna,tvz_z_12_tveh,3.312547169475477,-0.6375,2481,31554.020254449308,1085.5024234467928,0.00016291049460396558,5.61238348078567e-06,0.004560597244144788,6.041849154132619e-05,0.0002965380326119752,1.0032839026239468e-05,0.8930366709847988,0.03072668858365446
179,5,-3,29.120911949125798,-0.6375,звичайний твел UO₂,2,skhidna,tvz_z_12_tveh,5.520911949125795,-0.6375,2486,26041.371002316217,816.7296226874175,0.00013442264854746967,4.2230064936347985e-06,0.004258030354239174,5.426332733318201e-05,0.0002474126580216442,7.659046941194791e-06,0.737018582109496,0.023119453418149805
180,7,-4,31.329276728776115,-0.6375,звичайний твел UO₂,2,skhidna,tvz_z_12_tveh,7.729276728776114,-0.6375,2491,30528.955878921406,980.7120920310406,0.00015762853273120148,5.070831730437383e-06,0.004270543213453877,5.0179295780029716e-05,0.000276457809615896,7.859381687988167e-06,0.8640254682890831,0.027761109604942637
181,9,-5,33.53764150842643,-0.6375,звичайний твел UO₂,2,skhidna,tvz_z_12_tveh,9.937641508426431,-0.6375,2496,30743.36523548169,962.807729038926,0.00015873433517347622,4.9781085081458334e-06,0.004343463923005423,5.042352912549395e-05,0.00028357979120156103,8.44221612771039e-06,0.8700936464947934,0.027254553226610148
182,-10,4,12.558176101748412,-1.275,звичайний твел UO₂,2,skhidna,tvz_z_12_tveh,-11.04182389825159,-1.275,2501,45140.57371920371,1228.9724824226219,0.00023308963808756696,6.353946509310978e-06,0.006187724922871528,6.20734196928804e-05,0.0004064397305541773,1.0626829145816377e-05,1.2775610637081125,0.03479117471982183
183,-8,3,14.76654088139873,-1.275,звичайний твел UO₂,2,skhidna,tvz_z_12_tveh,-8.833459118601272,-1.275,2506,42303.768437730214,1063.5836142911994,0.00021843537279467407,5.499331911841081e-06,0.0060210838138642885,5.5216615745592604e-05,0.0003927283808330589,1.0636420179103355e-05,1.1972742690502443,0.030110499551416654
184,-6,2,16.974905661049046,-1.275,звичайний твел UO₂,2,skhidna,tvz_z_12_tveh,-6.625094338950954,-1.275,2511,39042.88549310563,1041.6033815438213,0.00020158057014290202,5.384692642217821e-06,0.005670803233606542,5.9685091717485374e-05,0.0003627721951604763,8.57920596776995e-06,1.104985298394341,0.02948722937130153
185,-4,1,19.183270440699367,-1.275,звичайний твел UO₂,2,skhidna,tvz_z_12_tveh,-4.416729559300636,-1.275,2516,37701.66604290384,1109.530496988826,0.00019466414235989372,5.73504579310356e-06,0.005373365515268982,6.039970053129118e-05,0.0003503337984485186,1.0302742736032146e-05,1.0670263269792999,0.031408701814737275
186,-2,0,21.391635220349684,-1.275,звичайний твел UO₂,2,skhidna,tvz_z_12_tveh,-2.208364779650318,-1.275,2521,37346.11531748144,1042.634915108949,0.00019282793733131523,5.390154098203247e-06,0.005207776367561478,5.416237250230398e-05,0.00033928645565291536,8.340279673067502e-06,1.0569635890575708,0.02951574121520627
187,0,-1,23.6,-1.275,звичайний твел UO₂,2,skhidna,tvz_z_12_tveh,0.0,-1.275,2526,36879.71572941091,1176.1941210215152,0.00019042269318652341,6.080508578469338e-06,0.004903941503096208,5.62421855174791e-05,0.0003364988795893874,9.447366361832974e-06,1.0437636249287385,0.03329472785945521
188,2,-2,25.80836477965032,-1.275,звичайний твел UO₂,2,skhidna,tvz_z_12_tveh,2.208364779650318,-1.275,2531,34154.96953062982,1033.3023392474606,0.0001763595320806189,5.341636258539497e-06,0.004767939012365564,5.828323534457428e-05,0.00030984446420645033,8.801029870770492e-06,0.9666483079258332,0.02925047945308104
189,4,-3,28.016729559300636,-1.275,звичайний твел UO₂,2,skhidna,tvz_z_12_tveh,4.416729559300636,-1.275,2536,27386.214230706202,967.9115555831233,0.000141374839325235,5.003643619171118e-06,0.004412850256374041,5.595572448825781e-05,0.0002560191272433749,8.50428131082345e-06,0.7750801130964546,0.027397878613493173
190,6,-4,30.225094338950957,-1.275,звичайний твел UO₂,2,skhidna,tvz_z_12_tveh,6.625094338950954,-1.275,2541,27517.73408104331,801.3726901131805,0.00014205608422526887,4.1443291261407695e-06,0.004257513697901843,5.2822180378397166e-05,0.0002698071674575405,9.158797874130529e-06,0.778802366183901,0.02268544585491786
191,8,-5,32.43345911860128,-1.275,звичайний твел UO₂,2,skhidna,tvz_z_12_tveh,8.833459118601272,-1.275,2546,29375.81456913825,970.8323574257182,0.00015166822774072798,5.017675405312383e-06,0.004261663881266119,6.302708098505744e-05,0.0002773167192983746,7.72123763489879e-06,0.831389453348369,0.027481161320646545
192,10,-6,34.64182389825159,-1.275,звичайний твел UO₂,2,skhidna,tvz_z_12_tveh,11.04182389825159,-1.275,2551,33449.48787996432,1048.5308471643596,0.00017272095046258018,5.420281640472203e-06,0.004252539469366882,6.128864784410552e-05,0.000291222426874544,8.978351631324967e-06,0.9466818827390983,0.029681138351899013
193,-9,3,13.66235849157357,-1.9124999999999999,звичайний твел UO₂,2,skhidna,tvz_z_12_tveh,-9.937641508426431,-1.9124999999999999,2556,43526.73311725319,1139.4762633946868,0.00022474670884445436,5.891761079913026e-06,0.006117352616449575,6.423499608503261e-05,0.0004106108672753672,1.1132086940915836e-05,1.231886413471974,0.03225829261852358
194,-7,2,15.870723271223888,-1.9124999999999999,звичайний твел UO₂,2,skhidna,tvz_z_12_tveh,-7.729276728776114,-1.9124999999999999,2561,40425.15217065497,1165.421817298852,0.00020872827287299244,6.0254089282443336e-06,0.005828720191149684,6.404760441146689e-05,0.0003713589666255144,1.0245573216691692e-05,1.1441059816599803,0.032991186142181654
195,-5,1,18.079088050874205,-1.9124999999999999,звичайний твел UO₂,2,skhidna,tvz_z_12_tveh,-5.520911949125795,-1.9124999999999999,2566,36484.46584946948,902.1092885305668,0.0001883540518006349,4.664409540525502e-06,0.00557160378248478,6.473951931593439e-05,0.0003383576842850658,8.47558877258596e-06,1.0325773280910078,0.02553935606472644
196,-3,0,20.287452830524526,-1.9124999999999999,звичайний твел UO₂,2,skhidna,tvz_z_12_tveh,-3.312547169475477,-1.9124999999999999,2571,37092.11908584046,1121.8161593217785,0.00019151037168121926,5.799530368584225e-06,0.0052451088389023435,5.9565891877846536e-05,0.0003329949119116023,8.745433348124192e-06,1.0497750296499828,0.03175611193124812
197,-1,-1,22.495817610174843,-1.9124999999999999,звичайний твел UO₂,2,skhidna,tvz_z_12_tveh,-1.104182389825159,-1.9124999999999999,2576,37902.130800403225,990.7479794988589,0.0001957139815039854,5.122164182443512e-06,0.005119804420281496,5.7421248500758855e-05,0.0003477586657878917,7.862943324431335e-06,1.0726998474449458,0.028047855004065904
198,1,-2,24.70418238982516,-1.9124999999999999,звичайний твел UO₂,2,skhidna,tvz_z_12_tveh,1.104182389825159,-1.9124999999999999,2581,35065.98609399979,1031.1029509465532,0.00018105739451996258,5.331498785494611e-06,0.0048450349686737365,6.0082651392901334e-05,0.00031056553507846917,7.5578890420510405e-06,0.9924317482736351,0.029188577690003815
199,3,-3,26.912547169475477,-1.9124999999999999,звичайний твел UO₂,2,skhidna,tvz_z_12_tveh,3.312547169475477,-1.9124999999999999,2586,31983.21872261947,1005.9982903599351,0.00016513138745803994,5.202124245157647e-06,0.0046367510919466575,6.041260968796798e-05,0.00029814060394534834,8.605362809390923e-06,0.9051837751609271,0.028477116204431382
200,5,-4,29.120911949125798,-1.9124999999999999,твег UO₂-Gd₂O₃,2,skhidna,tvz_z_12_tveh,5.520911949125795,-1.9124999999999999,2591,10570.721016487527,248.8321820210624,5.4454000107512216e-05,1.2846991065876002e-06,0.003940412090150342,5.0535223355508164e-05,0.0006855687880727121,2.1745588284799464e-05,0.29917080075214714,0.007044844350487275
201,7,-5,31.329276728776115,-1.9124999999999999,звичайний твел UO₂,2,skhidna,tvz_z_12_tveh,7.729276728776114,-1.9124999999999999,2596,28051.46112578523,810.7668972430948,0.0001448274955696271,4.191648124061261e-06,0.00420889123643346,5.079454138488364e-05,0.00026047071163702243,7.649053916693439e-06,0.7939078208742165,0.022951458260581
202,9,-6,33.53764150842643,-1.9124999999999999,звичайний твел UO₂,2,skhidna,tvz_z_12_tveh,9.937641508426431,-1.9124999999999999,2601,29231.502895592173,986.7501719518843,0.00015092143201481055,5.10146564168255e-06,0.004204410080990444,5.602704517888981e-05,0.00025625693299491533,6.99270467138619e-06,0.8273051681926713,0.027931540353479507
203,-10,3,12.558176101748412,-2.55,звичайний твел UO₂,2,skhidna,tvz_z_12_tveh,-11.04182389825159,-2.55,2606,45612.4729818698,1151.8020212135254,0.00023553393281057513,5.9545046780243875e-06,0.006129926400863029,6.036732199546621e-05,0.0004139267732218334,9.72392937179383e-06,1.2909166787192323,0.03260791355160622
204,-8,2,14.76654088139873,-2.55,звичайний твел UO₂,2,skhidna,tvz_z_12_tveh,-8.833459118601272,-2.55,2611,39647.78992308759,1066.6043550331658,0.00020469386820044045,5.5144521881041665e-06,0.005921455424548965,7.130069000994302e-05,0.0003698350348529092,9.82847024519843e-06,1.1221052036887822,0.030194858846506446
205,-6,1,16.974905661049046,-2.55,звичайний твел UO₂,2,skhidna,tvz_z_12_tveh,-6.625094338950954,-2.55,2616,39348.01371552219,1065.6547879709024,0.0002031520886666067,5.5082250899739285e-06,0.005713959499678654,6.468638322286724e-05,0.00036113939340945173,9.95537142423154e-06,1.1136209869618532,0.030167870894111312
206,-4,0,19.183270440699367,-2.55,звичайний твел UO₂,2,skhidna,tvz_z_12_tveh,-4.416729559300636,-2.55,2621,34438.226265680765,1071.8821783097521,0.0001777893314935864,5.541888866165368e-06,0.005317458300895815,5.8056506190242894e-05,0.00031697569582336273,8.777780536943431e-06,0.974664993269383,0.03034223756480702
207,-2,-1,21.391635220349684,-2.55,звичайний твел UO₂,2,skhidna,tvz_z_12_tveh,-2.208364779650318,-2.55,2626,36203.50376756838,1044.8942443027458,0.0001869236317030164,5.402624204402945e-06,0.005096961638666707,6.256086745937022e-05,0.0003268351356957973,8.847489412238275e-06,1.0246255856420075,0.029579232231785213
208,0,-2,23.6,-2.55,звичайний твел UO₂,2,skhidna,tvz_z_12_tveh,0.0,-2.55,2631,37296.36735783486,1164.3155630496756,0.0001925826239576816,6.020327360198998e-06,0.005020717682186819,6.200395629337476e-05,0.00033207955227097525,9.275698946610452e-06,1.0555556305181262,0.03295875094057981
210,4,-4,28.016729559300636,-2.55,звичайний твел UO₂,2,skhidna,tvz_z_12_tveh,4.416729559300636,-2.55,2639,28371.530422571777,819.7366687936919,0.00014646886443110078,4.2379912110741276e-06,0.0044825224578464145,5.9811180459853224e-05,0.00027014109768934625,8.500014759829255e-06,0.8029663692614508,0.023205381182174672
211,6,-5,30.225094338950957,-2.55,звичайний твел UO₂,2,skhidna,tvz_z_12_tveh,6.625094338950954,-2.55,2644,26415.81798275925,911.4942560039229,0.0001363664802384674,4.711837891804431e-06,0.004145316808131972,5.438197433048539e-05,0.00024704458040489014,7.687837217669755e-06,0.7476161187206353,0.025801114927754467
212,8,-6,32.43345911860128,-2.55,звичайний твел UO₂,2,skhidna,tvz_z_12_tveh,8.833459118601272,-2.55,2649,28219.038306006943,887.7930265606935,0.00014569164887579908,4.591118221095031e-06,0.004143027783839376,5.4421531536361854e-05,0.0002558961021881231,7.102548285936502e-06,0.7986505625582058,0.02513103977891403
213,10,-7,34.64182389825159,-2.55,звичайний твел UO₂,2,skhidna,tvz_z_12_tveh,11.04182389825159,-2.55,2654,31545.754438078646,1162.3906379674115,0.00016288501138358872,6.009432250340339e-06,0.004165664294325673,6.002296281997581e-05,0.0002897636194064639,9.250066335936162e-06,0.8928027332147428,0.032902434454630654
214,-9,2,13.66235849157357,-3.1875,звичайний твел UO₂,2,skhidna,tvz_z_12_tveh,-9.937641508426431,-3.1875,2659,40402.72884072675,891.6922578697742,0.0002085984767470256,4.6111722372677505e-06,0.006011543398268399,6.067280140097202e-05,0.000373222754792656,8.579864632666193e-06,1.1434713602789324,0.025246461702772886
215,-7,1,15.870723271223888,-3.1875,звичайний твел UO₂,2,skhidna,tvz_z_12_tveh,-7.729276728776114,-3.1875,2664,39436.23702243086,1093.0398983918897,0.00020361345956158673,5.651581657261377e-06,0.005800440600276107,6.744064260977582e-05,0.0003591381618418295,9.958876619134277e-06,1.116117868426391,0.0309427567717189
216,-5,0,18.079088050874205,-3.1875,звичайний твел UO₂,2,skhidna,tvz_z_12_tveh,-5.520911949125795,-3.1875,2669,35229.142026053945,963.0799920792871,0.00018186428275858248,4.9785868989303325e-06,0.005490297183517908,6.045093055232322e-05,0.00032689908487058453,8.688652692299847e-06,0.9970493605220306,0.027263924788578323
217,-3,-1,20.287452830524526,-3.1875,звичайний твел UO₂,2,skhidna,tvz_z_12_tveh,-3.312547169475477,-3.1875,2674,34260.68355351876,1178.8794109592436,0.0001768820983147893,6.0950111975518444e-06,0.005098114408778665,6.591737034423004e-05,0.0003238591600545161,9.988497331415508e-06,0.9696402087459461,0.03336985448209035
219,1,-3,24.70418238982516,-3.1875,звичайний твел UO₂,2,skhidna,tvz_z_12_tveh,1.104182389825159,-3.1875,2682,35775.80748664505,1200.280501897212,0.0001847267101744373,6.206101713801365e-06,0.004914403579094468,6.48385877277442e-05,0.00032929510784318865,1.0898126752133506e-05,1.012520996121295,0.033975928074225406
220,3,-4,26.912547169475477,-3.1875,звичайний твел UO₂,2,skhidna,tvz_z_12_tveh,3.312547169475477,-3.1875,2687,29983.11186745293,870.2065288767616,0.00015479476147011587,4.499903923404127e-06,0.004529427627040441,5.3644423430876e-05,0.00028251852357143316,7.207882467854603e-06,0.8485770812072481,0.024634048271951897
221,5,-5,29.120911949125798,-3.1875,звичайний твел UO₂,2,skhidna,tvz_z_12_tveh,5.520911949125795,-3.1875,2692,27499.074954522403,926.6646950902492,0.00014196472956261162,4.7917094455639745e-06,0.004219658037858177,5.052415117376496e-05,0.0002606166394619371,8.914950670684711e-06,0.7782742786661349,0.026230740220661446
222,7,-6,31.329276728776115,-3.1875,звичайний твел UO₂,2,skhidna,tvz_z_12_tveh,7.729276728776114,-3.1875,2697,29386.929789582966,821.4549990298976,0.0001517208446198427,4.247493722853259e-06,0.004183001779565808,5.631783366044491e-05,0.00026107697439527606,7.581391113160963e-06,0.8317040344820302,0.023254389369399494
223,9,-7,33.53764150842643,-3.1875,звичайний твел UO₂,2,skhidna,tvz_z_12_tveh,9.937641508426431,-3.1875,2702,30349.262488549135,985.0012296667118,0.0001567001036986863,5.09276062817894e-06,0.004106637958314811,5.4965226825172793e-05,0.00026297160696230586,7.977923119998778e-06,0.8589398156260631,0.027882417343165544
224,-10,2,12.558176101748412,-3.8249999999999997,звичайний твел UO₂,2,skhidna,tvz_z_12_tveh,-11.04182389825159,-3.8249999999999997,2707,43475.4716065012,1093.3800992641056,0.00022448625936171765,5.651701680538339e-06,0.006061280059739248,7.111431174793626e-05,0.00039754472691636136,1.0206081331235073e-05,1.2304356186590644,0.030954044773369358
225,-8,1,14.76654088139873,-3.8249999999999997,звичайний твел UO₂,2,skhidna,tvz_z_12_tveh,-8.833459118601272,-3.8249999999999997,2712,38385.588802148864,946.1686784696144,0.00019817557144309112,4.890712751161549e-06,0.0059037967024674525,6.764620141670238e-05,0.0003566767110253629,8.298945337141696e-06,1.0863825959808955,0.026786761156948884
227,-4,-1,19.183270440699367,-3.8249999999999997,твег UO₂-Gd₂O₃,2,skhidna,tvz_z_12_tveh,-4.416729559300636,-3.8249999999999997,2720,13204.767355330183,279.1320125378843,6.803883863610792e-05,1.4421528085597366e-06,0.004815697752849493,5.3128809810926484e-05,0.0008792466378976389,2.611328260609045e-05,0.37371914529559896,0.007903338057843259
228,-2,-2,21.391635220349684,-3.8249999999999997,звичайний твел UO₂,2,skhidna,tvz_z_12_tveh,-2.208364779650318,-3.8249999999999997,2725,34906.03595270878,1122.9260228317603,0.00018022221402110638,5.807044306036125e-06,0.005090667815435018,6.815928437797326e-05,0.0003186349466313157,9.058455671802883e-06,0.9879048657860723,0.031786755880476664
229,0,-3,23.6,-3.8249999999999997,звичайний твел UO₂,2,skhidna,tvz_z_12_tveh,0.0,-3.8249999999999997,2730,34723.748274857346,1124.679042179004,0.00017929505306135018,5.81510932861759e-06,0.004802611065951921,5.8768664139527116e-05,0.0003061560866622339,8.721101313576274e-06,0.9827457900271905,0.031836299121431794
230,2,-4,25.80836477965032,-3.8249999999999997,звичайний твел UO₂,2,skhidna,tvz_z_12_tveh,2.208364779650318,-3.8249999999999997,2735,31257.782168035126,1043.1474976230518,0.00016137673292174944,5.392614263949862e-06,0.004569288559233922,6.047871672480988e-05,0.00028583254138126303,8.731894340840761e-06,0.8846525895784707,0.029528071759349968
231,4,-5,28.016729559300636,-3.8249999999999997,звичайний твел UO₂,2,skhidna,tvz_z_12_tveh,4.416729559300636,-3.8249999999999997,2740,29605.812396553243,938.958349617468,0.0001528422197479601,4.854595438861407e-06,0.004328728235876276,5.0322343537479724e-05,0.0002744763717229818,8.447265781723513e-06,0.8378988138822129,0.026579310554091694
233,8,-7,32.43345911860128,-3.8249999999999997,звичайний твел UO₂,2,skhidna,tvz_z_12_tveh,8.833459118601272,-3.8249999999999997,2748,27941.64651257334,943.3301868859681,0.00014425038269723058,4.8770629135576805e-06,0.004081403020986385,5.197784357804966e-05,0.00025480339861084665,7.695267807772874e-06,0.7907998658238802,0.026702467143337304
234,10,-8,34.64182389825159,-3.8249999999999997,звичайний твел UO₂,2,skhidna,tvz_z_12_tveh,11.04182389825159,-3.8249999999999997,2753,31820.006184975227,1061.3776435983045,0.00016430814125881633,5.4874228307890326e-06,0.004057783240764156,5.463075609504337e-05,0.0002794236364245555,8.81139456407584e-06,0.9005645608704678,0.03004411237285596
235,-9,1,13.66235849157357,-4.4624999999999995,звичайний твел UO₂,2,skhidna,tvz_z_12_tveh,-9.937641508426431,-4.4624999999999995,2758,38664.12560879259,967.7249476837125,0.00019960934944662293,5.003244252874258e-06,0.005916666352835982,5.732488107905089e-05,0.0003607004206028934,9.461656602021155e-06,1.0942656986900272,0.02739677526616743
236,-7,0,15.870723271223888,-4.4624999999999995,звичайний твел UO₂,2,skhidna,tvz_z_12_tveh,-7.729276728776114,-4.4624999999999995,2763,36428.63103423612,995.6585380290412,0.0001880654356551302,5.1475906677211696e-06,0.005650067240199987,6.176826921397247e-05,0.00034454538173801487,9.656233930007769e-06,1.0309971003698182,0.028186197089429925
237,-5,-1,18.079088050874205,-4.4624999999999995,звичайний твел UO₂,2,skhidna,tvz_z_12_tveh,-5.520911949125795,-4.4624999999999995,2768,36445.28079452906,1195.6588465457776,0.0001881708585770973,6.181068168101463e-06,0.005343913902490913,5.7210462772476945e-05,0.00033014696510322126,1.0124669884468673e-05,1.0314683191363907,0.03384536856985973
238,-3,-2,20.287452830524526,-4.4624999999999995,звичайний твел UO₂,2,skhidna,tvz_z_12_tveh,-3.312547169475477,-4.4624999999999995,2773,32487.4807322132,958.6226154366149,0.0001677180075495652,4.956559874074286e-06,0.005081714885652574,5.82393904335032e-05,0.0003126335957622877,1.0068153630162966e-05,0.9194553152917981,0.027136754394659075
239,-1,-3,22.495817610174843,-4.4624999999999995,звичайний твел UO₂,2,skhidna,tvz_z_12_tveh,-1.104182389825159,-4.4624999999999995,2778,35366.82625642938,952.4051074319055,0.0001826131837887444,4.924176925746274e-06,0.004902672940161545,6.0258364455692627e-05,0.0003216321577357357,7.686462747518612e-06,1.0009460768754481,0.026961939716194584
240,1,-4,24.70418238982516,-4.4624999999999995,звичайний твел UO₂,2,skhidna,tvz_z_12_tveh,1.104182389825159,-4.4624999999999995,2783,29716.13794074059,827.5361774028909,0.00015340343659359367,4.279439416554701e-06,0.004649720890562179,4.934683668806961e-05,0.0002770060796373443,8.806144101018692e-06,0.8410212292166508,0.023426583548573635
241,3,-5,26.912547169475477,-4.4624999999999995,звичайний твел UO₂,2,skhidna,tvz_z_12_tveh,3.312547169475477,-4.4624999999999995,2788,29426.781330656802,886.2576523566885,0.0001519238374930706,4.582022318781331e-06,0.004387920944207658,4.998920631990699e-05,0.00026795715218490957,7.326328540646877e-06,0.8328319062171438,0.025088020614471084
242,5,-6,29.120911949125798,-4.4624999999999995,звичайний твел UO₂,2,skhidna,tvz_z_12_tveh,5.520911949125795,-4.4624999999999995,2793,29955.958340354326,979.8181097564271,0.00015467434790133105,5.065930828838765e-06,0.004183663175649405,4.8489002028382246e-05,0.00026856677591969485,7.86939316139156e-06,0.8478085865669426,0.027735621013047065
243,7,-7,31.329276728776115,-4.4624999999999995,звичайний твел UO₂,2,skhidna,tvz_z_12_tveh,7.729276728776114,-4.4624999999999995,2798,27345.155144698452,762.3593731082983,0.00014117249665772117,3.941218941576755e-06,0.0040507191047772385,5.596207345455126e-05,0.00024629530964807004,6.621983616934193e-06,0.7739180656240136,0.021581492377611904
244,9,-8,33.53764150842643,-4.4624999999999995,звичайний твел UO₂,2,skhidna,tvz_z_12_tveh,9.937641508426431,-4.4624999999999995,2803,28357.037654607695,927.2261038693196,0.0001464044165401126,4.7943600763957175e-06,0.0039041978919742704,5.357615450455712e-05,0.00026057402375354065,9.17197714242202e-06,0.8025561973356033,0.026246906923197796
245,-10,1,12.558176101748412,-5.1,звичайний твел UO₂,2,skhidna,tvz_z_12_tveh,-11.04182389825159,-5.1,2808,44347.515830954246,1352.924961465072,0.00022897747204930026,6.994692825317412e-06,0.006154811267701077,6.432212983822276e-05,0.0004036673471310495,1.109061452705988e-05,1.2551160703060222,0.038298148410569346
246,-8,0,14.76654088139873,-5.1,твег UO₂-Gd₂O₃,2,skhidna,tvz_z_12_tveh,-8.833459118601272,-5.1,2813,14355.164804910966,268.63442663059044,7.394647351828621e-05,1.3861964065137287e-06,0.005233470248393611,5.8446858655222366e-05,0.0009462045206990725,2.3598402802171145e-05,0.40627750395793655,0.00760700981532166
247,-6,-1,16.974905661049046,-5.1,звичайний твел UO₂,2,skhidna,tvz_z_12_tveh,-6.625094338950954,-5.1,2818,36715.81231349261,1035.116171633382,0.00018956044748201482,5.3512238307041105e-06,0.005441841657136059,5.5178909049166514e-05,0.0003379819786848181,9.7714087469567e-06,1.039124857515446,0.029302754973733455
248,-4,-2,19.183270440699367,-5.1,звичайний твел UO₂,2,skhidna,tvz_z_12_tveh,-4.416729559300636,-5.1,2823,34959.564450938655,935.6959612848634,0.00018048456331347357,4.83776461332588e-06,0.005290948340428264,5.453791832589281e-05,0.00032685436056862217,8.6989878252367e-06,0.9894198205042523,0.02648900136694011
249,-2,-3,21.391635220349684,-5.1,звичайний твел UO₂,2,skhidna,tvz_z_12_tveh,-2.208364779650318,-5.1,2828,32527.724123546865,905.7671763294975,0.00016792985502085125,4.6836458820840415e-06,0.004962487932343055,5.434457196917055e-05,0.00030859897724924186,8.159792141330767e-06,0.9205942771082622,0.025641212768137155
250,0,-4,23.6,-5.1,звичайний твел UO₂,2,skhidna,tvz_z_12_tveh,0.0,-5.1,2833,30106.900487709077,999.5060354599731,0.0001554211920666796,5.1678151768761115e-06,0.0046186319447141235,5.488292604747307e-05,0.00027483161956123664,8.79873872854673e-06,0.8520805262975377,0.028292776767335322
251,2,-5,25.80836477965032,-5.1,звичайний твел UO₂,2,skhidna,tvz_z_12_tveh,2.208364779650318,-5.1,2838,28557.150867768676,1064.7877434995182,0.0001474235449369559,5.50534689642443e-06,0.0043243591834633485,4.888854453400501e-05,0.0002589003158440433,8.452716365485005e-06,0.8082197684514314,0.03013960378909163
252,4,-6,28.016729559300636,-5.1,звичайний твел UO₂,2,skhidna,tvz_z_12_tveh,4.416729559300636,-5.1,2843,30458.43374901685,943.2650037838176,0.00015726210694749402,4.877551232843264e-06,0.004244826951770215,4.838808230587781e-05,0.00028010928265045313,7.881468222351483e-06,0.8620295626132654,0.026701468278216046
253,6,-7,30.225094338950957,-5.1,звичайний твел UO₂,2,skhidna,tvz_z_12_tveh,6.625094338950954,-5.1,2848,31174.459168694964,929.9017928213665,0.00016097029952221958,4.80794475053406e-06,0.004110402050751465,5.5471196754246364e-05,0.0002784717739880335,8.376090542788472e-06,0.8822943958095891,0.026323599120850708
254,8,-8,32.43345911860128,-5.1,твег UO₂-Gd₂O₃,2,skhidna,tvz_z_12_tveh,8.833459118601272,-5.1,2853,9901.853029394955,250.05763060638017,5.100341853863009e-05,1.2919990270231857e-06,0.0035667808782955173,5.424544211065553e-05,0.0007186969858187143,2.613976818284278e-05,0.28024060942613926,0.007079217712361038
255,10,-9,34.64182389825159,-5.1,звичайний твел UO₂,2,skhidna,tvz_z_12_tveh,11.04182389825159,-5.1,2858,33576.03132260327,1083.8855828569624,0.00017340127402223373,5.603906883644737e-06,0.003922649596386839,5.195175106556968e-05,0.0002912770454097446,8.946688708101615e-06,0.9502632943575847,0.03068159583692711
256,-9,0,13.66235849157357,-5.7375,звичайний твел UO₂,2,skhidna,tvz_z_12_tveh,-9.937641508426431,-5.7375,2863,38451.68360844576,967.9542191061039,0.00019851236680126015,5.0043319035955166e-06,0.005853088058453058,6.123196889556493e-05,0.00036305673810411125,1.0774003424008475e-05,1.0882532002750167,0.027403170243597025
257,-7,-1,15.870723271223888,-5.7375,звичайний твел UO₂,2,skhidna,tvz_z_12_tveh,-7.729276728776114,-5.7375,2868,34062.60242256724,846.0361814847488,0.00017582834083839733,4.372285474547861e-06,0.005516276974761171,6.392869706497462e-05,0.0003169973075220695,7.511461107994142e-06,0.9640341492852691,0.023951819021691703
258,-5,-2,18.079088050874205,-5.7375,звичайний твел UO₂,2,skhidna,tvz_z_12_tveh,-5.520911949125795,-5.7375,2873,35550.47687995601,1167.9882166275538,0.00018354630445262447,6.037824273533817e-06,0.005294199319692803,6.683811681073242e-05,0.0003217759800270613,8.857238424009453e-06,1.0061437264977775,0.03306208245508976
259,-3,-3,20.287452830524526,-5.7375,звичайний твел UO₂,2,skhidna,tvz_z_12_tveh,-3.312547169475477,-5.7375,2878,34967.46181107222,1124.2412196702005,0.00018054059566163338,5.810191838220859e-06,0.005087532833239595,6.058508963356402e-05,0.0003162613929789326,9.242346199423025e-06,0.9896433302867261,0.03182399219461921
260,-1,-4,22.495817610174843,-5.7375,звичайний твел UO₂,2,skhidna,tvz_z_12_tveh,-1.104182389825159,-5.7375,2883,32681.04694817188,901.8954482806774,0.00016872698675030848,4.662563074022623e-06,0.00481533747599969,4.6128766761309416e-05,0.0003079966472981191,8.625754541852295e-06,0.9249335943738586,0.025531723125142607
261,1,-5,24.70418238982516,-5.7375,твег UO₂-Gd₂O₃,2,skhidna,tvz_z_12_tveh,1.104182389825159,-5.7375,2888,11091.189517788966,241.78719322132784,5.7137384144317733e-05,1.248951303393298e-06,0.00402464633404771,5.268215164758779e-05,0.0007557830555649218,2.5101846820700113e-05,0.3139010143352846,0.006845782224296257
262,3,-6,26.912547169475477,-5.7375,звичайний твел UO₂,2,skhidna,tvz_z_12_tveh,3.312547169475477,-5.7375,2893,31596.19805154834,986.8539857057099,0.00016315154353162154,5.101803104561847e-06,0.004335829699150148,5.4739841521262124e-05,0.00028468199168936524,9.253830339924008e-06,0.8942303800338219,0.02793526897881891
263,5,-7,29.120911949125798,-5.7375,звичайний твел UO₂,2,skhidna,tvz_z_12_tveh,5.520911949125795,-5.7375,2898,30942.676697534618,1013.2481127363403,0.00015977397495139757,5.23847512036698e-06,0.004170181890788339,5.0980662444709035e-05,0.0002830229202379833,8.155922634244386e-06,0.8757345265831479,0.02868190931005985
264,7,-8,31.329276728776115,-5.7375,звичайний твел UO₂,2,skhidna,tvz_z_12_tveh,7.729276728776114,-5.7375,2903,29695.261084654612,850.5732803029393,0.00015332821558377107,4.396750713523193e-06,0.003945357590570524,5.885070820627884e-05,0.0002664409955140308,8.780264034854e-06,0.8404303758829295,0.024078411102143527
265,9,-9,33.53764150842643,-5.7375,звичайний твел UO₂,2,skhidna,tvz_z_12_tveh,9.937641508426431,-5.7375,2908,32827.56506238211,1063.8668159204512,0.00016952101904648358,5.500533899053227e-06,0.003951735867210282,5.9783515260545866e-05,0.00028476420562942924,8.52031213837245e-06,0.9290803258489019,0.030114880674349618
266,-10,0,12.558176101748412,-6.375,звичайний твел UO₂,2,skhidna,tvz_z_12_tveh,-11.04182389825159,-6.375,2913,45338.90744646541,1210.1030819315756,0.0002341107912107562,6.257178633443637e-06,0.006056635002997768,5.9234475715756076e-05,0.0004032767815227143,1.0835516142014176e-05,1.283174272107851,0.03425735681165486
267,-8,-1,14.76654088139873,-6.375,звичайний твел UO₂,2,skhidna,tvz_z_12_tveh,-8.833459118601272,-6.375,2918,36850.00651248368,1056.1238521876678,0.00019024140685499678,5.460508641209588e-06,0.0056801507336941524,6.061199543076297e-05,0.0003405145784223943,9.39502989468453e-06,1.0429227995769033,0.029897221046494095
268,-6,-2,16.974905661049046,-6.375,звичайний твел UO₂,2,skhidna,tvz_z_12_tveh,-6.625094338950954,-6.375,2923,39364.27332635036,977.4034439619799,0.00020324604380571548,5.052664414666494e-06,0.005579871656311571,6.452118238497362e-05,0.0003584214287451138,8.785768050990049e-06,1.1140811637826957,0.027670914775116375
269,-4,-3,19.183270440699367,-6.375,звичайний твел UO₂,2,skhidna,tvz_z_12_tveh,-4.416729559300636,-6.375,2928,37192.54882113097,1151.0023027816255,0.00019202995191409779,5.951914270162668e-06,0.005295248865273809,6.290378414085246e-05,0.0003485495996711445,1.0848040624568835e-05,1.0526173754350363,0.03258199976997713
270,-2,-4,21.391635220349684,-6.375,звичайний твел UO₂,2,skhidna,tvz_z_12_tveh,-2.208364779650318,-6.375,2933,32727.43939731417,927.6856357256803,0.00016896604389741147,4.79533892354506e-06,0.004888155323084684,5.608955764875167e-05,0.0003083581018723082,8.638674310173438e-06,0.926246585809079,0.0262614718690382
271,0,-5,23.6,-6.375,звичайний твел UO₂,2,skhidna,tvz_z_12_tveh,0.0,-6.375,2938,30004.716491373503,981.6465896168604,0.00015490561180170313,5.074862448318131e-06,0.004511648892007863,5.845978732942409e-05,0.0002794851926409216,9.040778955541845e-06,0.8491885317060537,0.027787377253772467
272,2,-6,25.80836477965032,-6.375,звичайний твел UO₂,2,skhidna,tvz_z_12_tveh,2.208364779650318,-6.375,2943,27772.715639916936,847.2802989680237,0.00014336638897043024,4.380670550950549e-06,0.0042578655213679085,5.028663191981545e-05,0.0002553014426987004,7.947011817413955e-06,0.7860188121601284,0.023984527912204272
274,6,-8,30.225094338950957,-6.375,звичайний твел UO₂,2,skhidna,tvz_z_12_tveh,6.625094338950954,-6.375,2951,32105.613632372264,959.9672533189215,0.0001657844392944904,4.9635814238729575e-06,0.003984401377961473,4.8207931886098006e-05,0.00028107945546999787,7.635521427559275e-06,0.9086477756866829,0.027174662308442354
275,8,-9,32.43345911860128,-6.375,звичайний твел UO₂,2,skhidna,tvz_z_12_tveh,8.833459118601272,-6.375,2956,32136.124474216424,1120.9413732474202,0.0001659518839824537,5.7949299385139e-06,0.0037853464493596625,5.466617540793363e-05,0.0002744825988028009,9.041893583486726e-06,0.9095112884945511,0.031729698020877696
276,10,-10,34.64182389825159,-6.375,звичайний твел UO₂,2,skhidna,tvz_z_12_tveh,11.04182389825159,-6.375,2961,39004.73282268112,1352.5942310082792,0.0002014824594120027,6.992413761367548e-06,0.0037965758268666814,6.072447422207115e-05,0.00033087987374510455,1.0726529154984016e-05,1.1039055078158242,0.0382870032851714
277,-9,-1,13.66235849157357,-7.012499999999999,звичайний твел UO₂,2,skhidna,tvz_z_12_tveh,-9.937641508426431,-7.012499999999999,2966,41377.37450264864,1113.4952022137343,0.00021363966063820935,5.756892898331127e-06,0.005884279076198599,7.318345742837432e-05,0.0003801410404236563,1.0184342602568713e-05,1.1710556208673997,0.03152230207563309
278,-7,-2,15.870723271223888,-7.012499999999999,звичайний твел UO₂,2,skhidna,tvz_z_12_tveh,-7.729276728776114,-7.012499999999999,2971,38890.74252782282,1011.9584375214444,0.00020079556636619069,5.232206761044363e-06,0.005557737282572488,6.525986360471762e-05,0.00036093732920464903,9.823182119418347e-06,1.1006793733130271,0.0286483920861918
279,-5,-3,18.079088050874205,-7.012499999999999,звичайний твел UO₂,2,skhidna,tvz_z_12_tveh,-5.520911949125795,-7.012499999999999,2976,36714.10552239175,901.4314122355179,0.0001895446033192376,4.6602208588189e-06,0.005440593850911128,6.117849879282653e-05,0.00034561464604011783,9.109609202322984e-06,1.0390765521955376,0.025520278125774242
281,-1,-5,22.495817610174843,-7.012499999999999,звичайний твел UO₂,2,skhidna,tvz_z_12_tveh,-1.104182389825159,-7.012499999999999,2984,32165.48920875291,777.5644776142616,0.0001660697744936587,4.019949002486537e-06,0.004630716099120368,5.818212571526185e-05,0.00029871533061990685,8.506861848623048e-06,0.9103423643626449,0.0220137225744206
282,1,-6,24.70418238982516,-7.012499999999999,звичайний твел UO₂,2,skhidna,tvz_z_12_tveh,1.104182389825159,-7.012499999999999,2989,29338.7890018361,895.9563730715611,0.00015146224914002086,4.633021910828899e-06,0.004443244816206803,5.1960477284990255e-05,0.0002769467405170604,8.710920656626696e-06,0.8303415618563119,0.025362423494883067
283,3,-7,26.912547169475477,-7.012499999999999,звичайний твел UO₂,2,skhidna,tvz_z_12_tveh,3.312547169475477,-7.012499999999999,2994,31582.691750429334,1027.6030678095499,0.00016307064981782365,5.3119821812687235e-06,0.004265360665498477,5.2486701764691956e-05,0.00027674885783773677,8.395260753166455e-06,0.8938481269297365,0.02908832058567449
284,5,-8,29.120911949125798,-7.012499999999999,звичайний твел UO₂,2,skhidna,tvz_z_12_tveh,5.520911949125795,-7.012499999999999,2999,32708.982563063873,1048.186020398585,0.00016891079967489746,5.419618019660124e-06,0.004002532600783479,5.690839128158884e-05,0.0002877271866838304,8.006123435018304e-06,0.9257242235337528,0.029671127382732407
285,7,-9,31.329276728776115,-7.012499999999999,звичайний твел UO₂,2,skhidna,tvz_z_12_tveh,7.729276728776114,-7.012499999999999,3004,36154.352029679925,1138.487580366631,0.00018673224545255696,5.886821704780116e-06,0.00387617729862368,4.960940789863871e-05,0.0002935095643592742,8.261539801951843e-06,1.0232345012723119,0.032227518871028454
286,9,-10,33.53764150842643,-7.012499999999999,звичайний твел UO₂,2,skhidna,tvz_z_12_tveh,9.937641508426431,-7.012499999999999,3009,43043.48833299833,1673.5858395696014,0.00022236750444858241,8.652351817231467e-06,0.0038346018389781786,5.866014436498747e-05,0.00035301907595051074,1.2299485037514509e-05,1.2182096993822416,0.0473715586596904
287,-8,-2,14.76654088139873,-7.6499999999999995,звичайний твел UO₂,2,skhidna,tvz_z_12_tveh,-8.833459118601272,-7.6499999999999995,3014,41625.700731637786,1280.915580392153,0.000214926046931877,6.621762960594184e-06,0.005803558879695351,6.861562846109262e-05,0.00036858087710683624,1.028202288179918e-05,1.1780837087961764,0.03625960284790342
288,-6,-3,16.974905661049046,-7.6499999999999995,звичайний твел UO₂,2,skhidna,tvz_z_12_tveh,-6.625094338950954,-7.6499999999999995,3019,39670.68770184176,1091.9689198666708,0.0002048213304240913,5.646163467959909e-06,0.005552183852559826,7.058172454289443e-05,0.0003557501396665693,9.50084207321451e-06,1.12275325284216,0.03091254585370346
289,-4,-4,19.183270440699367,-7.6499999999999995,звичайний твел UO₂,2,skhidna,tvz_z_12_tveh,-4.416729559300636,-7.6499999999999995,3024,36685.45790040705,1050.102200052461,0.00018941377020635785,5.430273018139447e-06,0.005183181982999212,5.644198046558674e-05,0.0003379511476641085,9.94900520458701e-06,1.0382657719284734,0.029726774717772127
290,-2,-5,21.391635220349684,-7.6499999999999995,звичайний твел UO₂,2,skhidna,tvz_z_12_tveh,-2.208364779650318,-7.6499999999999995,3029,34268.29413806179,1003.3226798752644,0.0001769252365324909,5.187434887590929e-06,0.004831196203551021,5.510965292666279e-05,0.0003109084262936293,8.3709091782868e-06,0.9698556022530097,0.028402225068258874
292,2,-7,25.80836477965032,-7.6499999999999995,звичайний твел UO₂,2,skhidna,tvz_z_12_tveh,2.208364779650318,-7.6499999999999995,3037,29528.0657597724,916.8302843545362,0.00015245345335321804,4.741261630388038e-06,0.004180990516759166,4.636078045251079e-05,0.00027546967478662184,8.684772111792049e-06,0.835698441405706,0.025953140747056264
293,4,-8,28.016729559300636,-7.6499999999999995,звичайний твел UO₂,2,skhidna,tvz_z_12_tveh,4.416729559300636,-7.6499999999999995,3042,33099.89392391968,992.1615359821657,0.00017091735886345054,5.1304829331355465e-06,0.004142924689640897,4.760580340673541e-05,0.0002925808169964057,8.89412767766983e-06,0.9367877323207061,0.028085985132308828
294,6,-9,30.225094338950957,-7.6499999999999995,звичайний твел UO₂,2,skhidna,tvz_z_12_tveh,6.625094338950954,-7.6499999999999995,3047,34567.71930918348,1012.496913230515,0.0001785214373806689,5.234849597668648e-06,0.003869582904521323,5.072523760984013e-05,0.0002907796667135028,8.52031786995272e-06,0.9783298840044724,0.02866192563119803
295,8,-10,32.43345911860128,-7.6499999999999995,звичайний твел UO₂,2,skhidna,tvz_z_12_tveh,8.833459118601272,-7.6499999999999995,3052,42257.254961300096,1128.4314148744795,0.00021829543611168726,5.834041142231873e-06,0.0037823350375663515,6.13912656275147e-05,0.0003481801027984905,9.905931593968423e-06,1.195957852320708,0.03194526775272662
296,-7,-3,15.870723271223888,-8.2875,звичайний твел UO₂,2,skhidna,tvz_z_12_tveh,-7.729276728776114,-8.2875,3057,41310.01823446627,1172.4039178024884,0.00021331913299001533,6.0616795731554045e-06,0.005599853529594424,6.086501413141763e-05,0.0003876644671856258,1.1567503610456192e-05,1.1691493148872905,0.03318908185092206
297,-5,-4,18.079088050874205,-8.2875,звичайний твел UO₂,2,skhidna,tvz_z_12_tveh,-5.520911949125795,-8.2875,3062,37342.417569197365,1016.8135189947976,0.00019279573024114576,5.258770098312355e-06,0.005365580864657244,5.246405632981397e-05,0.00034129652717061065,8.747967817266913e-06,1.056858935996214,0.02878513116884233
298,-3,-5,20.287452830524526,-8.2875,звичайний твел UO₂,2,skhidna,tvz_z_12_tveh,-3.312547169475477,-8.2875,3067,33950.37738916633,950.066758443295,0.0001752753911244902,4.9113140900586926e-06,0.00498214578583939,6.256995163373631e-05,0.0003037112581777738,7.4571541346477145e-06,0.9608579749207562,0.026895216886197924
299,-1,-6,22.495817610174843,-8.2875,звичайний твел UO₂,2,skhidna,tvz_z_12_tveh,-1.104182389825159,-8.2875,3072,32596.13173943808,1156.1010449590708,0.00016830200672851732,5.976744623841814e-06,0.0046074109864869695,6.402764057769881e-05,0.00029264251273685717,9.33884143995551e-06,0.9225303381576266,0.03272476897798902
300,1,-7,24.70418238982516,-8.2875,звичайний твел UO₂,2,skhidna,tvz_z_12_tveh,1.104182389825159,-8.2875,3077,31721.662053053205,757.4914238790312,0.00016378024102056975,3.915874246454619e-06,0.004330053118120001,5.428876798384265e-05,0.0002796517518268781,6.9809504777749525e-06,0.8977812414875708,0.021445606501000174
301,3,-8,26.912547169475477,-8.2875,звичайний твел UO₂,2,skhidna,tvz_z_12_tveh,3.312547169475477,-8.2875,3082,32671.04512953155,1051.3436402710329,0.00016870826961175585,5.435354303844768e-06,0.0040919479185039,5.061851660588349e-05,0.0002859547297241013,9.352539329438075e-06,0.9246505245542184,0.029760464380777805
302,5,-9,29.120911949125798,-8.2875,звичайний твел UO₂,2,skhidna,tvz_z_12_tveh,5.520911949125795,-8.2875,3087,36428.94387320158,1219.4241665746963,0.00018814096746445677,6.303531609400936e-06,0.004001429460624088,5.9598628254490804e-05,0.0003068956264097351,9.216330016801465e-06,1.0310059542865622,0.03451784794972803
303,7,-10,31.329276728776115,-8.2875,звичайний твел UO₂,2,skhidna,tvz_z_12_tveh,7.729276728776114,-8.2875,3092,45579.915646909634,1425.843740101162,0.00023547198393042141,7.371056965695635e-06,0.003812039624715466,6.129072760276694e-05,0.00036459387300565304,1.0800190831360442e-05,1.2899952464011155,0.04036190205620379
304,-6,-4,16.974905661049046,-8.924999999999999,звичайний твел UO₂,2,skhidna,tvz_z_12_tveh,-6.625094338950954,-8.924999999999999,3097,39784.39657574911,1040.7569665387882,0.00020542879707291536,5.381340487397764e-06,0.005462766967177525,5.965188744982936e-05,0.00036794059197426207,8.608180871073728e-06,1.125971422615672,0.029463585490840875
305,-4,-5,19.183270440699367,-8.924999999999999,звичайний твел UO₂,2,skhidna,tvz_z_12_tveh,-4.416729559300636,-8.924999999999999,3102,37475.47051833937,1144.3397003610228,0.00019349685460799145,5.916334499694227e-06,0.005119927007033217,5.700772456785675e-05,0.00033925925108130235,9.831752901277237e-06,1.0606245785928883,0.03239357404699211
306,-2,-6,21.391635220349684,-8.924999999999999,звичайний твел UO₂,2,skhidna,tvz_z_12_tveh,-2.208364779650318,-8.924999999999999,3107,34611.15917030838,943.7102183084834,0.00017869668843051108,4.8789474346816226e-06,0.004848666284635501,6.583883915393013e-05,0.0003195989411693173,1.0122664436429617e-05,0.9795593117811614,0.026715619984787786
307,0,-7,23.6,-8.924999999999999,звичайний твел UO₂,2,skhidna,tvz_z_12_tveh,0.0,-8.924999999999999,3112,30389.74569581563,1017.6985164804806,0.00015690045050800784,5.260981042474445e-06,0.00431909954603128,5.1596766693250125e-05,0.00026980937060061517,8.011596252846696e-06,0.8600855646734594,0.028807660637251528
308,2,-8,25.80836477965032,-8.924999999999999,звичайний твел UO₂,2,skhidna,tvz_z_12_tveh,2.208364779650318,-8.924999999999999,3117,33816.06445866589,1008.3432638072735,0.0001746245463649883,5.213489081267339e-06,0.004158732415063186,4.807083500165012e-05,0.0002918405902277522,9.1209546127736e-06,0.9570566725397256,0.028544119479773398
309,4,-9,28.016729559300636,-8.924999999999999,звичайний твел UO₂,2,skhidna,tvz_z_12_tveh,4.416729559300636,-8.924999999999999,3122,35927.774700640286,1132.8655008027283,0.0001855486907445768,5.857102588792198e-06,0.003897647450390473,5.398212298793695e-05,0.0003041689680093597,9.269702936139085e-06,1.0168219471186886,0.03206835638471074
310,6,-10,30.225094338950957,-8.924999999999999,звичайний твел UO₂,2,skhidna,tvz_z_12_tveh,6.625094338950954,-8.924999999999999,3127,42802.72294609531,1153.8428335462027,0.00022110657607969013,5.965284219355823e-06,0.0037968190632400017,5.2509997581289786e-05,0.00034016891492746665,8.513437141791183e-06,1.2113955971577266,0.032664486643255705
311,-5,-5,18.079088050874205,-9.5625,звичайний твел UO₂,2,skhidna,tvz_z_12_tveh,-5.520911949125795,-9.5625,3132,38502.19756877707,1246.087321276765,0.0001988049172845976,6.441571962889291e-06,0.005291212555673937,6.307812974182107e-05,0.0003501723157130115,9.157363825216955e-06,1.0896828380393575,0.03527301437313385
312,-3,-6,20.287452830524526,-9.5625,звичайний твел UO₂,2,skhidna,tvz_z_12_tveh,-3.312547169475477,-9.5625,3137,33066.516636826054,926.4389072720456,0.00017071627665717843,4.790441641078815e-06,0.004859021598947133,4.7776606280998765e-05,0.00029808384054422134,7.596835915042057e-06,0.9358430938527001,0.0262263262724397
313,-1,-7,22.495817610174843,-9.5625,звичайний твел UO₂,2,skhidna,tvz_z_12_tveh,-1.104182389825159,-9.5625,3142,31151.537796975947,802.2653532289577,0.00016082768873464776,4.147271851523382e-06,0.004475485097378672,5.0876494824305004e-05,0.0002820809714763758,7.75694040909632e-06,0.8816456789320156,0.022712146184433887
314,1,-8,24.70418238982516,-9.5625,звичайний твел UO₂,2,skhidna,tvz_z_12_tveh,1.104182389825159,-9.5625,3147,31085.93627736478,949.7805428432798,0.00016050303585481385,4.909880728165005e-06,0.004159411575183312,5.4556986661699294e-05,0.00026836893044059025,7.76323563807349e-06,0.8797890355562215,0.026886054038625918
315,3,-9,26.912547169475477,-9.5625,звичайний твел UO₂,2,skhidna,tvz_z_12_tveh,3.312547169475477,-9.5625,3152,36104.31491415967,1071.9627080809976,0.0001864593524889767,5.541901202036118e-06,0.003968831411631111,5.2395354228052776e-05,0.00029899301550537883,8.770151199034323e-06,1.0218183590910763,0.030345111246338412
316,5,-10,29.120911949125798,-9.5625,звичайний твел UO₂,2,skhidna,tvz_z_12_tveh,5.520911949125795,-9.5625,3157,45699.13641924251,1248.4371838357026,0.0002360936525631974,6.454538530405734e-06,0.003821348123287403,5.812798796237782e-05,0.0003654268937616964,1.022620355320192e-05,1.2933694130137319,0.03534214177126927
317,-4,-6,19.183270440699367,-10.2,звичайний твел UO₂,2,skhidna,tvz_z_12_tveh,-4.416729559300636,-10.2,3162,36408.26230765572,1109.6686844095123,0.00018799002472550506,5.738044623192353e-06,0.00498369810409052,6.186432001896031e-05,0.00032838543306881767,9.932659904162445e-06,1.0304206280334607,0.031412143140435105
318,-2,-7,21.391635220349684,-10.2,звичайний твел UO₂,2,skhidna,tvz_z_12_tveh,-2.208364779650318,-10.2,3167,33662.16519826005,989.333637811574,0.00017380193427640674,5.115402265851394e-06,0.004632272029681301,5.59099884691941e-05,0.0003009525762045521,8.138523553079131e-06,0.9527010410838425,0.028006173458848864
319,0,-8,23.6,-10.2,твег UO₂-Gd₂O₃,2,skhidna,tvz_z_12_tveh,0.0,-10.2,3172,10932.457447613047,232.50581926091388,5.6326520077346636e-05,1.2013393678810909e-06,0.003857348350039435,4.0749882541931495e-05,0.0008353309261512449,2.889067567923853e-05,0.309408605495291,0.006583130903622637
320,2,-9,25.80836477965032,-10.2,звичайний твел UO₂,2,skhidna,tvz_z_12_tveh,2.208364779650318,-10.2,3177,35038.897252115734,1012.2167449941601,0.0001809433786031387,5.233457359104623e-06,0.00407945517506148,5.016180992130338e-05,0.0003027601315987488,8.318041101750573e-06,0.991665084343591,0.028654173959536174
321,4,-10,28.016729559300636,-10.2,звичайний твел UO₂,2,skhidna,tvz_z_12_tveh,4.416729559300636,-10.2,3182,46080.65153701315,1117.8711530460334,0.00023805578025748656,5.780152599238971e-06,0.003891538900862364,4.84667802864429e-05,0.0003708114767205219,9.447985519221279e-06,1.3041669908804137,0.031648113555851225
322,-3,-7,20.287452830524526,-10.837499999999999,звичайний твел UO₂,2,skhidna,tvz_z_12_tveh,-3.312547169475477,-10.837499999999999,3187,36588.83908937917,1029.244016085406,0.00018892913775572114,5.321976098727984e-06,0.004820308316999129,5.676209840144406e-05,0.0003287945108022336,9.2121495600704e-06,1.0355312822926346,0.029136553438345675
323,-1,-8,22.495817610174843,-10.837499999999999,звичайний твел UO₂,2,skhidna,tvz_z_12_tveh,-1.104182389825159,-10.837499999999999,3192,33296.98000865045,1003.3102753549329,0.00017192474897754508,5.187242711330637e-06,0.004383576987477868,5.0710456909407845e-05,0.0002976708636218965,7.897542765241959e-06,0.9423656301475474,0.028401519111062784
324,1,-9,24.70418238982516,-10.837499999999999,звичайний твел UO₂,2,skhidna,tvz_z_12_tveh,1.104182389825159,-10.837499999999999,3197,32290.269330157276,920.7321345391874,0.0001667347845477271,4.760731305257615e-06,0.00400837017768306,4.960573337676687e-05,0.00028187499592905477,7.627556613420457e-06,0.913873870754713,0.026064554814385604
325,3,-10,26.912547169475477,-10.837499999999999,звичайний твел UO₂,2,skhidna,tvz_z_12_tveh,3.312547169475477,-10.837499999999999,3202,44281.070109155,1009.2841977230851,0.00022874839828742707,5.21900540936204e-06,0.003841254859172593,4.814518144813519e-05,0.0003573274218004238,8.686850877051627e-06,1.2532355344592971,0.028575137961682387
326,-2,-8,21.391635220349684,-11.475,звичайний твел UO₂,2,skhidna,tvz_z_12_tveh,-2.208364779650318,-11.475,3207,36156.908565059784,992.4350919404158,0.00018671126764557744,5.131650471305842e-06,0.004559655249393935,5.3283931301308415e-05,0.00031313392134974644,8.586284193193549e-06,1.0233068559144929,0.028094883295573202
327,0,-9,23.6,-11.475,звичайний твел UO₂,2,skhidna,tvz_z_12_tveh,0.0,-11.475,3212,34403.506178114476,980.647213379868,0.00017765909851330986,5.07000779223559e-06,0.004223748217565299,5.1423763174575116e-05,0.00030032338999750675,8.807871714392497e-06,0.9736823510841253,0.02776066599060207
328,2,-10,25.80836477965032,-11.475,звичайний твел UO₂,2,skhidna,tvz_z_12_tveh,2.208364779650318,-11.475,3217,43298.98843711453,1131.2056817384143,0.00022366319983959,5.8482768947281246e-06,0.00394563416746884,4.9784669445974624e-05,0.0003561388014102948,9.484605038223486e-06,1.2254408211403014,0.032024191081531206
329,-1,-9,22.495817610174843,-12.112499999999999,звичайний твел UO₂,2,skhidna,tvz_z_12_tveh,-1.104182389825159,-12.112499999999999,3222,36086.971178843625,1046.326668453351,0.00018636214142244846,5.410743266402388e-06,0.004308532981735427,5.35391071940036e-05,0.0003057288820925906,8.407458502454586e-06,1.0213274995579904,0.029619719454542406
330,1,-10,24.70418238982516,-12.112499999999999,звичайний твел UO₂,2,skhidna,tvz_z_12_tveh,1.104182389825159,-12.112499999999999,3227,42230.26520594871,1214.944223974204,0.0002181434473049308,6.280977657600638e-06,0.004060601452756783,5.1335467289141717e-05,0.0003499117932179671,9.460795747388255e-06,1.19519399272135,0.03439311741254662
331,0,-10,23.6,-12.75,звичайний твел UO₂,2,skhidna,tvz_z_12_tveh,0.0,-12.75,3232,40411.25827924147,1162.321549107563,0.00020873826283162808,6.009407729463654e-06,0.004063587493875688,5.6947661500526985e-05,0.0003439482741984614,9.142730775972861e-06,1.1437127590393799,0.03290345791439505
1,0,10,11.8,-7.688199529312751,звичайний твел UO₂,3,pivdenno_skhidna,tvz_z_12_tveh,0.0,12.75,3239,44832.03711662894,1262.633068614548,0.0002314981500225215,6.527190176644989e-06,0.006094229042474186,6.656787615576613e-05,0.0004014177403246034,1.0498206215467798e-05,1.2688289117281604,0.03574347193454364
2,-1,10,10.695817610174842,-8.325699529312752,звичайний твел UO₂,3,pivdenno_skhidna,tvz_z_12_tveh,-1.104182389825159,12.112499999999999,3244,43256.13201453821,1094.2094551158323,0.00022333693568627123,5.657897556958104e-06,0.0060634855226958315,5.807682607201758e-05,0.00040591148703324393,1.0656382541164201e-05,1.224227905745076,0.030977415617154433
3,1,9,12.90418238982516,-8.325699529312752,звичайний твел UO₂,3,pivdenno_skhidna,tvz_z_12_tveh,1.104182389825159,12.112499999999999,3249,43321.685189314805,1129.4532961361615,0.00022369770971186507,5.839407364000168e-06,0.005904328009029972,6.165910013640457e-05,0.0004024359868637126,1.105134051180111e-05,1.2260831808733448,0.031974618750709366
4,-2,10,9.591635220349684,-8.963199529312751,звичайний твел UO₂,3,pivdenno_skhidna,tvz_z_12_tveh,-2.208364779650318,11.475,3254,43321.4784649212,1146.6700629549232,0.00022368176406212294,5.928967515154586e-06,0.006105690387208301,6.715581589012254e-05,0.0003965780737041346,1.049635812248992e-05,1.2260773301936918,0.032461749392546244
5,0,9,11.8,-8.963199529312751,звичайний твел UO₂,3,pivdenno_skhidna,tvz_z_12_tveh,0.0,11.475,3259,40526.399243581895,1138.743730989045,0.00020924107895286143,5.887876579107942e-06,0.005816917766964627,6.449753033306842e-05,0.0003684510327148275,8.796051243405173e-06,1.1469714595998592,0.032236364655405324
6,2,8,14.008364779650318,-8.963199529312751,звичайний твел UO₂,3,pivdenno_skhidna,tvz_z_12_tveh,2.208364779650318,11.475,3264,41050.223354256435,1166.495933631801,0.00021196738244472815,6.0313498227608015e-06,0.005724341627248825,6.221551452019388e-05,0.00037558883451211365,9.75637674909496e-06,1.16179664308539,0.03302181552000713
7,-3,10,8.487452830524523,-9.600699529312752,звичайний твел UO₂,3,pivdenno_skhidna,tvz_z_12_tveh,-3.312547169475477,10.837499999999999,3269,45395.36375596872,1122.061468302705,0.00023440347943617438,5.8015966930623554e-06,0.006169788911147916,6.148064985675267e-05,0.00040938044521797386,9.308264631195585e-06,1.284772089257246,0.031766365531166095
8,-1,9,10.695817610174842,-9.600699529312752,звичайний твел UO₂,3,pivdenno_skhidna,tvz_z_12_tveh,-1.104182389825159,10.837499999999999,3274,37490.03213415945,1008.9367036626069,0.00019353064505439217,5.215341995341275e-06,0.0059346903585530296,7.460734042839145e-05,0.00036229026157382817,8.936858300415379e-06,1.0610366990393882,0.028562320345239256
9,1,8,12.90418238982516,-9.600699529312752,звичайний твел UO₂,3,pivdenno_skhidna,tvz_z_12_tveh,1.104182389825159,10.837499999999999,3279,38225.04915852036,1057.0736990621037,0.00019734584251879114,5.4658200763622114e-06,0.005746169355681137,6.033963638445092e-05,0.0003549285096536868,9.834458860760592e-06,1.0818390294955165,0.029924627135366255
10,3,7,15.112547169475478,-9.600699529312752,звичайний твел UO₂,3,pivdenno_skhidna,tvz_z_12_tveh,3.312547169475477,10.837499999999999,3284,41012.885884712465,1038.9561688939277,0.00021176653647378025,5.37148312551104e-06,0.005593799838191976,6.66270722267696e-05,0.0003690819692202254,9.135963636607169e-06,1.1607399241875866,0.0294131523294501
11,-4,10,7.383270440699365,-10.238199529312752,звичайний твел UO₂,3,pivdenno_skhidna,tvz_z_12_tveh,-4.416729559300636,10.2,3289,44416.6559763682,1026.2127634401684,0.00022934311282254852,5.304948417593347e-06,0.006134752116847353,6.793989380362946e-05,0.0003979879589356644,8.849524148637643e-06,1.2570728632849826,0.029054137159446537
12,-2,9,9.591635220349684,-10.238199529312752,звичайний твел UO₂,3,pivdenno_skhidna,tvz_z_12_tveh,-2.208364779650318,10.2,3294,42668.83905031517,1366.3243156317856,0.00022030034650649013,7.0647329012688314e-06,0.006112238615803877,6.250292170061833e-05,0.00038370455239389545,1.0607387561112858e-05,1.2076064372465067,0.038676717185053576
13,0,8,11.8,-10.238199529312752,твег UO₂-Gd₂O₃,3,pivdenno_skhidna,tvz_z_12_tveh,0.0,10.2,3299,14155.976698429546,297.92619575166606,7.292280948896699e-05,1.5386969125872693e-06,0.0051422931428495204,5.520895607033623e-05,0.0009302694638039279,2.9405150509689686e-05,0.4006401150585981,0.008435508133705052
14,2,7,14.008364779650318,-10.238199529312752,звичайний твел UO₂,3,pivdenno_skhidna,tvz_z_12_tveh,2.208364779650318,10.2,3304,37546.87224162258,981.7276105599291,0.00019385912076291546,5.075102057056952e-06,0.005593514722442783,6.254748979479887e-05,0.0003488262639702065,8.586034307160305e-06,1.0626453783752687,0.027792486141336645
15,4,6,16.21672955930064,-10.238199529312752,звичайний твел UO₂,3,pivdenno_skhidna,tvz_z_12_tveh,4.416729559300636,10.2,3309,40325.20437627309,1165.0122324483023,0.0002082171361827544,6.023952849714952e-06,0.005477254064909346,7.026876648430493e-05,0.00037365329505552986,9.938657107101556e-06,1.141277275686944,0.03297955922026525
16,-5,10,6.279088050874206,-10.875699529312751,звичайний твел UO₂,3,pivdenno_skhidna,tvz_z_12_tveh,-5.520911949125795,9.5625,3314,47146.77988286708,1231.3998513454287,0.00024345384753674028,6.3681897564917305e-06,0.006261062988778053,6.376509055937629e-05,0.00041349911427930727,1.059665561064609e-05,1.3343403792837398,0.034860671874740755
17,-3,9,8.487452830524523,-10.875699529312751,звичайний твел UO₂,3,pivdenno_skhidna,tvz_z_12_tveh,-3.312547169475477,9.5625,3319,42619.42423457747,1085.5249089824197,0.0002200426362945819,5.612582171240925e-06,0.006102344046539977,5.718815203658718e-05,0.00038578976003946907,8.792865035090723e-06,1.2062079072909617,0.03073142792916965
18,-1,8,10.695817610174842,-10.875699529312751,звичайний твел UO₂,3,pivdenno_skhidna,tvz_z_12_tveh,-1.104182389825159,9.5625,3324,36944.36423933214,947.0801432888198,0.0001907211938935559,4.89692441598228e-06,0.005729624994645075,6.882165750113046e-05,0.00034650515165568437,9.429356090246535e-06,1.0455932963816508,0.026811927120461668
19,1,7,12.90418238982516,-10.875699529312751,звичайний твел UO₂,3,pivdenno_skhidna,tvz_z_12_tveh,1.104182389825159,9.5625,3329,34477.158719017745,855.5493327595842,0.00017797262515669652,4.423478858293918e-06,0.005651953810894058,6.117650374875007e-05,0.0003282381927796732,8.143921344302353e-06,0.9757668531351295,0.024221156135653763
20,3,6,15.112547169475478,-10.875699529312751,звичайний твел UO₂,3,pivdenno_skhidna,tvz_z_12_tveh,3.312547169475477,9.5625,3334,38205.42364497144,1064.1834004546834,0.00019726501813239526,5.500904129829515e-06,0.0055476809933224114,5.568661399618206e-05,0.0003478784835575834,8.900449869252147e-06,1.081283591451655,0.030125786974706616
21,5,5,17.320911949125794,-10.875699529312751,звичайний твел UO₂,3,pivdenno_skhidna,tvz_z_12_tveh,5.520911949125795,9.5625,3339,37687.74351178816,1113.6970314771293,0.00019459746270175958,5.757867016505285e-06,0.005236169744952715,6.544585353876574e-05,0.0003336051174728027,8.98879707908652e-06,1.0666322938025774,0.03152659126512872
22,-6,10,5.1749056610490465,-11.513199529312752,звичайний твел UO₂,3,pivdenno_skhidna,tvz_z_12_tveh,-6.625094338950954,8.924999999999999,3344,46411.56470402413,1266.69293303231,0.00023966973470379306,6.549356133265102e-06,0.006079742041525217,6.201581887125845e-05,0.00041933030691756746,1.0810408541834932e-05,1.3135324406921807,0.03585896328601534
23,-4,9,7.383270440699365,-11.513199529312752,звичайний твел UO₂,3,pivdenno_skhidna,tvz_z_12_tveh,-4.416729559300636,8.924999999999999,3349,42529.21260585314,1044.512052732358,0.0002195827426888513,5.399905620084227e-06,0.006100242533255252,6.140532509073432e-05,0.0003874385869082358,9.790575369351121e-06,1.2036547526707124,0.029571005401740267
24,-2,8,9.591635220349684,-11.513199529312752,звичайний твел UO₂,3,pivdenno_skhidna,tvz_z_12_tveh,-2.208364779650318,8.924999999999999,3354,39918.29920098645,1107.9461661535636,0.00020608519568122549,5.729217926423644e-06,0.0060122960795159245,5.651391684542599e-05,0.0003620013113648887,9.267082509772326e-06,1.1297611126048965,0.031364714995694085
25,0,7,11.8,-11.513199529312752,звичайний твел UO₂,3,pivdenno_skhidna,tvz_z_12_tveh,0.0,8.924999999999999,3359,35580.00167254717,953.5766661801631,0.00018367612188106432,4.930313086698983e-06,0.00567154183623579,6.986080220900426e-05,0.00033692600239418,9.300128844951488e-06,1.0069793323025056,0.026995174289714756
26,2,6,14.008364779650318,-11.513199529312752,звичайний твел UO₂,3,pivdenno_skhidna,tvz_z_12_tveh,2.208364779650318,8.924999999999999,3364,35439.99226792745,843.2284178802884,0.0001829658711186541,4.3601060798907345e-06,0.005547813551177154,6.527611350442425e-05,0.0003308706111744385,7.5414478457904225e-06,1.0030168092515632,0.023872994966513055
27,4,5,16.21672955930064,-11.513199529312752,звичайний твел UO₂,3,pivdenno_skhidna,tvz_z_12_tveh,4.416729559300636,8.924999999999999,3369,36675.503912416054,1093.1572543948118,0.00018935667383472292,5.651964956822456e-06,0.005275083143175079,6.24906545415957e-05,0.0003412373524064684,9.10559419911634e-06,1.0379840558039728,0.030945034236863532
28,6,4,18.425094338950956,-11.513199529312752,звичайний твел UO₂,3,pivdenno_skhidna,tvz_z_12_tveh,6.625094338950954,8.924999999999999,3374,38143.57311727627,989.5553526245387,0.00019695384418686577,5.117021267681077e-06,0.005050333413654302,6.355897562029304e-05,0.0003467338413335317,9.150011290842802e-06,1.0795331080296968,0.02801421163991809
29,-7,10,4.070723271223887,-12.150699529312751,звичайний твел UO₂,3,pivdenno_skhidna,tvz_z_12_tveh,-7.729276728776114,8.2875,3379,44894.338173240794,1149.5002411175726,0.0002318093328250938,5.944331106041931e-06,0.0061816500344574355,5.811401422510191e-05,0.0004186683828409216,1.1146438898356052e-05,1.2705921459451266,0.032542481756853446
30,-5,9,6.279088050874206,-12.150699529312751,звичайний твел UO₂,3,pivdenno_skhidna,tvz_z_12_tveh,-5.520911949125795,8.2875,3384,42644.815757709264,1133.7714845851735,0.00022019114112038692,5.861245600653343e-06,0.00605679004902149,7.19172461752681e-05,0.00039058950970797363,9.267717252944483e-06,1.2069265339859439,0.0320965185724959
31,-3,8,8.487452830524523,-12.150699529312751,звичайний твел UO₂,3,pivdenno_skhidna,tvz_z_12_tveh,-3.312547169475477,8.2875,3389,39627.48322600834,1081.3534940748013,0.00020458950822308544,5.590834650716513e-06,0.006049844210447084,6.841175201484579e-05,0.0003696129039346331,9.474021807072977e-06,1.1215304869011236,0.030612169398281912
32,-1,7,10.695817610174842,-12.150699529312751,звичайний твел UO₂,3,pivdenno_skhidna,tvz_z_12_tveh,-1.104182389825159,8.2875,3394,39309.60546506614,1045.8178992264009,0.00020296142893106787,5.406399102713733e-06,0.00572348097246569,5.51205230645943e-05,0.0003647717649964348,9.392567862674078e-06,1.1125339629994855,0.029606584390771632
33,1,6,12.90418238982516,-12.150699529312751,звичайний твел UO₂,3,pivdenno_skhidna,tvz_z_12_tveh,1.104182389825159,8.2875,3399,36061.16895096329,1085.5200156804437,0.00018617863571432255,5.6126371275265495e-06,0.005513129711374401,6.941980952319637e-05,0.00034000240743055864,9.60515288749693e-06,1.0205972491650315,0.030728709954193103
34,3,5,15.112547169475478,-12.150699529312751,звичайний твел UO₂,3,pivdenno_skhidna,tvz_z_12_tveh,3.312547169475477,8.2875,3404,38266.40037529147,781.6484031085238,0.00019758018778808436,4.041538560976073e-06,0.005420949591440353,5.133555488512714e-05,0.00034978081433781013,7.644742254835481e-06,1.0830093448045852,0.022132250175788577
35,5,4,17.320911949125794,-12.150699529312751,звичайний твел UO₂,3,pivdenno_skhidna,tvz_z_12_tveh,5.520911949125795,8.2875,3409,35212.09601255518,1062.3493079959787,0.0001817898632186689,5.492014430125543e-06,0.005188766695830297,6.265617225597065e-05,0.00032173234418072995,9.00396470230777e-06,0.996566927062657,0.030072769056960776
36,7,3,19.529276728776114,-12.150699529312751,звичайний твел UO₂,3,pivdenno_skhidna,tvz_z_12_tveh,7.729276728776114,8.2875,3414,34808.08661183723,1056.4882471043609,0.00017972706089469423,5.460801792617125e-06,0.004808793927502116,5.97158118939857e-05,0.00030768806055533383,9.124631301101089e-06,0.9851327197142972,0.029906780104582188
37,-8,10,2.9665408813987284,-12.788199529312752,звичайний твел UO₂,3,pivdenno_skhidna,tvz_z_12_tveh,-8.833459118601272,7.6499999999999995,3419,44012.02082788576,1166.7849980298056,0.00022726296883776175,6.032766446164214e-06,0.0059926707428133615,5.253291349152446e-05,0.0004003379815374682,9.477391912921826e-06,1.2456209461267167,0.03303116634758267
38,-6,9,5.1749056610490465,-12.788199529312752,звичайний твел UO₂,3,pivdenno_skhidna,tvz_z_12_tveh,-6.625094338950954,7.6499999999999995,3424,42198.93856522993,1083.6897041993748,0.0002178877366627294,5.603862057707719e-06,0.006062125168392978,6.148458129813567e-05,0.0003862274530041057,9.131478062142678e-06,1.1943073913084383,0.030679325057478987
39,-4,8,7.383270440699365,-12.788199529312752,звичайний твел UO₂,3,pivdenno_skhidna,tvz_z_12_tveh,-4.416729559300636,7.6499999999999995,3429,41504.10288482328,1151.580759639705,0.00021429604946153873,5.95601190659206e-06,0.005958897727512773,6.424066167931229e-05,0.00037172624283903606,8.959940780685517e-06,1.1746422666140877,0.032599966817392204
40,-2,7,9.591635220349684,-12.788199529312752,звичайний твел UO₂,3,pivdenno_skhidna,tvz_z_12_tveh,-2.208364779650318,7.6499999999999995,3434,38889.66662550054,1120.5401729284563,0.0002007799759337445,5.794580537628848e-06,0.005760212423352261,6.45854403070361e-05,0.0003581215610987944,9.412784586065654e-06,1.100648923303157,0.03172066820558729
42,2,5,14.008364779650318,-12.788199529312752,звичайний твел UO₂,3,pivdenno_skhidna,tvz_z_12_tveh,2.208364779650318,7.6499999999999995,3442,39259.05538594105,1068.4145469129771,0.00020270884417615103,5.524459167103865e-06,0.005459919744543175,5.730914845048258e-05,0.00035525778875916957,9.837845070873038e-06,1.1111033030070072,0.0302459212575889
43,4,4,16.21672955930064,-12.788199529312752,звичайний твел UO₂,3,pivdenno_skhidna,tvz_z_12_tveh,4.416729559300636,7.6499999999999995,3447,35548.91167106814,980.1290117237581,0.00018353822952093914,5.067142127115113e-06,0.005212951361768917,5.569178104897923e-05,0.00033681064117541847,8.497068842700038e-06,1.006099428214283,0.027746447008801918
44,6,3,18.425094338950956,-12.788199529312752,звичайний твел UO₂,3,pivdenno_skhidna,tvz_z_12_tveh,6.625094338950954,7.6499999999999995,3452,33730.61735154309,1216.6942907758048,0.0001741363175463381,6.289346327848394e-06,0.004906277536572247,6.409480897495347e-05,0.0003103042982323568,1.0038805487126994e-05,0.9546383626231163,0.03443975627785439
45,8,2,20.633459118601273,-12.788199529312752,звичайний твел UO₂,3,pivdenno_skhidna,tvz_z_12_tveh,8.833459118601272,7.6499999999999995,3457,34302.52688874836,898.3627131306578,0.00017711963875699025,4.645808916381427e-06,0.004522676410880932,5.4287291855039096e-05,0.0003040169409557938,6.665486420771318e-06,0.9708244519103676,0.025432421567016566
46,-9,10,1.8623584915735698,-13.425699529312752,звичайний твел UO₂,3,pivdenno_skhidna,tvz_z_12_tveh,-9.937641508426431,7.012499999999999,3462,44117.37121424597,1030.5005691775802,0.0002278085827610571,5.328104270295411e-06,0.006058588210233735,6.315993027127459e-05,0.0003928858038463526,9.171808397326477e-06,1.248602555365838,0.029175307018066587
47,-7,9,4.070723271223887,-13.425699529312752,звичайний твел UO₂,3,pivdenno_skhidna,tvz_z_12_tveh,-7.729276728776114,7.012499999999999,3467,40154.84585924121,1008.9760059524943,0.00020732045644199037,5.217203603908017e-06,0.005872292420514666,5.887752719038604e-05,0.00036350249176860265,8.939498151472804e-06,1.136455817067813,0.028564545152887373
48,-5,8,6.279088050874206,-13.425699529312752,звичайний твел UO₂,3,pivdenno_skhidna,tvz_z_12_tveh,-5.520911949125795,7.012499999999999,3472,40709.751687167525,1016.3470547954757,0.0002101862139689784,5.255725317355885e-06,0.0059869697692737055,6.0018768914471814e-05,0.0003892675338646665,1.1175520433392967e-05,1.1521606701827343,0.0287733360512524
49,-3,7,8.487452830524523,-13.425699529312752,звичайний твел UO₂,3,pivdenno_skhidna,tvz_z_12_tveh,-3.312547169475477,7.012499999999999,3477,39801.48073601137,1142.2146544191519,0.0002054967968977261,5.906424534736881e-06,0.0057602826871890455,6.880401184004205e-05,0.00036694218504160073,9.59065466950014e-06,1.1264549356984472,0.032334297722758566
50,-1,6,10.695817610174842,-13.425699529312752,звичайний твел UO₂,3,pivdenno_skhidna,tvz_z_12_tveh,-1.104182389825159,7.012499999999999,3482,36723.432180393895,874.4299640805978,0.00018959804968402252,4.5208321624121505e-06,0.0056406446643519105,5.9940267296329e-05,0.0003420339963173371,7.52629870835813e-06,1.0393405137302798,0.02475634235215823
51,1,5,12.90418238982516,-13.425699529312752,звичайний твел UO₂,3,pivdenno_skhidna,tvz_z_12_tveh,1.104182389825159,7.012499999999999,3487,38583.35800773104,961.7303561701674,0.00019922018731471832,4.971523230707521e-06,0.005471288409142163,5.841098790476655e-05,0.00034553927982342264,7.732146456772726e-06,1.0919798273812749,0.027227134364976306
53,5,3,17.320911949125794,-13.425699529312752,звичайний твел UO₂,3,pivdenno_skhidna,tvz_z_12_tveh,5.520911949125795,7.012499999999999,3495,34672.54693230993,958.353631156112,0.0001790148978398803,4.954498671532094e-06,0.005046932410114307,5.303116902853741e-05,0.0003121263179064404,7.65206889289853e-06,0.9812966980848714,0.027129974281244435
54,7,2,19.529276728776114,-13.425699529312752,звичайний твел UO₂,3,pivdenno_skhidna,tvz_z_12_tveh,7.729276728776114,7.012499999999999,3500,33758.95118100921,767.8982409336114,0.00017431374018041674,3.9693295994433935e-06,0.004614339755208553,5.3338390213500926e-05,0.0003095654143037776,7.575324134577615e-06,0.9554402619861334,0.021740983480308233
55,9,1,21.73764150842643,-13.425699529312752,звичайний твел UO₂,3,pivdenno_skhidna,tvz_z_12_tveh,9.937641508426431,7.012499999999999,3505,35929.7370076269,1063.957338456667,0.00018554194741993648,5.50068496021531e-06,0.004284138244053215,5.55738038147919e-05,0.00031387182578397225,8.715298190487605e-06,1.0168774840070038,0.030118530101614714
56,-10,10,0.7581761017484112,-14.063199529312751,звичайний твел UO₂,3,pivdenno_skhidna,tvz_z_12_tveh,-11.04182389825159,6.375,3510,44951.89303854992,1240.288065095271,0.00023213134322938312,6.412338634631793e-06,0.005989882165971095,6.309278675356961e-05,0.0004059422994006508,1.0081556775247508e-05,1.2722210542395425,0.03511127002404543
57,-8,9,2.9665408813987284,-14.063199529312751,звичайний твел UO₂,3,pivdenno_skhidna,tvz_z_12_tveh,-8.833459118601272,6.375,3515,40211.36000398039,960.7007712294492,0.000207612436070219,4.967461840449745e-06,0.005847355122518009,6.826712185974558e-05,0.0003684669917814133,8.216840795634456e-06,1.1380552710605039,0.02719872875125603
58,-6,8,5.1749056610490465,-14.063199529312751,звичайний твел UO₂,3,pivdenno_skhidna,tvz_z_12_tveh,-6.625094338950954,6.375,3520,39357.945510576144,1081.7905446200807,0.00020320444507520045,5.59270632005981e-06,0.005865166655845544,6.27558936601754e-05,0.00036178027815190404,9.953521911097545e-06,1.1139020749855142,0.030624428753954047
60,-2,6,9.591635220349684,-14.063199529312751,звичайний твел UO₂,3,pivdenno_skhidna,tvz_z_12_tveh,-2.208364779650318,6.375,3528,37255.96797567128,944.8043355438846,0.00019233804723726885,4.8834956453290885e-06,0.005633858939943148,6.17573373219511e-05,0.00034116857850961346,8.806684691300425e-06,1.0544122538749512,0.026747669211038657
61,0,5,11.8,-14.063199529312751,звичайний твел UO₂,3,pivdenno_skhidna,tvz_z_12_tveh,0.0,6.375,3533,34368.14019452783,1049.388859483655,0.0001774230776096443,5.424510448544419e-06,0.005453813519642079,6.069482378709277e-05,0.0003288712830486444,8.980340838591084e-06,0.9726814288563508,0.029705739123349322
62,2,4,14.008364779650318,-14.063199529312751,звичайний твел UO₂,3,pivdenno_skhidna,tvz_z_12_tveh,2.208364779650318,6.375,3538,38933.129706516585,1075.5343362553035,0.00020103662650302598,5.560128073311719e-06,0.0053383867388881595,6.256304909150279e-05,0.00035795319472932717,9.5057339488663e-06,1.1018790082453709,0.030447243964071734
63,4,3,16.21672955930064,-14.063199529312751,звичайний твел UO₂,3,pivdenno_skhidna,tvz_z_12_tveh,4.416729559300636,6.375,3543,34633.72078849395,941.9639132816984,0.0001788165282542162,4.869711506229539e-06,0.00502087194208757,5.715224440746377e-05,0.00032372258855716034,8.754399294728207e-06,0.9801978469736342,0.02666621811688251
64,6,2,18.425094338950956,-14.063199529312751,звичайний твел UO₂,3,pivdenno_skhidna,tvz_z_12_tveh,6.625094338950954,6.375,3548,33481.1056385947,972.0317340732188,0.00017286567592964116,5.026139025085613e-06,0.004770400391918657,5.4403638811697056e-05,0.0003001593126183388,8.280888651283124e-06,0.9475767233230742,0.027516540587935377
65,8,1,20.633459118601273,-14.063199529312751,звичайний твел UO₂,3,pivdenno_skhidna,tvz_z_12_tveh,8.833459118601272,6.375,3553,30806.712147596718,985.525294386787,0.00015905256450844663,5.093878474754737e-06,0.004325893949450645,5.961162145877687e-05,0.0002740641149489387,8.169627793458465e-06,0.8718864803415167,0.027897400689656345
66,10,0,22.84182389825159,-14.063199529312751,звичайний твел UO₂,3,pivdenno_skhidna,tvz_z_12_tveh,11.04182389825159,6.375,3558,44465.03906379465,1196.8068946107046,0.0002296930838871434,6.187690876937525e-06,0.004182316406608473,5.541114377181642e-05,0.00036952677058969265,1.0932027918686216e-05,1.2584421934362235,0.033880796886818734
67,-9,9,1.8623584915735698,-14.70069952931275,звичайний твел UO₂,3,pivdenno_skhidna,tvz_z_12_tveh,-9.937641508426431,5.7375,3563,38514.36324961246,951.0219882269636,0.0001988487448462458,4.9171309902157e-06,0.005813188950892363,6.039737422570503e-05,0.00035877493835227497,8.10785995133797e-06,1.0900271491295417,0.026924132113532638
68,-7,8,4.070723271223887,-14.70069952931275,звичайний твел UO₂,3,pivdenno_skhidna,tvz_z_12_tveh,-7.729276728776114,5.7375,3568,37983.011430242084,1090.0002977041531,0.0001961003932039655,5.635605852165982e-06,0.005813966556918269,6.245028014438692e-05,0.0003569812213038802,1.0786765417099639e-05,1.07498891767549,0.030856191901857687
69,-5,7,6.279088050874206,-14.70069952931275,звичайний твел UO₂,3,pivdenno_skhidna,tvz_z_12_tveh,-5.520911949125795,5.7375,3573,40928.37759782199,1060.4183287662354,0.00021132679148329808,5.4830509740127244e-06,0.005783753956405249,5.25942628319186e-05,0.0003766970833709823,9.234110019533548e-06,1.158348184606173,0.03002035762009677
70,-3,6,8.487452830524523,-14.70069952931275,звичайний твел UO₂,3,pivdenno_skhidna,tvz_z_12_tveh,-3.312547169475477,5.7375,3578,39473.7269874272,1004.0170304300217,0.00020380139518235001,5.19054885980695e-06,0.005709577249867485,5.9598178401611525e-05,0.00035732464801947094,8.095762076694487e-06,1.117178903225307,0.028423946745387646
71,-1,5,10.695817610174842,-14.70069952931275,твег UO₂-Gd₂O₃,3,pivdenno_skhidna,tvz_z_12_tveh,-1.104182389825159,5.7375,3583,13531.225092305942,241.19347199840155,6.97177926745725e-05,1.2460559446202952e-06,0.004907004260413731,5.6664254892801905e-05,0.0009164745311964188,2.788687493189756e-05,0.3829584982621977,0.00683033698789356
72,1,4,12.90418238982516,-14.70069952931275,звичайний твел UO₂,3,pivdenno_skhidna,tvz_z_12_tveh,1.104182389825159,5.7375,3588,35007.604708361636,1033.3011872614218,0.0001807356510467267,5.342404668403633e-06,0.005271046415402898,5.810488787410423e-05,0.00032731253113334386,8.1207688965059e-06,0.9907794479373436,0.029250756560149863
73,3,3,15.112547169475478,-14.70069952931275,звичайний твел UO₂,3,pivdenno_skhidna,tvz_z_12_tveh,3.312547169475477,5.7375,3593,35773.34747804102,962.4130680593794,0.00018469953003070824,4.9760293665127e-06,0.00512547033180705,5.8049492820423094e-05,0.0003214171539774644,8.129556847667091e-06,1.012451373363985,0.027245272328500807
74,5,2,17.320911949125794,-14.70069952931275,звичайний твел UO₂,3,pivdenno_skhidna,tvz_z_12_tveh,5.520911949125795,5.7375,3598,31764.013432356347,766.2159408646185,0.00016398361074355572,3.9613361014079904e-06,0.004846626561425057,5.8871274497200157e-05,0.00028544550711310325,6.7733437967925595e-06,0.8989798632314723,0.021692463319175685
75,7,1,19.529276728776114,-14.70069952931275,звичайний твел UO₂,3,pivdenno_skhidna,tvz_z_12_tveh,7.729276728776114,5.7375,3603,29472.19645220397,929.8570405125746,0.0001521521561823158,4.8082869522263715e-06,0.00442651458937885,5.142123202903173e-05,0.0002629482016999858,7.41270881703427e-06,0.834117237488145,0.026321730316347144
76,9,0,21.73764150842643,-14.70069952931275,звичайний твел UO₂,3,pivdenno_skhidna,tvz_z_12_tveh,9.937641508426431,5.7375,3608,34440.78987322691,1048.1733902583514,0.0001778519390511431,5.420220002444686e-06,0.004205513836722707,5.3940897332721225e-05,0.0002998590504355678,8.791081264853441e-06,0.9747375480668465,0.029671372077892437
77,-10,9,0.7581761017484112,-15.338199529312751,звичайний твел UO₂,3,pivdenno_skhidna,tvz_z_12_tveh,-11.04182389825159,5.1,3613,42524.41807120341,1021.903234907459,0.0002195775170889973,5.283549309192918e-06,0.005887840052767785,6.661009418460945e-05,0.0003905851032333622,8.761476322306465e-06,1.2035190585427378,0.028931340057384684
78,-8,8,2.9665408813987284,-15.338199529312751,твег UO₂-Gd₂O₃,3,pivdenno_skhidna,tvz_z_12_tveh,-8.833459118601272,5.1,3618,13599.738481669287,296.07467882625116,7.00577181522256e-05,1.5302919772453552e-06,0.005031312620287654,4.853407811455571e-05,0.0009319365599892775,2.961859279067759e-05,0.3848975528949049,0.008382846705461196
79,-6,7,5.1749056610490465,-15.338199529312751,звичайний твел UO₂,3,pivdenno_skhidna,tvz_z_12_tveh,-6.625094338950954,5.1,3623,38707.96309374175,1159.031917516081,0.00019984668034746353,5.991734212586691e-06,0.005719330633473352,6.462676450923809e-05,0.0003550948154198356,9.82153205648859e-06,1.095506379950534,0.03280974596794705
80,-4,6,7.383270440699365,-15.338199529312751,звичайний твел UO₂,3,pivdenno_skhidna,tvz_z_12_tveh,-4.416729559300636,5.1,3628,41445.83634996451,1137.22871598832,0.00021400341584074204,5.880008379960327e-06,0.005761876902781452,5.80445744486955e-05,0.0003845054255965019,1.0372244120828283e-05,1.17299321676559,0.03219385701379653
81,-2,5,9.591635220349684,-15.338199529312751,звичайний твел UO₂,3,pivdenno_skhidna,tvz_z_12_tveh,-2.208364779650318,5.1,3633,36339.1083745267,949.9195867996672,0.00018762197500064547,4.911734222443835e-06,0.005463233004936517,6.625635428297497e-05,0.00033499077727301463,7.51570375008316e-06,1.028463444836865,0.026892011833220084
82,0,4,11.8,-15.338199529312751,звичайний твел UO₂,3,pivdenno_skhidna,tvz_z_12_tveh,0.0,5.1,3638,34036.97881506965,952.2946089965375,0.00017572029819577849,4.923386057436005e-06,0.005221250505806786,6.271983827717111e-05,0.0003192746174276107,9.135079711440985e-06,0.9633089541768886,0.026958287295796985
83,2,3,14.008364779650318,-15.338199529312751,звичайний твел UO₂,3,pivdenno_skhidna,tvz_z_12_tveh,2.208364779650318,5.1,3643,35867.87318808581,1177.4097390962222,0.00018519406434888623,6.088061775043388e-06,0.005188597348096057,6.235197943820446e-05,0.000326985473599785,9.476593611725793e-06,1.0151266244014172,0.03332878632440051
84,4,2,16.21672955930064,-15.338199529312751,звичайний твел UO₂,3,pivdenno_skhidna,tvz_z_12_tveh,4.416729559300636,5.1,3648,29685.911302343382,954.7358439229798,0.00015323848460455553,4.935093793620148e-06,0.004809610227943357,5.7549890906115097e-05,0.00028195484415144455,8.045632153538893e-06,0.84016575988781,0.02702578587905045
85,6,1,18.425094338950956,-15.338199529312751,звичайний твел UO₂,3,pivdenno_skhidna,tvz_z_12_tveh,6.625094338950954,5.1,3653,32418.19569894122,991.9702179468364,0.00016737266543188204,5.129303876076952e-06,0.004679428154786702,5.497097632416646e-05,0.00029325301866395384,8.383778844212572e-06,0.9174944217206039,0.028080327295730487
86,8,0,20.633459118601273,-15.338199529312751,твег UO₂-Gd₂O₃,3,pivdenno_skhidna,tvz_z_12_tveh,8.833459118601272,5.1,3658,10403.011049347806,230.06658546667805,5.359230233753397e-05,1.1889696069871157e-06,0.003724090023929918,4.657583646653171e-05,0.0007989169802318581,2.8421037587992134e-05,0.29442430095473043,0.006513859281520326
87,10,-1,22.84182389825159,-15.338199529312751,звичайний твел UO₂,3,pivdenno_skhidna,tvz_z_12_tveh,11.04182389825159,5.1,3663,42776.49797938386,1109.009740353987,0.00022097473380161084,5.734046343025495e-06,0.003981915675437997,5.4672920057556733e-05,0.00034450210993799903,8.509783301765116e-06,1.2106533824801726,0.03139596512848873
88,-9,8,1.8623584915735698,-15.975699529312752,звичайний твел UO₂,3,pivdenno_skhidna,tvz_z_12_tveh,-9.937641508426431,4.4624999999999995,3668,36370.87897287633,1039.3997979091546,0.00018775893498256446,5.373488522521445e-06,0.005679520453380882,5.994926617335478e-05,0.0003321992490097197,8.703943961553129e-06,1.0293626110653378,0.029423828715835702
89,-7,7,4.070723271223887,-15.975699529312752,звичайний твел UO₂,3,pivdenno_skhidna,tvz_z_12_tveh,-7.729276728776114,4.4624999999999995,3673,36059.37644235654,1086.3508748654735,0.0001861662491240069,5.6159375864850564e-06,0.005577027336347296,6.173921850409363e-05,0.00033380546434321753,9.498450733109232e-06,1.0205465178824253,0.030752219176298782
90,-5,6,6.279088050874206,-15.975699529312752,звичайний твел UO₂,3,pivdenno_skhidna,tvz_z_12_tveh,-5.520911949125795,4.4624999999999995,3678,37113.75608644282,1038.3818847238579,0.00019160222064704547,5.368729698100767e-06,0.005642440579493076,6.130460374691751e-05,0.00034175810958212306,9.974219265528297e-06,1.0503873964682906,0.02939531196288834
91,-3,5,8.487452830524523,-15.975699529312752,звичайний твел UO₂,3,pivdenno_skhidna,tvz_z_12_tveh,-3.312547169475477,4.4624999999999995,3683,38147.0924562988,1019.3772517059588,0.00019694983750558387,5.271967657360567e-06,0.005505213963318403,5.2262080712992986e-05,0.0003611505664096427,1.0063440486194596e-05,1.079632711781593,0.02885799415748137
92,-1,4,10.695817610174842,-15.975699529312752,звичайний твел UO₂,3,pivdenno_skhidna,tvz_z_12_tveh,-1.104182389825159,4.4624999999999995,3688,35598.37811997912,1095.4454890270579,0.00018377117257661543,5.661718493404084e-06,0.005454104019045175,7.251816699169147e-05,0.0003328999982469638,9.722110411504705e-06,1.0074994194833724,0.03100939587440064
93,1,3,12.90418238982516,-15.975699529312752,звичайний твел UO₂,3,pivdenno_skhidna,tvz_z_12_tveh,1.104182389825159,4.4624999999999995,3693,36376.50490475214,1103.711415987387,0.00018780671990787655,5.705988997062174e-06,0.005279270521224922,5.0131589193664654e-05,0.00033744937287740286,1.1120265692751564e-05,1.029521835260323,0.031243565134234003
94,3,2,15.112547169475478,-15.975699529312752,звичайний твел UO₂,3,pivdenno_skhidna,tvz_z_12_tveh,3.312547169475477,4.4624999999999995,3698,33303.54352737467,885.9703444306522,0.00017194759211014302,4.580653656204703e-06,0.004904671252825727,5.9389194369427485e-05,0.00030302972345013537,7.277689016198954e-06,0.9425513897707003,0.025081380541158257
95,5,1,17.320911949125794,-15.975699529312752,звичайний твел UO₂,3,pivdenno_skhidna,tvz_z_12_tveh,5.520911949125795,4.4624999999999995,3703,31608.583166016968,919.8076120557671,0.0001631790966263658,4.755196363303349e-06,0.0046651452880568075,4.8975015633939304e-05,0.00028413614372874705,7.663176123525933e-06,0.8945809014984606,0.02603813832019853
96,7,0,19.529276728776114,-15.975699529312752,звичайний твел UO₂,3,pivdenno_skhidna,tvz_z_12_tveh,7.729276728776114,4.4624999999999995,3708,29401.538931935967,856.478107241004,0.00015178436379260015,4.428246833350804e-06,0.004371312796665111,5.2985961063676465e-05,0.0002664245421216418,7.701389032388507e-06,0.832117500016617,0.024245379775858764
97,9,-1,21.73764150842643,-15.975699529312752,звичайний твел UO₂,3,pivdenno_skhidna,tvz_z_12_tveh,9.937641508426431,4.4624999999999995,3713,33924.51694480382,1028.9980759473526,0.00017519313270746584,5.3197872529976864e-06,0.00407095786783797,5.0745904132294135e-05,0.0002983408427608977,8.9900336562742e-06,0.9601260768945316,0.029128603786988578
98,-10,8,0.7581761017484112,-16.61319952931275,звичайний твел UO₂,3,pivdenno_skhidna,tvz_z_12_tveh,-11.04182389825159,3.8249999999999997,3718,39948.80596711868,1181.8753586152056,0.00020627132422693388,6.111565041864984e-06,0.0056984399096965226,6.167400661603618e-05,0.00036863614032365546,1.0611258816693097e-05,1.1306245100626389,0.03345656983511591
99,-8,7,2.9665408813987284,-16.61319952931275,звичайний твел UO₂,3,pivdenno_skhidna,tvz_z_12_tveh,-8.833459118601272,3.8249999999999997,3723,35576.90901679921,989.3418882082092,0.0001836713990955037,5.116000748991514e-06,0.005570792723749929,5.79062140224193e-05,0.0003332613282495507,9.39651348914671e-06,1.0068918044701916,0.02800713409436745
101,-4,5,7.383270440699365,-16.61319952931275,звичайний твел UO₂,3,pivdenno_skhidna,tvz_z_12_tveh,-4.416729559300636,3.8249999999999997,3731,36796.70442580896,1042.6218379902837,0.00018997462814268154,5.390474374059588e-06,0.0054720028682776235,5.397099190981189e-05,0.0003475851561657123,1.0069744311336265e-05,1.0414142527211718,0.02951515918494176
102,-2,4,9.591635220349684,-16.61319952931275,звичайний твел UO₂,3,pivdenno_skhidna,tvz_z_12_tveh,-2.208364779650318,3.8249999999999997,3736,35968.44405014714,1078.3978037301865,0.00018570064170746374,5.57499485332539e-06,0.00538398664154656,5.6807719065083417e-05,0.0003309114966378389,9.051346442783102e-06,1.0179729643330353,0.03052714760867098
103,0,3,11.8,-16.61319952931275,звичайний твел UO₂,3,pivdenno_skhidna,tvz_z_12_tveh,0.0,3.8249999999999997,3741,35630.8356928321,1046.6433465585185,0.00018395555249054528,5.41164351446349e-06,0.0052760240674332515,5.804754745902452e-05,0.00033615825285623733,1.014468800717585e-05,1.0084180283508046,0.029628510370731588
104,2,2,14.008364779650318,-16.61319952931275,звичайний твел UO₂,3,pivdenno_skhidna,tvz_z_12_tveh,2.208364779650318,3.8249999999999997,3746,35042.59140925055,1112.084661319708,0.00018092697118712918,5.748574895127652e-06,0.005077869578900241,5.831646835332491e-05,0.0003179302891305288,9.155437493606925e-06,0.9917696357688346,0.03148002946857956
105,4,1,16.21672955930064,-16.61319952931275,твег UO₂-Gd₂O₃,3,pivdenno_skhidna,tvz_z_12_tveh,4.416729559300636,3.8249999999999997,3751,11521.964434830472,259.6442633536591,5.9345249753695754e-05,1.340887711730611e-06,0.00428739128885019,5.157147044444401e-05,0.0007748697128105804,2.5097851263418358e-05,0.3260927349070636,0.007351183821651028
107,8,-1,20.633459118601273,-16.61319952931275,звичайний твел UO₂,3,pivdenno_skhidna,tvz_z_12_tveh,8.833459118601272,3.8249999999999997,3759,31343.462859708718,884.3444336974501,0.0001618378121620539,4.57265488017234e-06,0.0042656853537885895,5.4145015669452976e-05,0.000280578100247839,8.078199100179782e-06,0.8870775103664666,0.025034599234117886
108,10,-2,22.84182389825159,-16.61319952931275,звичайний твел UO₂,3,pivdenno_skhidna,tvz_z_12_tveh,11.04182389825159,3.8249999999999997,3764,44240.085646336505,1110.554019079764,0.00022853664725267756,5.7414698741830275e-06,0.003958991642137917,5.186337538911256e-05,0.0003649410353660617,9.057583584298778e-06,1.2520755989600363,0.03144028088091823
109,-9,7,1.8623584915735698,-17.25069952931275,звичайний твел UO₂,3,pivdenno_skhidna,tvz_z_12_tveh,-9.937641508426431,3.1875,3769,38233.48336016441,1065.2612843157026,0.00019740384028044423,5.507596207138207e-06,0.005638482583594883,6.914059525335276e-05,0.00035038221256350986,9.817590769145698e-06,1.082077732877776,0.030156296461446436
110,-7,6,4.070723271223887,-17.25069952931275,звичайний твел UO₂,3,pivdenno_skhidna,tvz_z_12_tveh,-7.729276728776114,3.1875,3774,36301.010054376246,1150.8307748349973,0.00018741645337840574,5.950224329213885e-06,0.005509084689173344,5.147821126026073e-05,0.0003381175309370208,9.00153633612028e-06,1.0273851924708302,0.032576837210064866
111,-5,5,6.279088050874206,-17.25069952931275,звичайний твел UO₂,3,pivdenno_skhidna,tvz_z_12_tveh,-5.520911949125795,3.1875,3779,36950.695198192654,1014.6839952013921,0.00019076204157045972,5.245506928713441e-06,0.005427965391380736,6.687116917190763e-05,0.000341209771322126,9.447254383039423e-06,1.0457724741339416,0.0287247217160654
112,-3,4,8.487452830524523,-17.25069952931275,звичайний твел UO₂,3,pivdenno_skhidna,tvz_z_12_tveh,-3.312547169475477,3.1875,3784,39306.51136870499,1122.496191571864,0.00020294879602371363,5.804000544601083e-06,0.005449113297833418,5.330858373891515e-05,0.00035150803838029563,9.240500990344944e-06,1.112446394395175,0.03177617194224522
113,-1,3,10.695817610174842,-17.25069952931275,звичайний твел UO₂,3,pivdenno_skhidna,tvz_z_12_tveh,-1.104182389825159,3.1875,3789,38919.316776581,1145.6624715652622,0.00020097336659632837,5.922699839656818e-06,0.005369954219062723,5.092279433123791e-05,0.00035464610881962607,9.755964384629297e-06,1.1014880769831499,0.0324315256875409
115,3,1,15.112547169475478,-17.25069952931275,звичайний твел UO₂,3,pivdenno_skhidna,tvz_z_12_tveh,3.312547169475477,3.1875,3797,30934.476463713283,963.0612630031773,0.00015970509022128279,4.980499893201783e-06,0.004769119470886822,5.1799285574818475e-05,0.0002883609578255927,7.477502582080611e-06,0.8755024449195739,0.027261793722080405
116,5,0,17.320911949125794,-17.25069952931275,звичайний твел UO₂,3,pivdenno_skhidna,tvz_z_12_tveh,5.520911949125795,3.1875,3802,29613.19063549696,802.7751208912006,0.00015287128903875756,4.149222193570558e-06,0.004529569930610118,5.2496035369843034e-05,0.0002691627334341856,7.098498494710349e-06,0.8381076315824899,0.022725937511713715
117,7,-1,19.529276728776114,-17.25069952931275,звичайний твел UO₂,3,pivdenno_skhidna,tvz_z_12_tveh,7.729276728776114,3.1875,3807,32153.753191065964,1100.6930880245482,0.00016602621880115512,5.690224717019939e-06,0.004344237393900527,5.75882231980823e-05,0.00028480741335372537,8.676804366674197e-06,0.9100102135279413,0.031156731955514147
118,9,-2,21.73764150842643,-17.25069952931275,звичайний твел UO₂,3,pivdenno_skhidna,tvz_z_12_tveh,9.937641508426431,3.1875,3812,36771.38592710378,1183.1578826770947,0.0001899110615990551,6.117605292959497e-06,0.004060450945240263,4.3133720483955864e-05,0.00030545917422626157,8.896409577465274e-06,1.040697692751454,0.03349174156340052
119,-10,7,0.7581761017484112,-17.88819952931275,звичайний твел UO₂,3,pivdenno_skhidna,tvz_z_12_tveh,-11.04182389825159,2.55,3817,40151.58318121485,996.4124697705777,0.00020732768706732487,5.150995941458633e-06,0.00561483053909678,5.858783265221169e-05,0.00036317111984813513,8.508714327016524e-06,1.1363634772930502,0.028209081919488628
120,-8,6,2.9665408813987284,-17.88819952931275,звичайний твел UO₂,3,pivdenno_skhidna,tvz_z_12_tveh,-8.833459118601272,2.55,3822,36191.7929872717,1048.2918579064496,0.00018684737951973876,5.4204030203344105e-06,0.005457838074539918,5.8054488008334484e-05,0.0003394192991454701,9.96002317585933e-06,1.0242941490717559,0.029675364482285985
121,-6,5,5.1749056610490465,-17.88819952931275,звичайний твел UO₂,3,pivdenno_skhidna,tvz_z_12_tveh,-6.625094338950954,2.55,3827,35214.845831755825,991.2433272985172,0.0001818019003300187,5.125760335867952e-06,0.005443374123142291,5.314626393223533e-05,0.00033369114440702545,9.016277367876547e-06,0.9966447519916186,0.028060794676119105
122,-4,4,7.383270440699365,-17.88819952931275,звичайний твел UO₂,3,pivdenno_skhidna,tvz_z_12_tveh,-4.416729559300636,2.55,3832,33306.100643546306,975.7029133881338,0.00017192696083757393,5.0446058686534305e-06,0.0053047035601929,5.952542603123459e-05,0.0003168723979869378,9.00466696205196e-06,0.9426237608503543,0.027620353147035027
124,0,2,11.8,-17.88819952931275,звичайний твел UO₂,3,pivdenno_skhidna,tvz_z_12_tveh,0.0,2.55,3840,37194.94033613967,954.0633327873019,0.00019205182237063862,4.932803496970775e-06,0.00522921310645358,5.7824610378038295e-05,0.000342109192305784,8.86496049722001e-06,1.0526850596979211,0.027009612627411986
125,2,1,14.008364779650318,-17.88819952931275,звичайний твел UO₂,3,pivdenno_skhidna,tvz_z_12_tveh,2.208364779650318,2.55,3845,34365.817598531634,981.2845116607358,0.00017742849415695167,5.073667319064946e-06,0.004932108290135279,6.437746010788381e-05,0.00032408840005222474,1.116567990821466e-05,0.9726156951279777,0.027778684115012067
126,4,0,16.21672955930064,-17.88819952931275,звичайний твел UO₂,3,pivdenno_skhidna,tvz_z_12_tveh,4.416729559300636,2.55,3850,29831.09982004621,877.4633801075454,0.00015399805094631184,4.5372252188261775e-06,0.0046302481494861865,5.434656484705535e-05,0.0002843269637309008,7.514292518064553e-06,0.8442748613420459,0.024839327885431157
127,6,-1,18.425094338950956,-17.88819952931275,звичайний твел UO₂,3,pivdenno_skhidna,tvz_z_12_tveh,6.625094338950954,2.55,3855,29744.18563146361,909.968220003173,0.00015355330106690823,4.703824331409776e-06,0.004342594075359495,5.5223659673299604e-05,0.00027428096831051175,7.3435906501734216e-06,0.8418150303282085,0.02575904704408741
128,8,-2,20.633459118601273,-17.88819952931275,звичайний твел UO₂,3,pivdenno_skhidna,tvz_z_12_tveh,8.833459118601272,2.55,3860,33067.43196107776,1067.8367763977271,0.00017075472170391886,5.52231265010008e-06,0.004167581345581191,4.7763372385589395e-05,0.00028592899281624845,9.062011996565319e-06,0.935868999208532,0.03022729773344558
129,10,-3,22.84182389825159,-17.88819952931275,звичайний твел UO₂,3,pivdenno_skhidna,tvz_z_12_tveh,11.04182389825159,2.55,3865,44212.68968300767,1240.6617290486668,0.00022840301490768852,6.414344951111715e-06,0.0038838792173195085,5.263107707378398e-05,0.0003623289102792299,1.1730422882864764e-05,1.2513002429295745,0.0351215544486238
130,-9,6,1.8623584915735698,-18.52569952931275,звичайний твел UO₂,3,pivdenno_skhidna,tvz_z_12_tveh,-9.937641508426431,1.9124999999999999,3870,38836.785735240424,1056.4199642721503,0.0002005190709689668,5.462105161972358e-06,0.005476642722532418,6.021697971618147e-05,0.0003474106844107119,9.59943223456147e-06,1.099152297078803,0.02990637203462657
131,-7,5,4.070723271223887,-18.52569952931275,звичайний твел UO₂,3,pivdenno_skhidna,tvz_z_12_tveh,-7.729276728776114,1.9124999999999999,3875,34602.05684198596,1029.5302429929013,0.00017863616293309055,5.322323770213152e-06,0.005346930082745377,5.7749518607463924e-05,0.0003195092440533386,8.922122788178444e-06,0.979301699187973,0.02914390668795101
132,-5,4,6.279088050874206,-18.52569952931275,твег UO₂-Gd₂O₃,3,pivdenno_skhidna,tvz_z_12_tveh,-5.520911949125795,1.9124999999999999,3880,12443.124402513304,241.80620895253952,6.410051019271872e-05,1.2491830850065291e-06,0.004748691288913036,5.204550099106717e-05,0.000824983797707178,2.3291248357420263e-05,0.35216325220883105,0.0068470340654623926
133,-3,3,8.487452830524523,-18.52569952931275,звичайний твел UO₂,3,pivdenno_skhidna,tvz_z_12_tveh,-3.312547169475477,1.9124999999999999,3885,36202.31444913092,1071.9629672360334,0.00018691911136740338,5.542148497770649e-06,0.00523451670191156,6.459138445393213e-05,0.0003299550684336398,8.84446265674676e-06,1.024591925747973,0.030345154451640637
134,-1,2,10.695817610174842,-18.52569952931275,звичайний твел UO₂,3,pivdenno_skhidna,tvz_z_12_tveh,-1.104182389825159,1.9124999999999999,3890,37446.52393176705,963.3766677390029,0.00019335278077825332,4.980486349220447e-06,0.005188950456984829,5.5311351404199446e-05,0.00033512608516333807,8.175336355685763e-06,1.0598053370794311,0.027273226810255458
135,1,1,12.90418238982516,-18.52569952931275,звичайний твел UO₂,3,pivdenno_skhidna,tvz_z_12_tveh,1.104182389825159,1.9124999999999999,3895,36136.339600075065,908.5534809873991,0.00018658575985990714,4.697257487169108e-06,0.005137320370846506,6.155950954861563e-05,0.0003248153662263828,7.595929681007676e-06,1.02272471646388,0.02572153076507633
136,3,0,15.112547169475478,-18.52569952931275,звичайний твел UO₂,3,pivdenno_skhidna,tvz_z_12_tveh,3.312547169475477,1.9124999999999999,3900,32100.048242700334,968.0600938949221,0.000165731900249977,5.00528743660209e-06,0.004655293385321443,5.3592387349592944e-05,0.00029499769717390224,9.177843927190175e-06,0.908490264947155,0.02740365383529614
137,5,-1,17.320911949125794,-18.52569952931275,звичайний твел UO₂,3,pivdenno_skhidna,tvz_z_12_tveh,5.520911949125795,1.9124999999999999,3905,31092.934705092404,948.5669488319706,0.0001605289798947869,4.903671188390772e-06,0.004523380664331848,5.881658647763012e-05,0.00027623041463075326,7.553203780598017e-06,0.8799871039021757,0.026851716654148924
138,7,-2,19.529276728776114,-18.52569952931275,звичайний твел UO₂,3,pivdenno_skhidna,tvz_z_12_tveh,7.729276728776114,1.9124999999999999,3910,32599.671024087875,1084.2581520493748,0.00016833051485724647,5.605480089083305e-06,0.0042495541681884874,5.9856978978962726e-05,0.0002899183872813887,8.812782903971243e-06,0.9226305064073722,0.030691814896465674
139,9,-3,21.73764150842643,-18.52569952931275,звичайний твел UO₂,3,pivdenno_skhidna,tvz_z_12_tveh,9.937641508426431,1.9124999999999999,3915,36379.71343805384,1091.2585065569308,0.000187882036348854,5.641553878564604e-06,0.003955619009716094,5.075085432531982e-05,0.00030671714542840166,8.600804110567632e-06,1.029612642640029,0.03089120034633771
140,-10,6,0.7581761017484112,-19.163199529312752,звичайний твел UO₂,3,pivdenno_skhidna,tvz_z_12_tveh,-11.04182389825159,1.275,3920,38963.21886750201,1061.447225679974,0.0002011766133691905,5.48828373462071e-06,0.005423916731175731,5.822859537800779e-05,0.00035862064779519534,1.0534987708731989e-05,1.1027305867112038,0.03004866635469836
141,-8,5,2.9665408813987284,-19.163199529312752,звичайний твел UO₂,3,pivdenno_skhidna,tvz_z_12_tveh,-8.833459118601272,1.275,3925,37279.868140157036,1226.4535021350684,0.00019247877577295753,6.339960055760572e-06,0.005339689261924031,6.428045988869848e-05,0.0003380756844628646,1.0136249137296458e-05,1.055088672383789,0.03471703473076168
142,-6,4,5.1749056610490465,-19.163199529312752,звичайний твел UO₂,3,pivdenno_skhidna,tvz_z_12_tveh,-6.625094338950954,1.275,3930,32427.559480244858,926.2111045701499,0.0001674029184261467,4.7873942006608435e-06,0.005196184946185071,5.960566840149546e-05,0.00030046985790840934,8.091590138896835e-06,0.917759433912895,0.026219635429240887
143,-4,3,7.383270440699365,-19.163199529312752,звичайний твел UO₂,3,pivdenno_skhidna,tvz_z_12_tveh,-4.416729559300636,1.275,3935,33678.107078011024,930.9304216402546,0.00017386757300475068,4.812283217891077e-06,0.005154802497702664,6.114762316268526e-05,0.00031022870615451844,7.438764518453822e-06,0.9531522255322026,0.026353651423409886
144,-2,2,9.591635220349684,-19.163199529312752,звичайний твел UO₂,3,pivdenno_skhidna,tvz_z_12_tveh,-2.208364779650318,1.275,3940,36704.08615068392,1107.9344229387789,0.00018951252070680338,5.728522290066759e-06,0.005249325632533568,5.2967864377270955e-05,0.00034686962878276194,9.357740580313115e-06,1.0387929855918794,0.031363176442740205
145,0,1,11.8,-19.163199529312752,звичайний твел UO₂,3,pivdenno_skhidna,tvz_z_12_tveh,0.0,1.275,3945,35660.45801910458,901.7060615521564,0.0001841264432337098,4.661765817371432e-06,0.004985671303661054,5.541111611602168e-05,0.0003302010223894728,9.284092123275779e-06,1.0092563945376767,0.025527589838480413
146,2,0,14.008364779650318,-19.163199529312752,звичайний твел UO₂,3,pivdenno_skhidna,tvz_z_12_tveh,2.208364779650318,1.275,3950,33187.13200671975,1050.4871502885271,0.00017134663380961496,5.431191931392544e-06,0.004821313953017836,5.437167683059732e-05,0.00030405844723252625,8.634272188401015e-06,0.9392567301352046,0.029736404221394064
147,4,-1,16.21672955930064,-19.163199529312752,звичайний твел UO₂,3,pivdenno_skhidna,tvz_z_12_tveh,4.416729559300636,1.275,3955,32596.820366782733,1045.476506664509,0.00016830785960757284,5.40506393869712e-06,0.004624880506127908,6.205633448540354e-05,0.0003005898176500649,9.841294633561516e-06,0.9225498275750277,0.02959441950477341
148,6,-2,18.425094338950956,-19.163199529312752,звичайний твел UO₂,3,pivdenno_skhidna,tvz_z_12_tveh,6.625094338950954,1.275,3960,32261.219547305118,968.9060918706175,0.000166576193224145,5.00907492347646e-06,0.004449816000086214,5.134021226998406e-05,0.0002857273651713488,7.64227758398137e-06,0.9130517085971837,0.027427650186565428
149,8,-3,20.633459118601273,-19.163199529312752,звичайний твел UO₂,3,pivdenno_skhidna,tvz_z_12_tveh,8.833459118601272,1.275,3965,33351.22063915857,984.8851951112995,0.0001722344064242115,5.091360049570829e-06,0.0040839162176534525,5.4788745107422374e-05,0.00029518414054303444,8.505016978247397e-06,0.9439007395158777,0.027880187624681776
150,10,-4,22.84182389825159,-19.163199529312752,звичайний твел UO₂,3,pivdenno_skhidna,tvz_z_12_tveh,11.04182389825159,1.275,3970,46100.52484957848,1250.9714556108324,0.00023817030651029336,6.468387244356768e-06,0.003814881671981233,5.055406526771086e-05,0.0003636413093393989,9.222302172074467e-06,1.3047294420911206,0.03541400776260672
151,-9,5,1.8623584915735698,-19.80069952931275,звичайний твел UO₂,3,pivdenno_skhidna,tvz_z_12_tveh,-9.937641508426431,0.6375,3975,36883.689530499134,1058.2314304755955,0.00019042610199616704,5.472923555005223e-06,0.005359516777121993,5.955081856947872e-05,0.0003266540836655974,8.134246693833698e-06,1.043876090790976,0.029956868220501642
152,-7,4,4.070723271223887,-19.80069952931275,звичайний твел UO₂,3,pivdenno_skhidna,tvz_z_12_tveh,-7.729276728776114,0.6375,3980,36106.99961624975,1026.4690300117022,0.00018641787980587984,5.3059765924907526e-06,0.005215791952805486,6.151143940862331e-05,0.0003222394031044749,8.677093615930095e-06,1.0218943410863268,0.02905785014040144
153,-5,3,6.279088050874206,-19.80069952931275,звичайний твел UO₂,3,pivdenno_skhidna,tvz_z_12_tveh,-5.520911949125795,0.6375,3985,32099.989229741797,864.6171206882318,0.00016570446115740377,4.470236794964353e-06,0.005162772551840775,5.51768508744568e-05,0.0002998766518178749,8.019426136465474e-06,0.9084885947721468,0.024476718841838958
154,-3,2,8.487452830524523,-19.80069952931275,звичайний твел UO₂,3,pivdenno_skhidna,tvz_z_12_tveh,-3.312547169475477,0.6375,3990,35535.08573190302,1018.7646593336985,0.00018347302894375809,5.267723282284723e-06,0.005095585415070385,5.039518777986196e-05,0.00032847854108296884,9.292780154451634e-06,1.0057081287669958,0.028839636180393185
155,-1,1,10.695817610174842,-19.80069952931275,звичайний твел UO₂,3,pivdenno_skhidna,tvz_z_12_tveh,-1.104182389825159,0.6375,3995,38282.96736810758,973.8400946138833,0.0001976794820249832,5.035064797125015e-06,0.00503558375299273,5.615346243938647e-05,0.0003368401418725178,8.548565426378319e-06,1.083478221099695,0.027569629094228013
156,1,0,12.90418238982516,-19.80069952931275,звичайний твел UO₂,3,pivdenno_skhidna,tvz_z_12_tveh,1.104182389825159,0.6375,4000,36668.87563490194,1030.487034172854,0.0001893456531215347,5.327687484384067e-06,0.004869431709192754,5.9595773524414966e-05,0.00033962793754941273,9.638362638381212e-06,1.0377964633882415,0.029171755494249742
158,5,-2,17.320911949125794,-19.80069952931275,звичайний твел UO₂,3,pivdenno_skhidna,tvz_z_12_tveh,5.520911949125795,0.6375,4008,28905.40976935979,829.501689771857,0.00014922774957281195,4.28843484125722e-06,0.004396315552632152,5.662488896291896e-05,0.00026074092400867695,6.974096331381768e-06,0.8180761343791264,0.023481886519775213
160,9,-4,21.73764150842643,-19.80069952931275,звичайний твел UO₂,3,pivdenno_skhidna,tvz_z_12_tveh,9.937641508426431,0.6375,4016,35437.00319915181,1115.1856105260624,0.00018302513872565373,5.765259856125501e-06,0.003916052325873386,4.936011993023211e-05,0.00030464270816887325,8.536490652736831e-06,1.0029322131206355,0.03156791063382749
161,-10,5,0.7581761017484112,-20.43819952931275,звичайний твел UO₂,3,pivdenno_skhidna,tvz_z_12_tveh,-11.04182389825159,0.0,4021,37617.02549294461,1039.3798517890946,0.00019423226527583599,5.372848669436645e-06,0.005196147306603147,5.9847593012304374e-05,0.0003447217153632281,9.178580325141504e-06,1.0646308441103538,0.02942374570990016
162,-8,4,2.9665408813987284,-20.43819952931275,звичайний твел UO₂,3,pivdenno_skhidna,tvz_z_12_tveh,-8.833459118601272,0.0,4026,36558.22221998457,939.4667937095686,0.00018874511403096534,4.856886619117325e-06,0.00526735587403151,5.652309825380765e-05,0.0003382303627592137,8.198542813282382e-06,1.034664768710541,0.026596354786632043
163,-6,3,5.1749056610490465,-20.43819952931275,звичайний твел UO₂,3,pivdenno_skhidna,tvz_z_12_tveh,-6.625094338950954,0.0,4031,35581.647535269614,1086.042493369884,0.00018371370317526398,5.614069154805283e-06,0.005212224623909029,6.280182389477117e-05,0.0003214950371783816,8.805176717979125e-06,1.0070259132375083,0.030743322241849756
164,-4,2,7.383270440699365,-20.43819952931275,звичайний твел UO₂,3,pivdenno_skhidna,tvz_z_12_tveh,-4.416729559300636,0.0,4036,34938.386462213675,1077.82331898131,0.00018038190585895801,5.573302520960821e-06,0.005168946471552415,5.0809436955946145e-05,0.00032672590249089906,8.822721026582732e-06,0.9888204445643055,0.030510524363280504
165,-2,1,9.591635220349684,-20.43819952931275,звичайний твел UO₂,3,pivdenno_skhidna,tvz_z_12_tveh,-2.208364779650318,0.0,4041,38492.959001492076,1154.5986825532864,0.00019876106811755987,5.970350196963981e-06,0.005145176775873043,5.0529530998283975e-05,0.00034260948212435586,1.0051758980608826e-05,1.0894213696335464,0.03268422620238343
167,2,-1,14.008364779650318,-20.43819952931275,звичайний твел UO₂,3,pivdenno_skhidna,tvz_z_12_tveh,2.208364779650318,0.0,4049,34221.86210185334,970.7505281454376,0.00017669724235440325,5.019249492626649e-06,0.0047848818840961005,5.1804991883151616e-05,0.00031825966658971695,9.443044462703153e-06,0.9685414904311794,0.027480568721745022
168,4,-2,16.21672955930064,-20.43819952931275,звичайний твел UO₂,3,pivdenno_skhidna,tvz_z_12_tveh,4.416729559300636,0.0,4054,31686.84270354753,1063.61982365242,0.00016360812894016037,5.499790517311584e-06,0.0045198495661715864,5.8864110026388836e-05,0.0002915527174587854,8.729548389065751e-06,0.8967957900072948,0.030107516120125112
169,6,-3,18.425094338950956,-20.43819952931275,звичайний твел UO₂,3,pivdenno_skhidna,tvz_z_12_tveh,6.625094338950954,0.0,4059,30250.938971032796,916.7866626385988,0.00015618989445701176,4.7402693599900245e-06,0.0042640534025938865,4.679663971596446e-05,0.00027157330809242483,8.109311685464835e-06,0.8561570796686719,0.02595216220943226
170,8,-4,20.633459118601273,-20.43819952931275,звичайний твел UO₂,3,pivdenno_skhidna,tvz_z_12_tveh,8.833459118601272,0.0,4064,32099.293597038846,978.3690990454176,0.00016576126455539585,5.058198935226892e-06,0.004005959000422457,5.658238107179173e-05,0.0002806750120368047,7.869393962486723e-06,0.9084689070902521,0.027695356469883907
171,10,-5,22.84182389825159,-20.43819952931275,звичайний твел UO₂,3,pivdenno_skhidna,tvz_z_12_tveh,11.04182389825159,0.0,4069,44250.464329314855,1357.4163975624188,0.00022860584754973658,7.01808092907536e-06,0.0038031253219403508,4.7903524923683715e-05,0.0003526671599893778,1.0079096521302211e-05,1.2523693347319427,0.03842520381760128
172,-9,4,1.8623584915735698,-21.07569952931275,звичайний твел UO₂,3,pivdenno_skhidna,tvz_z_12_tveh,-9.937641508426431,-0.6375,4074,36406.67580505704,1062.517899854277,0.0001879646722344327,5.493565492337428e-06,0.0051513158576866926,5.2757284153821935e-05,0.0003280034408295624,1.0186155947186027e-05,1.0303757270988791,0.030077976472523797
174,-5,2,6.279088050874206,-21.07569952931275,звичайний твел UO₂,3,pivdenno_skhidna,tvz_z_12_tveh,-5.520911949125795,-0.6375,4082,33720.22543063402,1060.5213102385035,0.00017408478065108752,5.481871655546875e-06,0.005006025131956768,6.089506599918477e-05,0.00030978302729148515,8.279670780320035e-06,0.9543442521934804,0.030020518048649227
176,-1,0,10.695817610174842,-21.07569952931275,звичайний твел UO₂,3,pivdenno_skhidna,tvz_z_12_tveh,-1.104182389825159,-0.6375,4090,36236.71938513381,1074.7278826964646,0.000187108874001761,5.556233174836118e-06,0.00495051551687887,5.7959535090509464e-05,0.0003302245503811001,8.836565253702941e-06,1.0255656485657216,0.030423402149496532
177,1,-1,12.90418238982516,-21.07569952931275,звичайний твел UO₂,3,pivdenno_skhidna,tvz_z_12_tveh,1.104182389825159,-0.6375,4095,34802.76661834107,880.154777845775,0.00017970592089115505,4.550255378999598e-06,0.0048092379810577655,5.65460512198249e-05,0.00032404013331100497,7.806206289957914e-06,0.9849821541368157,0.024917463724447045
178,3,-2,15.112547169475478,-21.07569952931275,звичайний твел UO₂,3,pivdenno_skhidna,tvz_z_12_tveh,3.312547169475477,-0.6375,4100,33093.88129691184,965.5385924447647,0.00017087425008496186,4.991053192003112e-06,0.0046768311781921635,5.70205397971855e-05,0.0003109019754974209,8.634946003955447e-06,0.936617563943946,0.027332669957262877
179,5,-3,17.320911949125794,-21.07569952931275,звичайний твел UO₂,3,pivdenno_skhidna,tvz_z_12_tveh,5.520911949125795,-0.6375,4105,30219.99949586579,826.1495112697047,0.00015603447660340628,4.27047332950625e-06,0.0043563806230392105,5.123491457732283e-05,0.00028162113203345206,9.49652287712372e-06,0.8552814357512772,0.023387546435158495
180,7,-4,19.529276728776114,-21.07569952931275,звичайний твел UO₂,3,pivdenno_skhidna,tvz_z_12_tveh,7.729276728776114,-0.6375,4110,31940.24768610805,888.9457582200188,0.0001649307616368078,4.596134194643561e-06,0.004166358261800373,5.56286257084755e-05,0.00029299898777803394,8.366407284396598e-06,0.9039676159810358,0.025165024508653006
181,9,-5,21.73764150842643,-21.07569952931275,звичайний твел UO₂,3,pivdenno_skhidna,tvz_z_12_tveh,9.937641508426431,-0.6375,4115,36121.28220121816,1138.9374736953207,0.00018655775472951346,5.888504073448211e-06,0.003945810851834901,4.9256830579465344e-05,0.00029881071550961265,8.750978117528586e-06,1.0222985644477365,0.0322402378280995
182,-10,4,0.7581761017484112,-21.71319952931275,звичайний твел UO₂,3,pivdenno_skhidna,tvz_z_12_tveh,-11.04182389825159,-1.275,4120,37165.84151853011,1079.5615361169641,0.0001919014895978021,5.580684560194248e-06,0.0049747617476776,6.311894778773262e-05,0.0003411072243320865,1.0720107102849456e-05,1.0518615097667847,0.03056051655167243
183,-8,3,2.9665408813987284,-21.71319952931275,звичайний твел UO₂,3,pivdenno_skhidna,tvz_z_12_tveh,-8.833459118601272,-1.275,4125,35194.38143727247,946.3811520735029,0.00018171009055340892,4.8939183725865474e-06,0.004999435423485254,4.8419625339185814e-05,0.00032119742710753164,8.752959373728733e-06,0.9960655720780682,0.026791426313756667
184,-6,2,5.1749056610490465,-21.71319952931275,звичайний твел UO₂,3,pivdenno_skhidna,tvz_z_12_tveh,-6.625094338950954,-1.275,4130,33544.32407361582,919.2732597266523,0.000173187753631642,4.752267792130621e-06,0.004911486152773388,6.559908378934537e-05,0.00031218719423598755,8.72431902522928e-06,0.9493659210323,0.026023763093120215
185,-4,1,7.383270440699365,-21.71319952931275,звичайний твел UO₂,3,pivdenno_skhidna,tvz_z_12_tveh,-4.416729559300636,-1.275,4135,34283.03843767413,1023.8739153760504,0.00017701805402666078,5.293247772866658e-06,0.0048744386349010285,4.8699593158760366e-05,0.0003217728909488847,9.18569195858329e-06,0.9702728929860327,0.028983740624082644
186,-2,0,9.591635220349684,-21.71319952931275,звичайний твел UO₂,3,pivdenno_skhidna,tvz_z_12_tveh,-2.208364779650318,-1.275,4140,36776.70111727765,959.0644075705023,0.00018990114547344497,4.95813539011103e-06,0.005012991771771521,6.41843314178285e-05,0.0003342365420148206,8.984862771152192e-06,1.040848122386101,0.027150936149796256
187,0,-1,11.8,-21.71319952931275,звичайний твел UO₂,3,pivdenno_skhidna,tvz_z_12_tveh,0.0,-1.275,4145,34710.16885375657,959.8884832033547,0.000179216505587739,4.962197254958072e-06,0.004815298116935577,5.853449983737608e-05,0.0003171557534576609,8.588903731441683e-06,0.9823614674934549,0.02717341728404411
188,2,-2,14.008364779650318,-21.71319952931275,звичайний твел UO₂,3,pivdenno_skhidna,tvz_z_12_tveh,2.208364779650318,-1.275,4150,34323.03339285516,868.7820903386594,0.00017723141486843065,4.491434728587701e-06,0.004563578882574612,6.005949710356919e-05,0.00030416217135021057,6.984963113905237e-06,0.9714048236035273,0.02459548641309596
189,4,-3,16.21672955930064,-21.71319952931275,звичайний твел UO₂,3,pivdenno_skhidna,tvz_z_12_tveh,4.416729559300636,-1.275,4155,28868.879418264936,1009.8808871569012,0.00014904529885453462,5.222171886612946e-06,0.00435206299132831,5.1517008808285944e-05,0.000268800765024907,8.05615220574542e-06,0.8170422584143971,0.028585961183232554
190,6,-4,18.425094338950956,-21.71319952931275,звичайний твел UO₂,3,pivdenno_skhidna,tvz_z_12_tveh,6.625094338950954,-1.275,4160,28573.508485699553,826.2407141596635,0.00014752579316601368,4.2725019570532966e-06,0.004176279078723008,5.784472907197459e-05,0.00025580620111754587,7.572660766680931e-06,0.8086827190531118,0.02338949119959406
191,8,-5,20.633459118601273,-21.71319952931275,звичайний твел UO₂,3,pivdenno_skhidna,tvz_z_12_tveh,8.833459118601272,-1.275,4165,33283.05528539466,1016.9758631434627,0.00017187718794053113,5.257706298092657e-06,0.004090723906858483,5.1224014579236353e-05,0.0002880003275869581,9.091872795798422e-06,0.9419715349292374,0.028788194800145443
192,10,-6,22.84182389825159,-21.71319952931275,звичайний твел UO₂,3,pivdenno_skhidna,tvz_z_12_tveh,11.04182389825159,-1.275,4170,43885.06657451951,1270.0042977561784,0.00022671522593403252,6.5666125143024266e-06,0.0037351715703658472,4.386344184501894e-05,0.0003552245057063461,9.25046981348959e-06,1.2420279078108598,0.03595168213414536
193,-9,3,1.8623584915735698,-22.350699529312752,звичайний твел UO₂,3,pivdenno_skhidna,tvz_z_12_tveh,-9.937641508426431,-1.9124999999999999,4175,33722.04376402388,905.4214285569748,0.0001741047949504665,4.681649200031314e-06,0.0048155052936358226,6.209284482588235e-05,0.00031544671682195156,8.23798045287808e-06,0.9543957143648338,0.025631904106419127
194,-7,2,4.070723271223887,-22.350699529312752,звичайний твел UO₂,3,pivdenno_skhidna,tvz_z_12_tveh,-7.729276728776114,-1.9124999999999999,4180,32936.07113420415,1135.884581920096,0.000170043539862973,5.871458846014944e-06,0.004831628165979093,5.93470045709322e-05,0.00030023926869610855,9.36416767690023e-06,0.9321512467768912,0.03215280117859346
195,-5,1,6.279088050874206,-22.350699529312752,звичайний твел UO₂,3,pivdenno_skhidna,tvz_z_12_tveh,-5.520911949125795,-1.9124999999999999,4185,34108.11610624998,1025.916468204752,0.00017610619920785741,5.304122303175129e-06,0.004789048766367151,5.791500137104846e-05,0.000312167028288338,8.431864149634373e-06,0.9653222700455568,0.029041472934809423
196,-3,0,8.487452830524523,-22.350699529312752,звичайний твел UO₂,3,pivdenno_skhidna,tvz_z_12_tveh,-3.312547169475477,-1.9124999999999999,4190,33463.56514627269,928.1575744479795,0.0001727731012585656,4.798451035521959e-06,0.004846643102082531,6.224567445586598e-05,0.000303206727047915,7.501670503503677e-06,0.9470802952056943,0.02627511029112146
197,-1,-1,10.695817610174842,-22.350699529312752,звичайний твел UO₂,3,pivdenno_skhidna,tvz_z_12_tveh,-1.104182389825159,-1.9124999999999999,4195,35591.89333829698,894.6573622634342,0.00018375931197417875,4.6250320456228266e-06,0.0048879666221775375,6.138289164338298e-05,0.0003191857019351794,8.311521311397952e-06,1.0073158882629833,0.025328129367524828
198,1,-2,12.90418238982516,-22.350699529312752,звичайний твел UO₂,3,pivdenno_skhidna,tvz_z_12_tveh,1.104182389825159,-1.9124999999999999,4200,33613.369560718034,880.553544817727,0.00017355226362369044,4.551882828013152e-06,0.00473219319754538,5.759219872903744e-05,0.00030068383384416726,7.700218434326907e-06,0.9513200350073518,0.024928244720671962
199,3,-3,15.112547169475478,-22.350699529312752,звичайний твел UO₂,3,pivdenno_skhidna,tvz_z_12_tveh,3.312547169475477,-1.9124999999999999,4205,31823.916556321383,1061.8160142793117,0.0001643160090884923,5.489202922916677e-06,0.004467252048807474,5.4024379463566075e-05,0.0002938599694023623,1.0004024199214162e-05,0.900675231554619,0.030056518202285547
200,5,-4,17.320911949125794,-22.350699529312752,твег UO₂-Gd₂O₃,3,pivdenno_skhidna,tvz_z_12_tveh,5.520911949125795,-1.9124999999999999,4210,10355.878535950049,229.05802118288946,5.3353146112196786e-05,1.1831860559050963e-06,0.0037985920672064443,4.60642373040752e-05,0.0007069704518364912,2.6264178966224803e-05,0.2930903643431526,0.006485303121250737
201,7,-5,19.529276728776114,-22.350699529312752,звичайний твел UO₂,3,pivdenno_skhidna,tvz_z_12_tveh,7.729276728776114,-1.9124999999999999,4215,29347.510602871123,767.1564285496983,0.00015152534195759287,3.965925201785295e-06,0.004042082424879809,5.5911947196995704e-05,0.000255217321022821,7.192828343911484e-06,0.8305883991686787,0.02171802754560607
202,9,-6,21.73764150842643,-22.350699529312752,звичайний твел UO₂,3,pivdenno_skhidna,tvz_z_12_tveh,9.937641508426431,-1.9124999999999999,4220,35688.9605436248,1003.9196564395138,0.0001843233937392558,5.189943329119968e-06,0.0038566703571964863,5.187678923754957e-05,0.0002967395392130441,7.097428342578847e-06,1.0100630682802598,0.02841965404962168
203,-10,3,0.7581761017484112,-22.98819952931275,звичайний твел UO₂,3,pivdenno_skhidna,tvz_z_12_tveh,-11.04182389825159,-2.55,4225,36943.63747911401,1115.5804905645996,0.00019077483315865895,5.766687346733677e-06,0.00476942797501108,5.548525311562896e-05,0.00033288491766344293,1.041251496228369e-05,1.0455727277339613,0.03157961478628251
204,-8,2,2.9665408813987284,-22.98819952931275,звичайний твел UO₂,3,pivdenno_skhidna,tvz_z_12_tveh,-8.833459118601272,-2.55,4230,33851.281339075525,971.1410322366531,0.00017478036638171338,5.020659494833004e-06,0.004728952980364108,5.7211376315161844e-05,0.00029451426154005,7.461007064900488e-06,0.9580533748740044,0.02749147710853793
205,-6,1,5.1749056610490465,-22.98819952931275,звичайний твел UO₂,3,pivdenno_skhidna,tvz_z_12_tveh,-6.625094338950954,-2.55,4235,33407.70415133851,1011.6184063162003,0.00017248414516493453,5.229946056001825e-06,0.004750977930379655,6.543435128794423e-05,0.0003159156912817758,9.192754575738242e-06,0.9454993265509352,0.028636644838120527
206,-4,0,7.383270440699365,-22.98819952931275,звичайний твел UO₂,3,pivdenno_skhidna,tvz_z_12_tveh,-4.416729559300636,-2.55,4240,30883.7236228693,1088.0843080126303,0.00015943808169224314,5.624561848092617e-06,0.00459447160620201,5.701733140888124e-05,0.00027774029803446886,7.942941668562387e-06,0.8740660463984079,0.030799540098957592
207,-2,-1,9.591635220349684,-22.98819952931275,звичайний твел UO₂,3,pivdenno_skhidna,tvz_z_12_tveh,-2.208364779650318,-2.55,4245,33740.827530073504,998.1576949784214,0.00017421513003009563,5.16130078212652e-06,0.004712842505822543,5.540585127339808e-05,0.00030949687481467543,8.762504784595584e-06,0.954927329409961,0.028255884352382788
208,0,-2,11.8,-22.98819952931275,звичайний твел UO₂,3,pivdenno_skhidna,tvz_z_12_tveh,0.0,-2.55,4250,35637.043732073995,1002.9141586716906,0.000184017259201953,5.184249314633585e-06,0.00470006698708379,6.40279666788166e-05,0.000318888412042444,9.7103938246165e-06,1.0085937272523462,0.028391183483229984
210,4,-4,16.21672955930064,-22.98819952931275,звичайний твел UO₂,3,pivdenno_skhidna,tvz_z_12_tveh,4.416729559300636,-2.55,4258,28524.092453012378,753.5004381076744,0.00014726739658261635,3.896060995675739e-06,0.004286049382167924,4.2865157797363924e-05,0.0002726462503585506,7.3496587471836415e-06,0.8072841546556636,0.021331305180863888
211,6,-5,18.425094338950956,-22.98819952931275,звичайний твел UO₂,3,pivdenno_skhidna,tvz_z_12_tveh,6.625094338950954,-2.55,4263,28426.22011138251,850.1658306197373,0.00014677152960154176,4.395264916514286e-06,0.004048476304157963,5.1840733378522846e-05,0.00026118451433250977,7.811550342364142e-06,0.8045141878037124,0.024066411416982805
212,8,-6,20.633459118601273,-22.98819952931275,звичайний твел UO₂,3,pivdenno_skhidna,tvz_z_12_tveh,8.833459118601272,-2.55,4268,31047.925956408344,1011.8721505341009,0.0001603300855852323,5.231057987709135e-06,0.003968817970591914,5.388354733033445e-05,0.00028000404100213803,9.176885394920984e-06,0.878713273728845,0.028643009019988157
213,10,-7,22.84182389825159,-22.98819952931275,звичайний твел UO₂,3,pivdenno_skhidna,tvz_z_12_tveh,11.04182389825159,-2.55,4273,43652.73147114027,1253.157463464848,0.00022552130532403527,6.4786823015571685e-06,0.0037539891313670653,5.170655734550561e-05,0.00035584892327131224,9.153454297631756e-06,1.2354523980786112,0.035474908357334634
214,-9,2,1.8623584915735698,-23.62569952931275,звичайний твел UO₂,3,pivdenno_skhidna,tvz_z_12_tveh,-9.937641508426431,-3.1875,4278,32930.99303551692,1127.4854497850213,0.00017002343566920974,5.829237311429862e-06,0.004550429143052258,5.24262588224509e-05,0.0002905786664210046,8.83607068047504e-06,0.93200752726635,0.031915127324186984
215,-7,1,4.070723271223887,-23.62569952931275,звичайний твел UO₂,3,pivdenno_skhidna,tvz_z_12_tveh,-7.729276728776114,-3.1875,4283,32638.045969100767,1038.3480703815626,0.00016851376159022016,5.368569029355195e-06,0.004602886597910568,5.21032943166733e-05,0.000294393217093101,8.256398812107552e-06,0.9237165877645871,0.029392723595342885
216,-5,0,6.279088050874206,-23.62569952931275,звичайний твел UO₂,3,pivdenno_skhidna,tvz_z_12_tveh,-5.520911949125795,-3.1875,4288,31314.393662347644,1024.8198681772417,0.00016167175689752066,5.299107162049811e-06,0.004553647328623053,5.6719756293240074e-05,0.0002898851054870417,8.478407624247903e-06,0.8862547987427117,0.02900947587183963
217,-3,-1,8.487452830524523,-23.62569952931275,звичайний твел UO₂,3,pivdenno_skhidna,tvz_z_12_tveh,-3.312547169475477,-3.1875,4293,29070.367954372792,906.173204351819,0.00015006932021757385,4.685415122787587e-06,0.004531978473192936,5.059383871728038e-05,0.00027118915983280776,7.454275488538414e-06,0.8227447536931719,0.025651425897783138
219,1,-3,12.90418238982516,-23.62569952931275,звичайний твел UO₂,3,pivdenno_skhidna,tvz_z_12_tveh,1.104182389825159,-3.1875,4301,33185.341014823,1091.7448423586459,0.00017135157171458144,5.644520735739404e-06,0.004515196417700269,5.0138748836137115e-05,0.00030065709675071325,8.533345076097082e-06,0.9392060417782746,0.03090385701594068
220,3,-4,15.112547169475478,-23.62569952931275,звичайний твел UO₂,3,pivdenno_skhidna,tvz_z_12_tveh,3.312547169475477,-3.1875,4306,30192.488498762217,1036.4637157115365,0.00015588881327381106,5.358579378137755e-06,0.004299583717210254,4.816137528515438e-05,0.0002702197849237996,7.661608398630252e-06,0.8545028240539172,0.029338598477386124
221,5,-5,17.320911949125794,-23.62569952931275,звичайний твел UO₂,3,pivdenno_skhidna,tvz_z_12_tveh,5.520911949125795,-3.1875,4311,27414.073135240993,848.5942080430518,0.00014152477807215293,4.387071386866558e-06,0.004179799697471332,5.4400025702575506e-05,0.000251325133829147,7.169604119848804e-06,0.7758685712124859,0.024021579728537596
222,7,-6,19.529276728776114,-23.62569952931275,звичайний твел UO₂,3,pivdenno_skhidna,tvz_z_12_tveh,7.729276728776114,-3.1875,4316,29020.15723488895,1001.5138032052993,0.00014984274965580195,5.178022928020415e-06,0.003926500718331156,4.859661143284303e-05,0.00026387752297544326,8.136622415019869e-06,0.8213236982012246,0.028349242223443944
223,9,-7,21.73764150842643,-23.62569952931275,звичайний твел UO₂,3,pivdenno_skhidna,tvz_z_12_tveh,9.937641508426431,-3.1875,4321,33038.74335893939,931.4378405487146,0.0001706244765830925,4.814703185711768e-06,0.003770533037809899,5.4000386688012744e-05,0.0002744599977467748,7.514898756765255e-06,0.9350570591279255,0.026367760191991562
224,-10,2,0.7581761017484112,-24.26319952931275,звичайний твел UO₂,3,pivdenno_skhidna,tvz_z_12_tveh,-11.04182389825159,-3.8249999999999997,4326,35134.75436866279,1129.3227794250895,0.00018142735101139894,5.838120877390229e-06,0.00457799479695253,5.6583486379627895e-05,0.00030860154665972143,8.589359834904691e-06,0.9943780166280062,0.03196783946017453
225,-8,1,2.9665408813987284,-24.26319952931275,звичайний твел UO₂,3,pivdenno_skhidna,tvz_z_12_tveh,-8.833459118601272,-3.8249999999999997,4331,29610.67183488101,1003.7925691943079,0.00015286904639973172,5.1887010751298245e-06,0.004333920477056844,5.878050819322313e-05,0.0002618856003557523,8.265397192090768e-06,0.8380363449033662,0.02841391230913635
227,-4,-1,7.383270440699365,-24.26319952931275,твег UO₂-Gd₂O₃,3,pivdenno_skhidna,tvz_z_12_tveh,-4.416729559300636,-3.8249999999999997,4339,11056.670462016495,270.34960442916713,5.6958527144964946e-05,1.396995667309198e-06,0.004072411918450461,4.8143529108993425e-05,0.0007570616609253847,3.027298329124289e-05,0.3129240617186608,0.007653843924989825
228,-2,-2,9.591635220349684,-24.26319952931275,звичайний твел UO₂,3,pivdenno_skhidna,tvz_z_12_tveh,-2.208364779650318,-3.8249999999999997,4344,29542.11229227292,730.7440934677813,0.00015251077049120446,3.7784208487237248e-06,0.004465174951924036,5.2152538353494526e-05,0.00027340867476137394,6.950584270255893e-06,0.8360959840491471,0.020687880264240663
229,0,-3,11.8,-24.26319952931275,звичайний твел UO₂,3,pivdenno_skhidna,tvz_z_12_tveh,0.0,-3.8249999999999997,4349,31494.257053824782,841.4393271930442,0.0001626126676612488,4.350129015296571e-06,0.004486083337852473,4.9093325006378586e-05,0.00028999698985536726,7.711133695209495e-06,0.8913452627489308,0.023820674447053547
230,2,-4,14.008364779650318,-24.26319952931275,звичайний твел UO₂,3,pivdenno_skhidna,tvz_z_12_tveh,2.208364779650318,-3.8249999999999997,4354,29428.522713121332,988.0272683830691,0.00015191762496065831,5.108047538227206e-06,0.004440453765649834,5.384231752684792e-05,0.0002658398454115068,8.526579659348483e-06,0.8328811905361146,0.027967741932553632
231,4,-5,16.21672955930064,-24.26319952931275,звичайний твел UO₂,3,pivdenno_skhidna,tvz_z_12_tveh,4.416729559300636,-3.8249999999999997,4359,28788.540949982296,786.8602176779433,0.00014862619261794068,4.068151405547472e-06,0.004235908186157107,4.929106393485263e-05,0.00026587443891822727,7.123287285441447e-06,0.8147685323506945,0.0222753042921952
233,8,-7,20.633459118601273,-24.26319952931275,звичайний твел UO₂,3,pivdenno_skhidna,tvz_z_12_tveh,8.833459118601272,-3.8249999999999997,4367,28081.80591391977,853.2295402323663,0.00014499309147460653,4.411093269281098e-06,0.0038312870953731977,5.398890441713104e-05,0.00025197557727372284,7.713722262314666e-06,0.7947666340574141,0.024152977717489622
234,10,-8,22.84182389825159,-24.26319952931275,звичайний твел UO₂,3,pivdenno_skhidna,tvz_z_12_tveh,11.04182389825159,-3.8249999999999997,4372,43333.03319209915,1220.072741322577,0.00022386377745767222,6.307152341093252e-06,0.003694091733770249,4.290012909182325e-05,0.0003478121664484482,8.821388254654449e-06,1.226404350174345,0.03453865006156736
235,-9,1,1.8623584915735698,-24.90069952931275,звичайний твел UO₂,3,pivdenno_skhidna,tvz_z_12_tveh,-9.937641508426431,-4.4624999999999995,4377,29426.030964761998,951.0442475120301,0.00015191675084924185,4.9174265741021985e-06,0.004272951190147127,6.0406585305223455e-05,0.00027606001290079497,1.0382577447882879e-05,0.8328106694854908,0.02692123870942487
236,-7,0,4.070723271223887,-24.90069952931275,звичайний твел UO₂,3,pivdenno_skhidna,tvz_z_12_tveh,-7.729276728776114,-4.4624999999999995,4382,28999.349270476396,1123.638651135764,0.00014971094821292203,5.810086108058506e-06,0.004261758527543335,5.841795023150238e-05,0.0002636623035090369,8.803831291724346e-06,0.820734794628269,0.03180509769992945
237,-5,-1,6.279088050874206,-24.90069952931275,звичайний твел UO₂,3,pivdenno_skhidna,tvz_z_12_tveh,-5.520911949125795,-4.4624999999999995,4387,30501.83812472607,984.5773876848572,0.00015748222392644915,5.0910515514056606e-06,0.004352489114560534,5.877770878415884e-05,0.0002769315234763636,8.128172059944279e-06,0.8632579860875791,0.02787047519656654
238,-3,-2,8.487452830524523,-24.90069952931275,звичайний твел UO₂,3,pivdenno_skhidna,tvz_z_12_tveh,-3.312547169475477,-4.4624999999999995,4392,28289.232467360478,916.900493983744,0.00014603751838511796,4.739723604884245e-06,0.004378753762282833,5.7722974118626244e-05,0.0002676369082027421,8.940165201440422e-06,0.8006371861222472,0.025954703479831226
239,-1,-3,10.695817610174842,-24.90069952931275,звичайний твел UO₂,3,pivdenno_skhidna,tvz_z_12_tveh,-1.104182389825159,-4.4624999999999995,4397,32509.2458221788,891.6497317447947,0.00016784756356560463,4.6094885771249e-06,0.004468939117972952,5.031063161918815e-05,0.0002916151983404618,7.921166557502829e-06,0.9200713072741137,0.0252417562195176
240,1,-4,12.90418238982516,-24.90069952931275,звичайний твел UO₂,3,pivdenno_skhidna,tvz_z_12_tveh,1.104182389825159,-4.4624999999999995,4402,27572.440307488265,798.3822199467403,0.00014234186304768398,4.127667796722126e-06,0.004275267030153813,4.719175627361099e-05,0.00025650406686458734,7.066022552677025e-06,0.7803506527715556,0.022600849751442057
241,3,-5,15.112547169475478,-24.90069952931275,звичайний твел UO₂,3,pivdenno_skhidna,tvz_z_12_tveh,3.312547169475477,-4.4624999999999995,4407,29533.666943049822,909.5767257349776,0.00015248826137069288,4.702305422467352e-06,0.004279507216050965,5.511787625807577e-05,0.0002753412157168505,7.684969920631215e-06,0.8358569651699462,0.025747894854782214
242,5,-6,17.320911949125794,-24.90069952931275,звичайний твел UO₂,3,pivdenno_skhidna,tvz_z_12_tveh,5.520911949125795,-4.4624999999999995,4412,28932.51335235814,893.4788777580278,0.0001493833979910916,4.619433979126467e-06,0.0041726768380696225,5.301961235738506e-05,0.00027288888756184097,7.877647295944888e-06,0.8188432155097533,0.02529217649481005
243,7,-7,19.529276728776114,-24.90069952931275,звичайний твел UO₂,3,pivdenno_skhidna,tvz_z_12_tveh,7.729276728776114,-4.4624999999999995,4417,26282.992537390197,894.0782669397246,0.0001356909584653983,4.621896873176297e-06,0.003871441957969732,5.1436786686375114e-05,0.0002528633287097463,8.875270920534747e-06,0.743856914898177,0.025308248915997533
244,9,-8,21.73764150842643,-24.90069952931275,звичайний твел UO₂,3,pivdenno_skhidna,tvz_z_12_tveh,9.937641508426431,-4.4624999999999995,4422,31089.5710033375,997.325087487002,0.0001605505800030344,5.1560378475436215e-06,0.003673237822931977,5.132211439195185e-05,0.0002728434809821698,9.339731427397068e-06,0.8798919049705288,0.0282313899279814
245,-10,1,0.7581761017484112,-25.53819952931275,звичайний твел UO₂,3,pivdenno_skhidna,tvz_z_12_tveh,-11.04182389825159,-5.1,4427,37626.87993391571,1193.971619045034,0.0001943239869773731,6.173024268111579e-06,0.004430197326541493,5.5171222259735814e-05,0.00033747413580744736,1.0267582985573538e-05,1.0649097428715348,0.03379802327110592
246,-8,0,2.9665408813987284,-25.53819952931275,твег UO₂-Gd₂O₃,3,pivdenno_skhidna,tvz_z_12_tveh,-8.833459118601272,-5.1,4432,11000.019126452513,266.22729871294393,5.668012062636372e-05,1.3761773524693406e-06,0.0037630669085269805,4.4609808220264036e-05,0.0007756053258588953,2.5465922878750048e-05,0.3113207249738995,0.0075371876283525634
247,-6,-1,5.1749056610490465,-25.53819952931275,звичайний твел UO₂,3,pivdenno_skhidna,tvz_z_12_tveh,-6.625094338950954,-5.1,4437,28862.396067471767,907.635763891652,0.00014901067506142664,4.692435159248176e-06,0.004172867466220623,5.974490228906368e-05,0.00026365816490225597,9.276341844569925e-06,0.8168587676907915,0.025692738823445475
248,-4,-2,7.383270440699365,-25.53819952931275,звичайний твел UO₂,3,pivdenno_skhidna,tvz_z_12_tveh,-4.416729559300636,-5.1,4442,27365.892620963943,838.4480849799305,0.00014126418640841404,4.3344383952666316e-06,0.004276747024537027,4.9465567493565325e-05,0.00024975180398863667,6.836181779489088e-06,0.77450497425307,0.02373446689896843
249,-2,-3,9.591635220349684,-25.53819952931275,звичайний твел UO₂,3,pivdenno_skhidna,tvz_z_12_tveh,-2.208364779650318,-5.1,4447,30083.84156974529,990.4946619438434,0.0001553178534342944,5.119925297180472e-06,0.004417095552719482,5.24840944109231e-05,0.0002808707457403299,8.325033410546281e-06,0.8514279166088566,0.0280377755291957
250,0,-4,11.8,-25.53819952931275,звичайний твел UO₂,3,pivdenno_skhidna,tvz_z_12_tveh,0.0,-5.1,4452,27275.857615847817,863.8197739585831,0.00014081593900364852,4.465931007648548e-06,0.004253826860727109,5.2977597300765595e-05,0.00025379837168879895,7.584910303773869e-06,0.7719568184050155,0.02445235898889088
251,2,-5,14.008364779650318,-25.53819952931275,звичайний твел UO₂,3,pivdenno_skhidna,tvz_z_12_tveh,2.208364779650318,-5.1,4457,27036.83685399064,956.546955837271,0.00013956885951304937,4.944392795249231e-06,0.004289971286749369,5.887652704294844e-05,0.0002556765394975914,8.744831276641865e-06,0.7651920922704722,0.027076181667483736
252,4,-6,16.21672955930064,-25.53819952931275,звичайний твел UO₂,3,pivdenno_skhidna,tvz_z_12_tveh,4.416729559300636,-5.1,4462,28849.234765132474,904.0296451705243,0.00014893695105786908,4.674123769172329e-06,0.004277348042876252,5.113203030131758e-05,0.00026805545487025193,7.889396027303733e-06,0.8164862786852027,0.02559069435349044
253,6,-7,18.425094338950956,-25.53819952931275,звичайний твел UO₂,3,pivdenno_skhidna,tvz_z_12_tveh,6.625094338950954,-5.1,4467,28200.57390254952,922.1547715509594,0.00014560682760774116,4.767766074234787e-06,0.0039855389024824545,5.4033977403295055e-05,0.00025674919584564576,7.740582560383736e-06,0.7981279860604293,0.026103352715538344
254,8,-8,20.633459118601273,-25.53819952931275,твег UO₂-Gd₂O₃,3,pivdenno_skhidna,tvz_z_12_tveh,8.833459118601272,-5.1,4472,9847.895292891322,259.9297512137654,5.072924116218287e-05,1.3424353811320723e-06,0.0034345123154428244,5.0786604937943574e-05,0.0007148871667724366,2.5205559836160272e-05,0.27871350647721205,0.007358513796530475
255,10,-9,22.84182389825159,-25.53819952931275,звичайний твел UO₂,3,pivdenno_skhidna,tvz_z_12_tveh,11.04182389825159,-5.1,4477,43895.62049418147,1465.9273917848393,0.0002267642359574433,7.5779368675803615e-06,0.0038020389921630286,6.026777048071422e-05,0.00035873744398029066,1.1057805098879153e-05,1.2423266031024507,0.041495568845991315
256,-9,0,1.8623584915735698,-26.17569952931275,звичайний твел UO₂,3,pivdenno_skhidna,tvz_z_12_tveh,-9.937641508426431,-5.7375,4482,34274.29710176549,953.4713965752503,0.00017699560862530371,4.929104293706178e-06,0.004166609680924834,5.237260553318303e-05,0.00030323205210397805,8.673793811973087e-06,0.9700254971405317,0.026991676662481853
257,-7,-1,4.070723271223887,-26.17569952931275,звичайний твел UO₂,3,pivdenno_skhidna,tvz_z_12_tveh,-7.729276728776114,-5.7375,4487,30417.1710151637,875.2926470973287,0.000157042206905431,4.525727348565167e-06,0.004120064414521339,5.3084619313907336e-05,0.00026829234118773036,7.5991993468020775e-06,0.8608617515331305,0.024778124720374977
258,-5,-2,6.279088050874206,-26.17569952931275,звичайний твел UO₂,3,pivdenno_skhidna,tvz_z_12_tveh,-5.520911949125795,-5.7375,4492,31851.67562488611,1151.9954514395486,0.00016445918280929547,5.955536854008949e-06,0.0042147849689319825,5.639062282080171e-05,0.0002839603956574651,1.1643637163759769e-05,0.9014608641295107,0.03260836489391574
259,-3,-3,8.487452830524523,-26.17569952931275,звичайний твел UO₂,3,pivdenno_skhidna,tvz_z_12_tveh,-3.312547169475477,-5.7375,4497,29260.65434014357,853.2360108634878,0.00015106721284216193,4.41121148498101e-06,0.004259154792508534,4.8646621980576636e-05,0.00026137414098444545,7.966765853447766e-06,0.828130207562826,0.02415359074544128
260,-1,-4,10.695817610174842,-26.17569952931275,звичайний твел UO₂,3,pivdenno_skhidna,tvz_z_12_tveh,-1.104182389825159,-5.7375,4502,32500.202793481247,1083.5360419443025,0.00016781701901398864,5.602524701485003e-06,0.004372074723887357,5.373003224786089e-05,0.000292211015783561,1.067587811003112e-05,0.9198153729691166,0.03067134896783215
261,1,-5,12.90418238982516,-26.17569952931275,твег UO₂-Gd₂O₃,3,pivdenno_skhidna,tvz_z_12_tveh,1.104182389825159,-5.7375,4507,10285.768084753576,242.40461042569507,5.298831487319267e-05,1.252781642127081e-06,0.0038017762803370203,4.4826952523336425e-05,0.0006768039848648991,2.3557877535861117e-05,0.2911061099301539,0.006862863846537979
262,3,-6,15.112547169475478,-26.17569952931275,звичайний твел UO₂,3,pivdenno_skhidna,tvz_z_12_tveh,3.312547169475477,-5.7375,4512,30367.16342675796,960.3324464171817,0.00015679032827902427,4.96503307049672e-06,0.004337375210179004,5.034567574722808e-05,0.0002910438488692188,9.369238021195928e-06,0.8594464450234142,0.02718438200046571
263,5,-7,17.320911949125794,-26.17569952931275,звичайний твел UO₂,3,pivdenno_skhidna,tvz_z_12_tveh,5.520911949125795,-5.7375,4517,27953.71725879154,876.3342942069002,0.00014431630800352532,4.530980720955306e-06,0.004162649101847539,5.463907001937268e-05,0.00026323543433034373,7.704375582408621e-06,0.7911414900902043,0.024806707975759477
264,7,-8,19.529276728776114,-26.17569952931275,звичайний твел UO₂,3,pivdenno_skhidna,tvz_z_12_tveh,7.729276728776114,-5.7375,4522,26085.873402336085,886.0175869637079,0.00013466500543877412,4.581418541696615e-06,0.003929008827941807,5.4103559223058635e-05,0.0002496066469126194,8.57057162006535e-06,0.738278081686542,0.025080091796958547
265,9,-9,21.73764150842643,-26.17569952931275,звичайний твел UO₂,3,pivdenno_skhidna,tvz_z_12_tveh,9.937641508426431,-5.7375,4527,31507.140132496534,1052.5766776048622,0.0001627147368216525,5.442206084016169e-06,0.0037401576545720255,4.703387089005007e-05,0.00026574396515726344,8.818771740219806e-06,0.8917098775142216,0.029794970017367122
266,-10,0,0.7581761017484112,-26.81319952931275,звичайний твел UO₂,3,pivdenno_skhidna,tvz_z_12_tveh,-11.04182389825159,-6.375,4532,41440.775536575034,1163.1592454230315,0.00021406715359782006,6.014106809519749e-06,0.004069301876720305,4.454971464258622e-05,0.00034847184297681286,9.45996925464184e-06,1.1728499864606916,0.03292755391182331
267,-8,-1,2.9665408813987284,-26.81319952931275,звичайний твел UO₂,3,pivdenno_skhidna,tvz_z_12_tveh,-8.833459118601272,-6.375,4537,32896.59395039925,1068.9244279930772,0.0001698771075408565,5.528092172134794e-06,0.00395872555231862,5.556649859613214e-05,0.00028862920203379686,8.988802356176858e-06,0.9310339700393886,0.030258017402011315
268,-6,-2,5.1749056610490465,-26.81319952931275,звичайний твел UO₂,3,pivdenno_skhidna,tvz_z_12_tveh,-6.625094338950954,-6.375,4542,30623.157738523525,819.6027067518203,0.0001581111499072212,4.239070057486383e-06,0.004068202991494016,4.879612471625792e-05,0.00026821555804898043,7.68118760910204e-06,0.8666915537647616,0.023202470169677997
269,-4,-3,7.383270440699365,-26.81319952931275,звичайний твел UO₂,3,pivdenno_skhidna,tvz_z_12_tveh,-4.416729559300636,-6.375,4547,28914.771219138678,860.2287049614141,0.00014928022145054712,4.448631889450668e-06,0.004087926345602736,4.7954750116048935e-05,0.0002631934832658572,7.375531181144792e-06,0.8183410805849891,0.024351325620664728
270,-2,-4,9.591635220349684,-26.81319952931275,звичайний твел UO₂,3,pivdenno_skhidna,tvz_z_12_tveh,-2.208364779650318,-6.375,4552,29587.975921016692,860.7611664018592,0.00015276526532264996,4.450767630681136e-06,0.00420274944312577,5.217337677537319e-05,0.0002655422170528457,6.870019799282118e-06,0.8373940088967684,0.024366640294056024
271,0,-5,11.8,-26.81319952931275,звичайний твел UO₂,3,pivdenno_skhidna,tvz_z_12_tveh,0.0,-6.375,4557,27198.63205908731,866.683119393427,0.00014041560947026095,4.480510300806857e-06,0.004153489651729093,5.462937323111838e-05,0.0002558791277030161,7.692321713976873e-06,0.7697711934492026,0.024533355136623743
272,2,-6,14.008364779650318,-26.81319952931275,звичайний твел UO₂,3,pivdenno_skhidna,tvz_z_12_tveh,2.208364779650318,-6.375,4562,26924.418916856393,868.0644222777422,0.0001390058906149462,4.4878007363260464e-06,0.004109908963597191,4.8163050734258794e-05,0.00024081874123787564,6.741438815334388e-06,0.7620104583763508,0.024572348389295576
274,6,-8,18.425094338950956,-26.81319952931275,звичайний твел UO₂,3,pivdenno_skhidna,tvz_z_12_tveh,6.625094338950954,-6.375,4570,27413.07058932336,893.238830707319,0.00014152262726953286,4.6179848873432995e-06,0.0040100138709713495,5.3671223873554143e-05,0.00024675914841472413,7.318286439011127e-06,0.7758401973234672,0.0252848639424532
275,8,-9,20.633459118601273,-26.81319952931275,звичайний твел UO₂,3,pivdenno_skhidna,tvz_z_12_tveh,8.833459118601272,-6.375,4575,28954.193193020677,927.235454708423,0.0001495047844191657,4.79250265672907e-06,0.0038436457801262324,5.90302989180468e-05,0.00025199011229464066,7.687200415306268e-06,0.8194567947803701,0.026247371825650526
276,10,-10,22.84182389825159,-26.81319952931275,звичайний твел UO₂,3,pivdenno_skhidna,tvz_z_12_tveh,11.04182389825159,-6.375,4580,38301.503274134244,1076.0623396357726,0.00019784110901789725,5.563747601204642e-06,0.003727949817161282,5.1952878953553725e-05,0.0003227215764566755,8.729952788542596e-06,1.0840028212513795,0.03046193766246012
277,-9,-1,1.8623584915735698,-27.45069952931275,звичайний твел UO₂,3,pivdenno_skhidna,tvz_z_12_tveh,-9.937641508426431,-7.012499999999999,4585,46133.02438228118,1370.7765116991413,0.0002383159080546467,7.085542955783823e-06,0.004042029394490134,5.4573207778193496e-05,0.0003653307222432069,1.0297580582696151e-05,1.305649238499291,0.0388039168885699
278,-7,-2,4.070723271223887,-27.45069952931275,звичайний твел UO₂,3,pivdenno_skhidna,tvz_z_12_tveh,-7.729276728776114,-7.012499999999999,4590,34642.02526617055,1059.5121580930058,0.00017890068682892244,5.478473912535967e-06,0.003969602536438104,5.1536140350683694e-05,0.00030469940743944445,9.01210455963027e-06,0.9804328789295872,0.029992285502040812
279,-5,-3,6.279088050874206,-27.45069952931275,звичайний твел UO₂,3,pivdenno_skhidna,tvz_z_12_tveh,-5.520911949125795,-7.012499999999999,4595,31041.715379980684,916.6565054645936,0.0001602859472397304,4.738826102560909e-06,0.0039518139324886525,5.215790636442257e-05,0.00027766182495911747,8.009594296147696e-06,0.8785375030202909,0.025948766233857636
281,-1,-5,10.695817610174842,-27.45069952931275,звичайний твел UO₂,3,pivdenno_skhidna,tvz_z_12_tveh,-1.104182389825159,-7.012499999999999,4603,30756.012442613497,978.2755689488449,0.0001588020776827467,5.058580590290893e-06,0.0042148291719017105,5.9076694415978605e-05,0.00027510262347684214,7.719688901852776e-06,0.8704515856627081,0.027692241567912765
282,1,-6,12.90418238982516,-27.45069952931275,звичайний твел UO₂,3,pivdenno_skhidna,tvz_z_12_tveh,1.104182389825159,-7.012499999999999,4608,26606.589756339974,796.2884552796621,0.00013736116200295986,4.117138958808293e-06,0.00405761382053007,4.915694427800631e-05,0.0002560099996388717,8.616868700975756e-06,0.7530153099559382,0.022541249334655115
283,3,-7,15.112547169475478,-27.45069952931275,звичайний твел UO₂,3,pivdenno_skhidna,tvz_z_12_tveh,3.312547169475477,-7.012499999999999,4613,30268.907406211136,891.370256371507,0.00015628656755393638,4.609748457498725e-06,0.004198251233067269,5.1289189370758166e-05,0.0002724986521458125,7.319634944769768e-06,0.8566656193541089,0.02523299233568569
284,5,-8,17.320911949125794,-27.45069952931275,звичайний твел UO₂,3,pivdenno_skhidna,tvz_z_12_tveh,5.520911949125795,-7.012499999999999,4618,29248.885014861113,957.9369779101236,0.00015101394512673103,4.951899031154494e-06,0.0041760616167134225,5.8358301859946625e-05,0.0002678307774436432,8.986563279985794e-06,0.827797114062054,0.02711622119331833
285,7,-9,19.529276728776114,-27.45069952931275,звичайний твел UO₂,3,pivdenno_skhidna,tvz_z_12_tveh,7.729276728776114,-7.012499999999999,4623,29307.7812493077,893.2702613937141,0.00015131789516097113,4.619433407650366e-06,0.004028373468979933,5.058135486475113e-05,0.0002671441408876971,9.42129139199121e-06,0.8294639855643091,0.02528640623404101
286,9,-10,21.73764150842643,-27.45069952931275,звичайний твел UO₂,3,pivdenno_skhidna,tvz_z_12_tveh,9.937641508426431,-7.012499999999999,4628,31833.715348504156,1068.0977537257695,0.0001643866570008536,5.523318916734659e-06,0.003829279752274561,4.978687378049915e-05,0.0002865463084736194,9.891823196154742e-06,0.9009525553529817,0.030234275684006242
287,-8,-2,2.9665408813987284,-28.08819952931275,звичайний твел UO₂,3,pivdenno_skhidna,tvz_z_12_tveh,-8.833459118601272,-7.6499999999999995,4633,45000.46109935902,1148.137692490225,0.00023247350076568954,5.935483011964225e-06,0.003929149731295362,5.946487230443312e-05,0.0003605742658090814,8.75117630692593e-06,1.2735956194769158,0.03250397550735175
288,-6,-3,5.1749056610490465,-28.08819952931275,звичайний твел UO₂,3,pivdenno_skhidna,tvz_z_12_tveh,-6.625094338950954,-7.6499999999999995,4638,34520.98630591592,891.7280288643724,0.00017827707166883535,4.609968690854753e-06,0.0039000231157934433,5.230790387937764e-05,0.0002926872674334954,7.712261088922609e-06,0.9770072542626315,0.02524479219381758
289,-4,-4,7.383270440699365,-28.08819952931275,звичайний твел UO₂,3,pivdenno_skhidna,tvz_z_12_tveh,-4.416729559300636,-7.6499999999999995,4643,33154.88081808232,1037.324927584266,0.0001712189510216937,5.3629727944043705e-06,0.004009392544053585,4.805895283614499e-05,0.0002898305288066451,8.12436430834108e-06,0.9383439623197622,0.029363950162916475
290,-2,-5,9.591635220349684,-28.08819952931275,звичайний твел UO₂,3,pivdenno_skhidna,tvz_z_12_tveh,-2.208364779650318,-7.6499999999999995,4648,31075.390432382268,990.2672398740591,0.00016046299284208513,5.1196838615202875e-06,0.004044298521890694,4.8782109655890435e-05,0.0002755760513109553,8.73299035543181e-06,0.8794905687928752,0.028031672541209158
292,2,-7,14.008364779650318,-28.08819952931275,звичайний твел UO₂,3,pivdenno_skhidna,tvz_z_12_tveh,2.208364779650318,-7.6499999999999995,4656,27548.24436623814,785.5941296556626,0.00014222655792989986,4.061764971142621e-06,0.004067156269472169,4.7721782414917136e-05,0.0002500544565776668,7.469220099902691e-06,0.7796658632375719,0.022238998225007023
293,4,-8,16.21672955930064,-28.08819952931275,звичайний твел UO₂,3,pivdenno_skhidna,tvz_z_12_tveh,4.416729559300636,-7.6499999999999995,4661,30764.996283427467,991.5153493167776,0.00015885158198979745,5.126948331262514e-06,0.004211546534650801,5.04173188010609e-05,0.00027372400578390844,7.39886125077908e-06,0.8707058448419971,0.028066884607532257
294,6,-9,18.425094338950956,-28.08819952931275,звичайний твел UO₂,3,pivdenno_skhidna,tvz_z_12_tveh,6.625094338950954,-7.6499999999999995,4666,28855.798639431927,988.624464089,0.00014898833427739587,5.111364197094707e-06,0.004053938701780616,5.3988780384688645e-05,0.0002526315656481198,8.39955064565761e-06,0.8166720483717871,0.027984457551366537
295,8,-10,20.633459118601273,-28.08819952931275,звичайний твел UO₂,3,pivdenno_skhidna,tvz_z_12_tveh,8.833459118601272,-7.6499999999999995,4671,27494.733242647268,958.5822115754728,0.00014195489167974598,4.957108008467996e-06,0.0038962672325011175,6.199949979665144e-05,0.0002514028877318664,8.238518045572451e-06,0.7781514002535561,0.027133915702153476
296,-7,-3,4.070723271223887,-28.72569952931275,звичайний твел UO₂,3,pivdenno_skhidna,tvz_z_12_tveh,-7.729276728776114,-8.2875,4676,45938.846236968784,1263.8281708674208,0.00023731815263654618,6.535139768694118e-06,0.0038390969798446726,4.928847714210576e-05,0.000365469501208691,1.0285653799077755e-05,1.3001536406937044,0.03577771872951088
297,-5,-4,6.279088050874206,-28.72569952931275,звичайний твел UO₂,3,pivdenno_skhidna,tvz_z_12_tveh,-5.520911949125795,-8.2875,4681,35139.81889024889,1090.1089729617388,0.00018149214805635258,5.635087662963066e-06,0.003783008602943418,5.2168708867705975e-05,0.0002936039608133816,9.091305167597045e-06,0.994521351881673,0.03085823192560137
298,-3,-5,8.487452830524523,-28.72569952931275,звичайний твел UO₂,3,pivdenno_skhidna,tvz_z_12_tveh,-3.312547169475477,-8.2875,4686,33588.14312396032,984.3145775446822,0.00017345237005537108,5.089647772225498e-06,0.003994714344461968,5.3943428583514986e-05,0.00028855612063012094,8.11023810487976e-06,0.9506060805596696,0.027864129088939735
299,-1,-6,10.695817610174842,-28.72569952931275,звичайний твел UO₂,3,pivdenno_skhidna,tvz_z_12_tveh,-1.104182389825159,-8.2875,4691,30687.118143057498,931.1807310401402,0.00015846174292180785,4.814185971616111e-06,0.003985229704212913,5.3750056149196646e-05,0.0002736472202955779,7.699119480953802e-06,0.868501750572625,0.026359611935096203
300,1,-7,12.90418238982516,-28.72569952931275,звичайний твел UO₂,3,pivdenno_skhidna,tvz_z_12_tveh,1.104182389825159,-8.2875,4696,27729.665873219048,881.5464760049821,0.0001431694113024552,4.557699779555743e-06,0.004050055963415828,5.124642029111818e-05,0.00025109540138600647,7.689227394556917e-06,0.7848004247714998,0.024954116873456837
301,3,-8,15.112547169475478,-28.72569952931275,звичайний твел UO₂,3,pivdenno_skhidna,tvz_z_12_tveh,3.312547169475477,-8.2875,4701,28108.854400701744,853.2433757225842,0.00014511802550320457,4.411839438207536e-06,0.004189150149772753,5.132052935698627e-05,0.0002512790680047253,7.206924442342987e-06,0.7955321558640228,0.02415337887257629
302,5,-9,17.320911949125794,-28.72569952931275,звичайний твел UO₂,3,pivdenno_skhidna,tvz_z_12_tveh,5.520911949125795,-8.2875,4706,28756.001657398097,957.0172416963773,0.00014846778386050545,4.9478685489889935e-06,0.004088106352331857,5.215396906696031e-05,0.00026284751889292746,9.175390424294566e-06,0.813847610664923,0.027090033505284387
303,7,-10,19.529276728776114,-28.72569952931275,звичайний твел UO₂,3,pivdenno_skhidna,tvz_z_12_tveh,7.729276728776114,-8.2875,4711,29771.668643888406,937.6875695422488,0.00015371713539057938,4.8483265334214195e-06,0.004053643586742262,5.766791849621073e-05,0.0002691582990308421,7.870154529947951e-06,0.8425928500078106,0.026543409006977704
304,-6,-4,5.1749056610490465,-29.36319952931275,звичайний твел UO₂,3,pivdenno_skhidna,tvz_z_12_tveh,-6.625094338950954,-8.924999999999999,4716,46245.02400663432,1354.872133732335,0.0002389090809584884,7.004191573942516e-06,0.003815286648479834,5.702091553875221e-05,0.00037140016976592596,1.0649543618913269e-05,1.3088190333741538,0.03835393414250023
305,-4,-5,7.383270440699365,-29.36319952931275,звичайний твел UO₂,3,pivdenno_skhidna,tvz_z_12_tveh,-4.416729559300636,-8.924999999999999,4721,34615.58380755003,1039.1001315106807,0.00017877517413681133,5.37318211785131e-06,0.003779838488978105,4.576512824227653e-05,0.0002948020814386936,8.805038241011153e-06,0.9796845371337704,0.029414698865047204
306,-2,-6,9.591635220349684,-29.36319952931275,звичайний твел UO₂,3,pivdenno_skhidna,tvz_z_12_tveh,-2.208364779650318,-8.924999999999999,4726,31941.724378553976,965.0656338109153,0.00016493848065227053,4.989897392744999e-06,0.003946269732307353,4.3459350741312145e-05,0.0002733652363798617,7.438261878551845e-06,0.9040094090868063,0.02731886602602643
307,0,-7,11.8,-29.36319952931275,звичайний твел UO₂,3,pivdenno_skhidna,tvz_z_12_tveh,0.0,-8.924999999999999,4731,28212.506953842592,1047.0428021895168,0.000145664118193045,5.413441822015399e-06,0.003924485255700616,5.490729780400565e-05,0.00024834004941287966,8.027692008790478e-06,0.7984657133077189,0.029637358416994136
308,2,-8,14.008364779650318,-29.36319952931275,звичайний твел UO₂,3,pivdenno_skhidna,tvz_z_12_tveh,2.208364779650318,-8.924999999999999,4736,28011.027741992035,900.9780095341837,0.0001446175960664423,4.6587825434177415e-06,0.004081848295457229,4.9652400859604345e-05,0.00025419631576744604,8.007862793402984e-06,0.7927634819225345,0.025504057311151702
309,4,-9,16.21672955930064,-29.36319952931275,звичайний твел UO₂,3,pivdenno_skhidna,tvz_z_12_tveh,4.416729559300636,-8.924999999999999,4741,27057.80890987566,950.2091669410812,0.0001396752162301073,4.913063884677589e-06,0.004158338537231486,5.258488109794798e-05,0.00025223274990995783,8.652117661695048e-06,0.7657856399331864,0.026896844752353374
310,6,-10,18.425094338950956,-29.36319952931275,звичайний твел UO₂,3,pivdenno_skhidna,tvz_z_12_tveh,6.625094338950954,-8.924999999999999,4746,29123.792216078367,970.9881684303771,0.0001503637957873234,5.019674057672306e-06,0.00418452083527017,5.5070376555451675e-05,0.00026108481581743923,8.5870094797689e-06,0.8242567583264528,0.027485487882594053
311,-5,-5,6.279088050874206,-30.00069952931275,звичайний твел UO₂,3,pivdenno_skhidna,tvz_z_12_tveh,-5.520911949125795,-9.5625,4751,43982.072997045805,1311.5532351401705,0.0002272291291559639,6.781185086165723e-06,0.003623007906226585,4.544649694484142e-05,0.000354239033536074,9.444760984584652e-06,1.2447733675633241,0.037127367897966716
312,-3,-6,8.487452830524523,-30.00069952931275,звичайний твел UO₂,3,pivdenno_skhidna,tvz_z_12_tveh,-3.312547169475477,-9.5625,4756,36485.071169336625,1130.0573105642222,0.00018844004175178107,5.841293630783643e-06,0.0038202130128365103,4.6883353969325244e-05,0.0002969616941147376,8.72147272312806e-06,1.032594459753936,0.03198908861003683
313,-1,-7,10.695817610174842,-30.00069952931275,звичайний твел UO₂,3,pivdenno_skhidna,tvz_z_12_tveh,-1.104182389825159,-9.5625,4761,27740.655146250032,817.5515043912508,0.00014322826295588644,4.226792847337654e-06,0.0037825764529955674,4.395834409646778e-05,0.00024954136712379874,7.613826099020449e-06,0.7851114413622541,0.023143316287296864
314,1,-8,12.90418238982516,-30.00069952931275,звичайний твел UO₂,3,pivdenno_skhidna,tvz_z_12_tveh,1.104182389825159,-9.5625,4766,25973.320064809697,873.5838892012117,0.00013408555335561717,4.515583843562076e-06,0.003924041272611308,5.0426646847055826e-05,0.00023686671903101213,8.427914562442458e-06,0.7350926157128799,0.024728218253269613
315,3,-9,15.112547169475478,-30.00069952931275,звичайний твел UO₂,3,pivdenno_skhidna,tvz_z_12_tveh,3.312547169475477,-9.5625,4771,27467.672027904115,1011.1747923342565,0.0001418074521512349,5.2283405012891676e-06,0.00405063803113565,5.5654804671518944e-05,0.0002534153510542058,8.51905427617659e-06,0.7773855182222918,0.028622151667437992
316,5,-10,17.320911949125794,-30.00069952931275,звичайний твел UO₂,3,pivdenno_skhidna,tvz_z_12_tveh,5.520911949125795,-9.5625,4776,28552.89556343698,947.6675426627967,0.00014741630592982947,4.899862039441254e-06,0.004081077583971807,5.8116247189407775e-05,0.0002587371157027829,8.0313889569827e-06,0.8080993355308793,0.0268253994692903
317,-4,-6,7.383270440699365,-30.63819952931275,звичайний твел UO₂,3,pivdenno_skhidna,tvz_z_12_tveh,-4.416729559300636,-10.2,4781,43830.79339785503,1146.134716676994,0.0002264432632693017,5.9257324026328356e-06,0.0037285003641528603,5.356424206377801e-05,0.00035917525715605973,9.352897967145885e-06,1.2404918773265865,0.0324468124140757
318,-2,-7,9.591635220349684,-30.63819952931275,звичайний твел UO₂,3,pivdenno_skhidna,tvz_z_12_tveh,-2.208364779650318,-10.2,4786,32892.48636076442,889.1424285150682,0.00016986941171657537,4.596845298075765e-06,0.003699380835322016,4.6694764007189535e-05,0.0002828658199874676,8.009187558140548e-06,0.9309177177157963,0.025170966043512506
319,0,-8,11.8,-30.63819952931275,твег UO₂-Gd₂O₃,3,pivdenno_skhidna,tvz_z_12_tveh,0.0,-10.2,4791,10297.838436719094,248.7449215033551,5.3064316370188624e-05,1.2850043483145864e-06,0.0034392830501335293,4.8981517371994155e-05,0.0007474969555826229,1.996564034466643e-05,0.29144772303840377,0.007042251350052404
320,2,-9,14.008364779650318,-30.63819952931275,звичайний твел UO₂,3,pivdenno_skhidna,tvz_z_12_tveh,2.208364779650318,-10.2,4796,27991.800108768864,922.9613673451643,0.00014451501114706974,4.772143109327776e-06,0.003976793197078092,4.930837144560138e-05,0.0002494372127840728,7.182021009328094e-06,0.7922193046219538,0.02612610778650434
321,4,-10,16.21672955930064,-30.63819952931275,звичайний твел UO₂,3,pivdenno_skhidna,tvz_z_12_tveh,4.416729559300636,-10.2,4801,28789.332047838536,1116.4939280759816,0.00014862703549698285,5.7726992622476545e-06,0.004171254190325251,5.0739985975822414e-05,0.00025942749527109996,8.469390228266565e-06,0.8147909218715942,0.031602855923569276
322,-3,-7,8.487452830524523,-31.27569952931275,звичайний твел UO₂,3,pivdenno_skhidna,tvz_z_12_tveh,-3.312547169475477,-10.837499999999999,4806,45190.285408090596,1207.0119916038186,0.00023346553330991866,6.240408126822252e-06,0.0037538294109023423,5.28794649126057e-05,0.0003550655101146037,8.75180193211139e-06,1.2789679957185054,0.034169836398257034
323,-1,-8,10.695817610174842,-31.27569952931275,звичайний твел UO₂,3,pivdenno_skhidna,tvz_z_12_tveh,-1.104182389825159,-10.837499999999999,4811,32688.521532044455,871.4057086201367,0.0001688148311279813,4.5059731607780275e-06,0.003759566051249925,4.91402891114688e-05,0.0002788497290820123,7.179948869607248e-06,0.9251451388124035,0.024669035408557766
324,1,-9,12.90418238982516,-31.27569952931275,звичайний твел UO₂,3,pivdenno_skhidna,tvz_z_12_tveh,1.104182389825159,-10.837499999999999,4816,27921.04944786509,987.5451830480805,0.00014415775663169847,5.105537871336977e-06,0.00383242006553758,4.8552910997597466e-05,0.00025624179281876625,8.149139368663185e-06,0.7902169310995317,0.02795362525547149
325,3,-10,15.112547169475478,-31.27569952931275,звичайний твел UO₂,3,pivdenno_skhidna,tvz_z_12_tveh,3.312547169475477,-10.837499999999999,4821,28396.1020807854,955.7621144645118,0.00014661239364874894,4.941887660678471e-06,0.003943763397551369,5.05217275462264e-05,0.00026183210682374845,8.005755166160087e-06,0.8036617922748964,0.02705440046476437
326,-2,-8,9.591635220349684,-31.91319952931275,звичайний твел UO₂,3,pivdenno_skhidna,tvz_z_12_tveh,-2.208364779650318,-11.475,4826,45235.05022636943,1202.261477655918,0.00023368587497115816,6.216239530740498e-06,0.003813401733827861,4.562250242282009e-05,0.0003634738533630667,9.685767347443355e-06,1.2802349222137857,0.034035442679489325
327,0,-9,11.8,-31.91319952931275,звичайний твел UO₂,3,pivdenno_skhidna,tvz_z_12_tveh,0.0,-11.475,4831,32914.44165229182,974.6088110370587,0.00016998093806094486,5.039296755925664e-06,0.003853674740502443,4.7636368136984034e-05,0.00027879940209427756,8.127714281042108e-06,0.9315390927513074,0.027589250555304038
328,2,-10,14.008364779650318,-31.91319952931275,звичайний твел UO₂,3,pivdenno_skhidna,tvz_z_12_tveh,2.208364779650318,-11.475,4836,28913.49454516012,1054.637784649197,0.00014928307630913132,5.4526806746173476e-06,0.0039056811737542474,6.121625583460883e-05,0.00026664092850233536,9.85576091219971e-06,0.8183049483688546,0.02985248671628804
329,-1,-9,10.695817610174842,-32.55069952931275,звичайний твел UO₂,3,pivdenno_skhidna,tvz_z_12_tveh,-1.104182389825159,-12.112499999999999,4841,41050.871695554786,1081.9664569731485,0.0002120506375498446,5.593659489098888e-06,0.003788629229909315,5.348159251081849e-05,0.0003477026592560731,8.310558360166217e-06,1.1618149923337606,0.030630088856675015
330,1,-10,12.90418238982516,-32.55069952931275,звичайний твел UO₂,3,pivdenno_skhidna,tvz_z_12_tveh,1.104182389825159,-12.112499999999999,4846,33488.082821433156,1208.2243267746626,0.00017294112451697775,6.246940466614383e-06,0.003870091960692855,4.972151224450502e-05,0.00027918396567763997,9.380646421028078e-06,0.9477741903996831,0.034200003100477265
331,0,-10,11.8,-33.188199529312755,звичайний твел UO₂,3,pivdenno_skhidna,tvz_z_12_tveh,0.0,-12.75,4851,40293.17858011504,1127.9068669823585,0.00020813059746994404,5.832048246234911e-06,0.0037846888761188893,4.430764124372047e-05,0.0003369206023473442,9.666201540734671e-06,1.1403708868922362,0.0319296460234062
1,0,10,-11.8,-7.688199529312751,звичайний твел UO₂,4,pivdenno_zakhidna,tvz_z_12_tveh,0.0,12.75,4858,44207.12640668566,1212.7498209238588,0.00022827599491128447,6.27068489262268e-06,0.005974733767613672,6.165973496719859e-05,0.00039348986610642086,1.114682265439434e-05,1.251142792001727,0.03433179078891961
2,-1,10,-12.90418238982516,-8.325699529312752,звичайний твел UO₂,4,pivdenno_zakhidna,tvz_z_12_tveh,-1.104182389825159,12.112499999999999,4863,41733.84824419228,1178.409351496315,0.00021547765189343406,6.092293412635372e-06,0.005869835156230489,6.520306545180575e-05,0.0003780476798730237,1.0326093911777227e-05,1.181144481838982,0.03335916847514559
3,1,9,-10.695817610174842,-8.325699529312752,звичайний твел UO₂,4,pivdenno_zakhidna,tvz_z_12_tveh,1.104182389825159,12.112499999999999,4868,42349.7668879723,1059.7271888100715,0.00021866503551546095,5.480108590513249e-06,0.005939662215892451,6.02196677983304e-05,0.00039069478324516634,1.0019178635619484e-05,1.1985761095936487,0.030001408793644005
4,-2,10,-14.008364779650318,-8.963199529312751,звичайний твел UO₂,4,pivdenno_zakhidna,tvz_z_12_tveh,-2.208364779650318,11.475,4873,39585.60594392056,1090.2981395796053,0.00020438906974429587,5.637333853236944e-06,0.005717226731568772,6.60405202709502e-05,0.00036953710645792345,8.941411614226623e-06,1.1203452829783271,0.030865238127096253
5,0,9,-11.8,-8.963199529312751,звичайний твел UO₂,4,pivdenno_zakhidna,tvz_z_12_tveh,0.0,11.475,4878,38169.55806341084,1177.3994841016415,0.00019705880879913998,6.088136310298707e-06,0.00581392267422789,6.209606337073232e-05,0.00034816472155486884,1.022041902762335e-05,1.0802685296845163,0.03332928159889183
6,2,8,-9.591635220349684,-8.963199529312751,звичайний твел UO₂,4,pivdenno_zakhidna,tvz_z_12_tveh,2.208364779650318,11.475,4883,45594.276440311616,1417.4121777591042,0.0002354375302245326,7.327313706447715e-06,0.005993532490920103,6.28095852235983e-05,0.00041256843768160486,1.204889901624247e-05,1.2904016832046983,0.040123325415752226
7,-3,10,-15.112547169475478,-9.600699529312752,звичайний твел UO₂,4,pivdenno_zakhidna,tvz_z_12_tveh,-3.312547169475477,10.837499999999999,4888,39695.95238501872,888.298243159703,0.00020496543506023495,4.592232304954775e-06,0.005598463407607812,5.95624578530149e-05,0.0003659028587810673,9.202996325775567e-06,1.1234682897336845,0.025150097013073986
8,-1,9,-12.90418238982516,-9.600699529312752,звичайний твел UO₂,4,pivdenno_zakhidna,tvz_z_12_tveh,-1.104182389825159,10.837499999999999,4893,37517.5663596434,981.5289010918005,0.00019369731103987726,5.073883754137716e-06,0.005654918469763537,6.17144386755006e-05,0.0003532230079019632,9.855731188430827e-06,1.061815968142534,0.02778685171435258
9,1,8,-10.695817610174842,-9.600699529312752,звичайний твел UO₂,4,pivdenno_zakhidna,tvz_z_12_tveh,1.104182389825159,10.837499999999999,4898,38910.99212716849,1018.2439699929009,0.00020089866741958474,5.264292911445291e-06,0.0057248821033332115,5.7663046221392e-05,0.00035652342453091517,9.588528518886002e-06,1.101252474130058,0.028826242526718095
10,3,7,-8.487452830524523,-9.600699529312752,звичайний твел UO₂,4,pivdenno_zakhidna,tvz_z_12_tveh,3.312547169475477,10.837499999999999,4903,43811.87370796049,1176.9217983249425,0.00022621359939887023,6.084336540142628e-06,0.005947805983434974,7.166968739640464e-05,0.0003949407163001861,1.0503157840051224e-05,1.2399564153872444,0.033317897767944096
11,-4,10,-16.21672955930064,-10.238199529312752,звичайний твел UO₂,4,pivdenno_zakhidna,tvz_z_12_tveh,-4.416729559300636,10.2,4908,39096.112269710524,1051.4097648427799,0.00020186594933428842,5.435772394816984e-06,0.005431924065156007,6.254775349844111e-05,0.0003555955361840099,9.471126080821847e-06,1.1064917138369115,0.02976471541902055
12,-2,9,-14.008364779650318,-10.238199529312752,звичайний твел UO₂,4,pivdenno_zakhidna,tvz_z_12_tveh,-2.208364779650318,10.2,4913,35119.0553281757,1035.9781696687094,0.00018130743712877696,5.3573777411771106e-06,0.005508148255387359,7.13252553112424e-05,0.0003241198955825083,9.05979120775147e-06,0.9939337049763943,0.029326544384973553
13,0,8,-11.8,-10.238199529312752,твег UO₂-Gd₂O₃,4,pivdenno_zakhidna,tvz_z_12_tveh,0.0,10.2,4918,14157.318145019872,323.92142959963985,7.294305056975155e-05,1.6750980801878288e-06,0.005165344808222685,4.953288723277677e-05,0.001004872242904061,3.2572992085102436e-05,0.4006780804584954,0.009170928768345549
14,2,7,-9.591635220349684,-10.238199529312752,звичайний твел UO₂,4,pivdenno_zakhidna,tvz_z_12_tveh,2.208364779650318,10.2,4923,40643.93736758653,1033.7895374914956,0.0002098495657680077,5.344233004736644e-06,0.00588020774432448,6.676729100011713e-05,0.00036917826413447266,9.307608285374049e-06,1.1502980041773319,0.029266812944589004
15,4,6,-7.383270440699365,-10.238199529312752,звичайний твел UO₂,4,pivdenno_zakhidna,tvz_z_12_tveh,4.416729559300636,10.2,4928,44822.5489014142,1165.977366578988,0.0002314322546093222,6.027702352509781e-06,0.006192255572496566,6.578228332880169e-05,0.00041068962091123806,1.0889841655993176e-05,1.268560377827864,0.03300865023225836
16,-5,10,-17.320911949125794,-10.875699529312751,звичайний твел UO₂,4,pivdenno_zakhidna,tvz_z_12_tveh,-5.520911949125795,9.5625,4933,38599.30416060204,1054.854012958839,0.00019931666320043774,5.453550236174328e-06,0.005283230713004387,6.15478629703987e-05,0.00035720394110925373,8.972094193440572e-06,1.0924311327667726,0.029861969637050272
17,-3,9,-15.112547169475478,-10.875699529312751,звичайний твел UO₂,4,pivdenno_zakhidna,tvz_z_12_tveh,-3.312547169475477,9.5625,4938,38933.58731137908,1093.0285658435555,0.00020102557185153975,5.6510194013197085e-06,0.0055664033977076924,7.08797511684461e-05,0.0003533859987956296,9.467713424924994e-06,1.1018919593026286,0.030942240547351715
18,-1,8,-12.90418238982516,-10.875699529312751,звичайний твел UO₂,4,pivdenno_zakhidna,tvz_z_12_tveh,-1.104182389825159,9.5625,4943,36262.74171665594,1016.1306170275054,0.00018720502042288747,5.2537923801629745e-06,0.005602418238144503,6.452650464736781e-05,0.0003372298122198955,9.98621497246916e-06,1.0263021282956069,0.028765384391384888
19,1,7,-10.695817610174842,-10.875699529312751,звичайний твел UO₂,4,pivdenno_zakhidna,tvz_z_12_tveh,1.104182389825159,9.5625,4948,36547.44886549052,861.657628106581,0.00018866915038848062,4.45498596880851e-06,0.005772020102527828,6.8723741674777e-05,0.0003532556289080492,9.269080545817653e-06,1.0343598630105661,0.02439490463354548
20,3,6,-8.487452830524523,-10.875699529312751,звичайний твел UO₂,4,pivdenno_zakhidna,tvz_z_12_tveh,3.312547169475477,9.5625,4953,43174.56837837274,1120.426263493293,0.00022291917998095993,5.7923881030655285e-06,0.00609906886871855,5.743872571330222e-05,0.0003922458721958495,9.715878274544115e-06,1.2219195051822553,0.031719148170362345
21,5,5,-6.279088050874206,-10.875699529312751,звичайний твел UO₂,4,pivdenno_zakhidna,tvz_z_12_tveh,5.520911949125795,9.5625,4958,44595.78953013776,1237.9373470306741,0.0002302626414070891,6.401104556850328e-06,0.006117534505988382,5.873255465165545e-05,0.0004025643572339005,9.718848712443675e-06,1.2621426715449138,0.03504461739215689
22,-6,10,-18.425094338950956,-11.513199529312752,звичайний твел UO₂,4,pivdenno_zakhidna,tvz_z_12_tveh,-6.625094338950954,8.924999999999999,4963,38671.49992256814,1157.3068761520344,0.00019968913535254356,5.983516136368485e-06,0.005049795891540541,5.813254399263164e-05,0.0003452873537444311,9.03592427331227e-06,1.0944744053008428,0.0327609213573712
23,-4,9,-16.21672955930064,-11.513199529312752,звичайний твел UO₂,4,pivdenno_zakhidna,tvz_z_12_tveh,-4.416729559300636,8.924999999999999,4968,39268.54659315357,1156.191394774786,0.00020275927231542986,5.978156126231687e-06,0.005439989314770738,6.199854763910058e-05,0.00035040647388736006,8.975455913844327e-06,1.111371921586331,0.032729576364534774
24,-2,8,-14.008364779650318,-11.513199529312752,звичайний твел UO₂,4,pivdenno_zakhidna,tvz_z_12_tveh,-2.208364779650318,8.924999999999999,4973,36847.76857946366,1151.580895063768,0.0001902474227402427,5.953262080576535e-06,0.0055052497074429265,6.562268618105821e-05,0.0003360640093636899,8.707862045158736e-06,1.0428594619661022,0.03259825141763429
25,0,7,-11.8,-11.513199529312752,звичайний твел UO₂,4,pivdenno_zakhidna,tvz_z_12_tveh,0.0,8.924999999999999,4978,37116.11414788193,934.7499123946136,0.00019161086844083456,4.831694908511053e-06,0.005685390746411291,6.23835712351387e-05,0.000341970723870262,8.92130871665461e-06,1.050454133933773,0.02646313594067811
26,2,6,-9.591635220349684,-11.513199529312752,звичайний твел UO₂,4,pivdenno_zakhidna,tvz_z_12_tveh,2.208364779650318,8.924999999999999,4983,40106.80612002867,1035.3105441411255,0.00020706809410704117,5.3534873931555025e-06,0.005895107106446224,6.416614202073676e-05,0.0003730718446885834,1.0257364670868352e-05,1.1350962043010278,0.029309620154293357
27,4,5,-7.383270440699365,-11.513199529312752,звичайний твел UO₂,4,pivdenno_zakhidna,tvz_z_12_tveh,4.416729559300636,8.924999999999999,4988,41815.60551924563,1084.1683653374491,0.00021589026656162276,5.605454842603111e-06,0.006087769311392242,5.934169849957288e-05,0.000387677125372337,9.98478955471137e-06,1.1834583627376334,0.030692706918735938
28,6,4,-5.1749056610490465,-11.513199529312752,звичайний твел UO₂,4,pivdenno_zakhidna,tvz_z_12_tveh,6.625094338950954,8.924999999999999,4993,44305.816229862445,1181.621156549133,0.00022875736105807827,6.108564677699281e-06,0.006267885995394907,6.711717958891771e-05,0.00040532164760116696,1.0317340476245853e-05,1.2539358950814352,0.033451062919219926
29,-7,10,-19.529276728776114,-12.150699529312751,звичайний твел UO₂,4,pivdenno_zakhidna,tvz_z_12_tveh,-7.729276728776114,8.2875,4998,35152.796058614666,899.1852068457977,0.0001815003922543876,4.6487792295168885e-06,0.004791617232714865,5.7779445586440626e-05,0.00032085064237666165,8.395716309974413e-06,0.9948886295579478,0.025456049533994957
30,-5,9,-17.320911949125794,-12.150699529312751,звичайний твел UO₂,4,pivdenno_zakhidna,tvz_z_12_tveh,-5.520911949125795,8.2875,5003,38002.68016547725,920.1633877068064,0.000196224807744316,4.757775454936887e-06,0.0052381897201034715,6.0653661879322804e-05,0.0003375440726921942,8.232804491987611e-06,1.0755455789723787,0.026050830002147203
31,-3,8,-15.112547169475478,-12.150699529312751,звичайний твел UO₂,4,pivdenno_zakhidna,tvz_z_12_tveh,-3.312547169475477,8.2875,5008,35860.93131751357,903.9202184292568,0.00018514605559334895,4.672489190224543e-06,0.005332976427158841,5.381211659861788e-05,0.0003352901351981879,9.075773633760305e-06,1.014930156726736,0.0255903218708806
32,-1,7,-12.90418238982516,-12.150699529312751,звичайний твел UO₂,4,pivdenno_zakhidna,tvz_z_12_tveh,-1.104182389825159,8.2875,5013,37027.39468966878,1146.151999342388,0.00019116563862368364,5.9249567293971095e-06,0.005543175091110783,6.69859953141464e-05,0.00034785207262413105,1.046814643485658e-05,1.0479432104769408,0.032444696842012774
33,1,6,-10.695817610174842,-12.150699529312751,звичайний твел UO₂,4,pivdenno_zakhidna,tvz_z_12_tveh,1.104182389825159,8.2875,5018,39485.92697289318,1074.5440434014884,0.0002038671015289479,5.555315107021217e-06,0.005770885037433516,6.612324591521522e-05,0.00037226265577810456,9.813598534624096e-06,1.1175241851994817,0.030419442826010598
34,3,5,-8.487452830524523,-12.150699529312751,звичайний твел UO₂,4,pivdenno_zakhidna,tvz_z_12_tveh,3.312547169475477,8.2875,5023,42957.19713417886,1017.9314564780692,0.000221800807599071,5.260878614446491e-06,0.006129406611359547,7.564394560298247e-05,0.0003883303257602937,8.948201521141566e-06,1.2157675001218111,0.028819166097851012
35,5,4,-6.279088050874206,-12.150699529312751,звичайний твел UO₂,4,pivdenno_zakhidna,tvz_z_12_tveh,5.520911949125795,8.2875,5028,43743.755709464225,1174.6367694095204,0.00022586274429641775,6.074040915047698e-06,0.0060701238232644394,6.098463744022179e-05,0.00040355226734996676,1.0531868453285222e-05,1.2380285510415696,0.03325321691857109
36,7,3,-4.070723271223887,-12.150699529312751,звичайний твел UO₂,4,pivdenno_zakhidna,tvz_z_12_tveh,7.729276728776114,8.2875,5033,42243.37158608701,1103.5699881886019,0.00021811527818952096,5.705389516384444e-06,0.006067200389197321,6.249565282948992e-05,0.0003969108110192978,1.0673918155125606e-05,1.195564927327875,0.031241831413549564
37,-8,10,-20.633459118601273,-12.788199529312752,звичайний твел UO₂,4,pivdenno_zakhidna,tvz_z_12_tveh,-8.833459118601272,7.6499999999999995,5038,37143.390273797406,1030.7878684985476,0.00019180166620787548,5.329322673803473e-06,0.004653159238437767,5.821475876543508e-05,0.0003241911127792123,9.61607490241127e-06,1.0512260983455495,0.029180451980022427
38,-6,9,-18.425094338950956,-12.788199529312752,звичайний твел UO₂,4,pivdenno_zakhidna,tvz_z_12_tveh,-6.625094338950954,7.6499999999999995,5043,34715.32286304084,1005.513778437588,0.00017923948204949286,5.197930799286305e-06,0.004913891441240104,5.9423126886604085e-05,0.0003138733617372645,7.582920907933104e-06,0.9825073354131789,0.028464389767348015
39,-4,8,-16.21672955930064,-12.788199529312752,звичайний твел UO₂,4,pivdenno_zakhidna,tvz_z_12_tveh,-4.416729559300636,7.6499999999999995,5048,36274.53198509022,1026.7832130006652,0.00018728081075237827,5.308691752469267e-06,0.0052772030513786065,5.4152959977728406e-05,0.00033502694886021895,9.551707203671875e-06,1.0266358145260035,0.02906680407469696
40,-2,7,-14.008364779650318,-12.788199529312752,звичайний твел UO₂,4,pivdenno_zakhidna,tvz_z_12_tveh,-2.208364779650318,7.6499999999999995,5053,36097.20342668628,947.801096070215,0.00018636247775106178,4.900650891058504e-06,0.005392998301393003,5.4829219045650914e-05,0.00032857222072482276,9.223980344690804e-06,1.021617090946866,0.026831971195376652
42,2,5,-9.591635220349684,-12.788199529312752,звичайний твел UO₂,4,pivdenno_zakhidna,tvz_z_12_tveh,2.208364779650318,7.6499999999999995,5061,42236.162789005095,1148.44300889799,0.00021808806858005333,5.937448206927156e-06,0.005825641008220783,5.5776532183220306e-05,0.00038556608675284173,9.80129966865676e-06,1.1953609051431922,0.032511474551998015
43,4,4,-7.383270440699365,-12.788199529312752,звичайний твел UO₂,4,pivdenno_zakhidna,tvz_z_12_tveh,4.416729559300636,7.6499999999999995,5066,42201.57624374997,1013.7691616575919,0.00021789897205192515,5.241003466547519e-06,0.0060101002730042225,6.1308019361492e-05,0.00038316312455808244,9.338470731322885e-06,1.1943820424503744,0.028701061483261195
44,6,3,-5.1749056610490465,-12.788199529312752,звичайний твел UO₂,4,pivdenno_zakhidna,tvz_z_12_tveh,6.625094338950954,7.6499999999999995,5071,40376.25366667681,1130.787742118505,0.0002084608943040397,5.846204736198956e-06,0.005895020570867215,6.478050370982004e-05,0.00038728927760199524,1.1067021211404551e-05,1.1427220642745994,0.03201119233861017
45,8,2,-2.9665408813987284,-12.788199529312752,звичайний твел UO₂,4,pivdenno_zakhidna,tvz_z_12_tveh,8.833459118601272,7.6499999999999995,5076,41543.70424271199,969.9415619873864,0.00021449094419354547,5.015203239988549e-06,0.006073353767363766,6.200768119752211e-05,0.0003839371427706547,8.268962071663115e-06,1.1757630577060065,0.02746078244559089
46,-9,10,-21.73764150842643,-13.425699529312752,звичайний твел UO₂,4,pivdenno_zakhidna,tvz_z_12_tveh,-9.937641508426431,7.012499999999999,5081,37272.58208676066,1071.402370583084,0.00019248809555366922,5.539098103594421e-06,0.004374731538650306,5.419573526815294e-05,0.0003270606702991671,8.861112984361449e-06,1.054882463703651,0.03032969031127824
47,-7,9,-19.529276728776114,-13.425699529312752,звичайний твел UO₂,4,pivdenno_zakhidna,tvz_z_12_tveh,-7.729276728776114,7.012499999999999,5086,33782.89750669982,1091.4728333156397,0.00017444557145886942,5.643869407147723e-06,0.0047019363350319695,5.407306887454874e-05,0.00031932191326468183,9.665737205853429e-06,0.9561179869417686,0.030896358995490588
48,-5,8,-17.320911949125794,-13.425699529312752,звичайний твел UO₂,4,pivdenno_zakhidna,tvz_z_12_tveh,-5.520911949125795,7.012499999999999,5091,34803.926687003295,1067.9233692623889,0.00017968928723998402,5.520853712456764e-06,0.004973288779704476,5.9946324801684624e-05,0.00030599905212945895,9.509613592263245e-06,0.9850149862085414,0.03023034693842372
49,-3,7,-15.112547169475478,-13.425699529312752,звичайний твел UO₂,4,pivdenno_zakhidna,tvz_z_12_tveh,-3.312547169475477,7.012499999999999,5096,36606.57760671735,1180.9614150174482,0.00018899963872793087,6.105188775307117e-06,0.005277962941035268,6.362695890703389e-05,0.0003265095628926558,9.369310732543855e-06,1.0360333148813237,0.03342953345971792
50,-1,6,-12.90418238982516,-13.425699529312752,звичайний твел UO₂,4,pivdenno_zakhidna,tvz_z_12_tveh,-1.104182389825159,7.012499999999999,5101,35630.04571338378,868.981147608011,0.00018395352886957272,4.492052949679896e-06,0.005345228396301154,5.979859086601796e-05,0.0003320440109744053,8.541764864561274e-06,1.0083956704829011,0.024601689331144764
51,1,5,-10.695817610174842,-13.425699529312752,звичайний твел UO₂,4,pivdenno_zakhidna,tvz_z_12_tveh,1.104182389825159,7.012499999999999,5106,40523.28417031915,1071.8904988107442,0.0002092374772990007,5.541844436134806e-06,0.005610555698907262,6.185434570991653e-05,0.000364171349732049,9.933878170265846e-06,1.1468832973107437,0.030344782313168634
53,5,3,-6.279088050874206,-13.425699529312752,звичайний твел UO₂,4,pivdenno_zakhidna,tvz_z_12_tveh,5.520911949125795,7.012499999999999,5114,40161.25564970941,1054.217340939755,0.00020734137101785025,5.450999443276062e-06,0.00593435987366546,6.578479452423502e-05,0.00037669276806965874,9.44770325287008e-06,1.1366372258992479,0.02984458850962863
54,7,2,-4.070723271223887,-13.425699529312752,звичайний твел UO₂,4,pivdenno_zakhidna,tvz_z_12_tveh,7.729276728776114,7.012499999999999,5119,41101.063231902335,1019.847108437812,0.0002122080432619899,5.27318308412244e-06,0.005933181433155082,5.950469613341378e-05,0.00037666779862720155,9.307683334133848e-06,1.163235504907752,0.028872533961797824
55,9,1,-1.8623584915735698,-13.425699529312752,звичайний твел UO₂,4,pivdenno_zakhidna,tvz_z_12_tveh,9.937641508426431,7.012499999999999,5124,42832.245047967874,1060.678449348782,0.00022116436820935584,5.483441221057562e-06,0.005910539272750963,6.273717235978899e-05,0.0003993319708140273,1.0183092063790516e-05,1.2122311268101813,0.030028533229192633
56,-10,10,-22.84182389825159,-14.063199529312751,звичайний твел UO₂,4,pivdenno_zakhidna,tvz_z_12_tveh,-11.04182389825159,6.375,5129,42759.70745009635,1147.0208722409334,0.0002208622385961182,5.930851689271172e-06,0.004222692972220343,5.8521423046436116e-05,0.00035573116247001365,8.84375201764226e-06,1.21017817969276,0.032471446446796684
57,-8,9,-20.633459118601273,-14.063199529312751,звичайний твел UO₂,4,pivdenno_zakhidna,tvz_z_12_tveh,-8.833459118601272,6.375,5134,31970.2816166063,892.0869281048803,0.00016505877591415385,4.611285385883881e-06,0.00449314440712861,5.351840395360997e-05,0.00028341947384091803,7.768198091535077e-06,0.9048176313227405,0.025253915130415295
58,-6,8,-18.425094338950956,-14.063199529312751,звичайний твел UO₂,4,pivdenno_zakhidna,tvz_z_12_tveh,-6.625094338950954,6.375,5139,33676.53923650827,1001.4177319934677,0.00017388046472979014,5.177957008519907e-06,0.004763818577802407,5.308810763284014e-05,0.00030585158245651124,9.231821429212295e-06,0.9531078527408766,0.028348105747810288
60,-2,6,-14.008364779650318,-14.063199529312751,звичайний твел UO₂,4,pivdenno_zakhidna,tvz_z_12_tveh,-2.208364779650318,6.375,5147,33601.92528481729,921.1784633610889,0.00017347461373226608,4.763396362055905e-06,0.005121375377988302,5.1891710633185674e-05,0.00032224557572194215,7.584755162957868e-06,0.9509961410005084,0.026077692899945236
61,0,5,-11.8,-14.063199529312751,звичайний твел UO₂,4,pivdenno_zakhidna,tvz_z_12_tveh,0.0,6.375,5152,36070.560084356264,1076.9003345530955,0.00018623445341740187,5.567472617199993e-06,0.005461414836160443,6.572278783021516e-05,0.0003348588562476587,9.39783012232589e-06,1.0208630354716384,0.03048481260538565
62,2,4,-9.591635220349684,-14.063199529312751,звичайний твел UO₂,4,pivdenno_zakhidna,tvz_z_12_tveh,2.208364779650318,6.375,5157,40298.293292422895,1072.277654616631,0.00020808169020412317,5.544178212086393e-06,0.00564857085868705,5.913063264359569e-05,0.00036650547338560046,9.31478573215209e-06,1.1405156426354226,0.03035564450819262
63,4,3,-7.383270440699365,-14.063199529312751,звичайний твел UO₂,4,pivdenno_zakhidna,tvz_z_12_tveh,4.416729559300636,6.375,5162,40471.03903817623,958.5616003485462,0.0002089657887497062,4.956680387902275e-06,0.005756299168163624,6.085807681842919e-05,0.0003732755698317159,8.541387884707531e-06,1.145404664207645,0.027138325266324512
64,6,2,-5.1749056610490465,-14.063199529312751,звичайний твел UO₂,4,pivdenno_zakhidna,tvz_z_12_tveh,6.625094338950954,6.375,5167,40366.212959511206,1067.32012886197,0.0002084112741674286,5.518281580431232e-06,0.00590906240216646,5.92774414383501e-05,0.000363407544627148,8.895921920278832e-06,1.1424378938383382,0.030215403454718535
65,8,1,-2.9665408813987284,-14.063199529312751,звичайний твел UO₂,4,pivdenno_zakhidna,tvz_z_12_tveh,8.833459118601272,6.375,5172,39373.658333010964,1068.4293698307852,0.00020329013007590568,5.523977840696629e-06,0.0058781970734250785,5.8406666627078445e-05,0.00036233074832249046,8.455847178760701e-06,1.114346776691535,0.03024638643388261
66,10,0,-0.7581761017484112,-14.063199529312751,звичайний твел UO₂,4,pivdenno_zakhidna,tvz_z_12_tveh,11.04182389825159,6.375,5177,42949.4579646168,1134.0790668297784,0.0002217658717234989,5.86329393913137e-06,0.0058986543590722595,6.287331585554478e-05,0.00039616773822743334,1.07310902489951e-05,1.2155484674227712,0.03210534612250056
67,-9,9,-21.73764150842643,-14.70069952931275,звичайний твел UO₂,4,pivdenno_zakhidna,tvz_z_12_tveh,-9.937641508426431,5.7375,5182,36071.449059763625,1034.4680658434168,0.00018627043828810992,5.347874319991494e-06,0.004324530557899196,5.672708618848879e-05,0.00031516684516611453,8.795683142558501e-06,1.0208881951068285,0.029284170782173623
68,-7,8,-19.529276728776114,-14.70069952931275,звичайний твел UO₂,4,pivdenno_zakhidna,tvz_z_12_tveh,-7.729276728776114,5.7375,5187,29317.896679873116,1001.4525550307834,0.00015134558028095864,5.177051156565847e-06,0.004543876928290315,5.2808249561278875e-05,0.0002760566085418358,8.499168159664764e-06,0.8297502708098934,0.028347603194904276
69,-5,7,-17.320911949125794,-14.70069952931275,звичайний твел UO₂,4,pivdenno_zakhidna,tvz_z_12_tveh,-5.520911949125795,5.7375,5192,35677.02434686024,971.333775032518,0.00018421748798263927,5.021487417048497e-06,0.0049408975253317665,6.117528985108108e-05,0.00032027245400865193,7.925888986535788e-06,1.0097252520103555,0.02749763999547334
70,-3,6,-15.112547169475478,-14.70069952931275,звичайний твел UO₂,4,pivdenno_zakhidna,tvz_z_12_tveh,-3.312547169475477,5.7375,5197,35907.300028294114,861.9748422373925,0.00018539760598121618,4.456473340409967e-06,0.005111864988484942,5.17888170146246e-05,0.0003314838710541259,1.1104852863542024e-05,1.0162424763227618,0.024403587310664353
71,-1,5,-12.90418238982516,-14.70069952931275,твег UO₂-Gd₂O₃,4,pivdenno_zakhidna,tvz_z_12_tveh,-1.104182389825159,5.7375,5202,13672.529078713062,285.6341896998789,7.045274057240106e-05,1.4761116124163452e-06,0.004789528891691856,5.744671681910728e-05,0.0008909840641297133,2.7897142955366492e-05,0.3869576603531234,0.008087523273216428
72,1,4,-10.695817610174842,-14.70069952931275,звичайний твел UO₂,4,pivdenno_zakhidna,tvz_z_12_tveh,1.104182389825159,5.7375,5207,37148.68282933677,998.9657928969915,0.00019179985843093304,5.1639686566959534e-06,0.005463014783020538,5.621830401424356e-05,0.00035247848291286853,1.0352877960584698e-05,1.0513758873785084,0.02828006231903063
73,3,3,-8.487452830524523,-14.70069952931275,звичайний твел UO₂,4,pivdenno_zakhidna,tvz_z_12_tveh,3.312547169475477,5.7375,5212,39868.566275375844,1007.5047142884498,0.00020585421533008593,5.2088804139233915e-06,0.0056307746539508725,5.190647726956439e-05,0.00036785940663218143,8.699819342437926e-06,1.1283535795562556,0.0285227941759001
74,5,2,-6.279088050874206,-14.70069952931275,звичайний твел UO₂,4,pivdenno_zakhidna,tvz_z_12_tveh,5.520911949125795,5.7375,5217,39099.749080881345,955.9287259219278,0.00020187310984727126,4.942874897278767e-06,0.005710094350928128,5.8005751196453136e-05,0.00036407976296867636,9.112199672660464e-06,1.1065946422661512,0.027063216257994873
75,7,1,-4.070723271223887,-14.70069952931275,звичайний твел UO₂,4,pivdenno_zakhidna,tvz_z_12_tveh,7.729276728776114,5.7375,5222,39930.131305751944,1048.5550065108628,0.00020616866776265285,5.421844633674807e-06,0.005899617794402579,5.4073413671190234e-05,0.0003616314505153842,9.100128357199714e-06,1.1300959828802313,0.029684283085706854
76,9,0,-1.8623584915735698,-14.70069952931275,звичайний твел UO₂,4,pivdenno_zakhidna,tvz_z_12_tveh,9.937641508426431,5.7375,5227,38588.67776724296,1065.0166381509143,0.00019923589689957227,5.506354717098975e-06,0.005759090935802649,6.311033394484771e-05,0.0003553052681964839,9.193715547395717e-06,1.092130386336573,0.03014951327009014
77,-10,9,-22.84182389825159,-15.338199529312751,звичайний твел UO₂,4,pivdenno_zakhidna,tvz_z_12_tveh,-11.04182389825159,5.1,5232,44329.95511459337,1160.0081896646004,0.00022899307969643736,5.997126398945311e-06,0.004119751458698461,6.246753339987638e-05,0.0003659176874705081,9.720725909829375e-06,1.2546190698112338,0.03283955424614568
78,-8,8,-20.633459118601273,-15.338199529312751,твег UO₂-Gd₂O₃,4,pivdenno_zakhidna,tvz_z_12_tveh,-8.833459118601272,5.1,5237,11189.913468014585,270.2476066850456,5.765580295187967e-05,1.3966819265952384e-06,0.003902815555841527,5.1575533722749813e-05,0.0008063586747342007,2.706323003273829e-05,0.31669508327309376,0.007651017644026317
79,-6,7,-18.425094338950956,-15.338199529312751,звичайний твел UO₂,4,pivdenno_zakhidna,tvz_z_12_tveh,-6.625094338950954,5.1,5242,33800.33972289237,942.9332863626137,0.00017451969772744902,4.8756694191795616e-06,0.004731892003778363,5.496235236771882e-05,0.0003057141806362043,8.014653895399204e-06,0.9566116336643602,0.026693317836666907
80,-4,6,-16.21672955930064,-15.338199529312751,звичайний твел UO₂,4,pivdenno_zakhidna,tvz_z_12_tveh,-4.416729559300636,5.1,5247,33880.91850022834,1013.3142486347039,0.0001749308899171643,5.238819741771651e-06,0.004934504085716309,5.40591108197775e-05,0.0003104188480484548,8.556251003894751e-06,0.95889216091521,0.02868480079660166
81,-2,5,-14.008364779650318,-15.338199529312751,звичайний твел UO₂,4,pivdenno_zakhidna,tvz_z_12_tveh,-2.208364779650318,5.1,5252,33300.9475444663,863.5704752366694,0.0001719086859393174,4.464252756304531e-06,0.005194266853519718,5.302090667978819e-05,0.00031149143362574604,6.587194495160444e-06,0.9424779186910809,0.024447598236971537
82,0,4,-11.8,-15.338199529312751,звичайний твел UO₂,4,pivdenno_zakhidna,tvz_z_12_tveh,0.0,5.1,5257,35723.67314574511,1038.2875520303596,0.00018442880543510638,5.366439622682864e-06,0.00539067825004506,6.957615995702919e-05,0.0003314546885022468,9.263505521375056e-06,1.0110454986136612,0.02939211364390015
83,2,3,-9.591635220349684,-15.338199529312751,звичайний твел UO₂,4,pivdenno_zakhidna,tvz_z_12_tveh,2.208364779650318,5.1,5262,37439.24573997094,1116.3488277579122,0.00019329515068163003,5.771383222619565e-06,0.005522136781839603,5.684266769797901e-05,0.0003517403792620913,9.99377420542323e-06,1.0595993508970056,0.03160153477505942
84,4,2,-7.383270440699365,-15.338199529312751,звичайний твел UO₂,4,pivdenno_zakhidna,tvz_z_12_tveh,4.416729559300636,5.1,5267,36625.88019285649,1012.5932649987052,0.000189092469593482,5.235875871662627e-06,0.0055135792259082324,5.4333440020221726e-05,0.0003423895074684378,9.210857866674014e-06,1.036579613486956,0.028665437215096994
85,6,1,-5.1749056610490465,-15.338199529312751,звичайний твел UO₂,4,pivdenno_zakhidna,tvz_z_12_tveh,6.625094338950954,5.1,5272,39037.31538593386,1104.2082070405422,0.00020156191701333802,5.708567518232874e-06,0.005657117109639767,6.968068561063823e-05,0.0003601329443950118,9.0842759872423e-06,1.1048276541409119,0.03125860846868887
86,8,0,-2.9665408813987284,-15.338199529312751,твег UO₂-Gd₂O₃,4,pivdenno_zakhidna,tvz_z_12_tveh,8.833459118601272,5.1,5277,13876.2935674556,293.28769403622425,7.149735646501614e-05,1.5163952867059425e-06,0.005139765237795958,5.90681131069846e-05,0.0009269068682053878,2.792965425129054e-05,0.3927245692675555,0.008304142692433741
87,10,-1,-0.7581761017484112,-15.338199529312751,звичайний твел UO₂,4,pivdenno_zakhidna,tvz_z_12_tveh,11.04182389825159,5.1,5282,40803.38682097635,1098.015893087677,0.00021067944860822467,5.6777032579118286e-06,0.005775254731131002,5.479098205936405e-05,0.00037983605311048626,1.0152872792359858e-05,1.1548107162785899,0.031084093712923297
88,-9,8,-21.73764150842643,-15.975699529312752,звичайний твел UO₂,4,pivdenno_zakhidna,tvz_z_12_tveh,-9.937641508426431,4.4624999999999995,5287,36308.44784091936,963.2353700326161,0.00018750616714832398,4.978802705332814e-06,0.004190317898612978,5.2466303359774186e-05,0.00030899138956180024,7.66915122279917e-06,1.0275956954774326,0.027268756116137473
89,-7,7,-19.529276728776114,-15.975699529312752,звичайний твел UO₂,4,pivdenno_zakhidna,tvz_z_12_tveh,-7.729276728776114,4.4624999999999995,5292,31568.830781299348,891.1979155049346,0.0001629963259477375,4.606086455354037e-06,0.0044296909855029145,5.508759377133221e-05,0.00028601232648871176,8.04523146702986e-06,0.8934558360701678,0.02522860532468517
90,-5,6,-17.320911949125794,-15.975699529312752,звичайний твел UO₂,4,pivdenno_zakhidna,tvz_z_12_tveh,-5.520911949125795,4.4624999999999995,5297,33839.825956508044,1056.328724986701,0.00017471402782196982,5.461150467487905e-06,0.0048143431608270015,6.171185233993995e-05,0.0003120428979993633,7.97108979300129e-06,0.9577291665281129,0.029901924796231907
91,-3,5,-15.112547169475478,-15.975699529312752,звичайний твел UO₂,4,pivdenno_zakhidna,tvz_z_12_tveh,-3.312547169475477,4.4624999999999995,5302,32937.48969226217,933.6862846294862,0.00017004782583790028,4.82685977079323e-06,0.005044298283589102,5.619055855058121e-05,0.0003011145064852771,7.959705822827823e-06,0.9321913945728145,0.026431341146236305
92,-1,4,-12.90418238982516,-15.975699529312752,звичайний твел UO₂,4,pivdenno_zakhidna,tvz_z_12_tveh,-1.104182389825159,4.4624999999999995,5307,32502.617893022987,1035.9376523071433,0.00016778482048050938,5.355792576539896e-06,0.005235872028030062,6.133806602856604e-05,0.0003081205661375792,8.933590362270623e-06,0.9198837247175614,0.02932447107971192
93,1,3,-10.695817610174842,-15.975699529312752,звичайний твел UO₂,4,pivdenno_zakhidna,tvz_z_12_tveh,1.104182389825159,4.4624999999999995,5312,34943.719984443924,912.3905093335172,0.00018039265693932093,4.717311651991798e-06,0.005402954158770682,5.379456511873431e-05,0.0003201112552639661,7.67219042484392e-06,0.9889713930297852,0.025829588747066326
94,3,2,-8.487452830524523,-15.975699529312752,звичайний твел UO₂,4,pivdenno_zakhidna,tvz_z_12_tveh,3.312547169475477,4.4624999999999995,5317,34127.626798882666,926.7228091687932,0.00017618384114525038,4.7899435693054465e-06,0.005520798701522302,5.840971559303432e-05,0.0003209011520800139,8.11919919653658e-06,0.9658744584468063,0.026234776763045985
95,5,1,-6.279088050874206,-15.975699529312752,звичайний твел UO₂,4,pivdenno_zakhidna,tvz_z_12_tveh,5.520911949125795,4.4624999999999995,5322,35855.8653970875,1141.5622571395327,0.000185108836406724,5.901310839906503e-06,0.005481048233645947,6.454459219109809e-05,0.0003380417231887867,1.038145461280177e-05,1.0147867818833312,0.03231441890445305
96,7,0,-4.070723271223887,-15.975699529312752,звичайний твел UO₂,4,pivdenno_zakhidna,tvz_z_12_tveh,7.729276728776114,4.4624999999999995,5327,37331.988764425965,1127.21570400799,0.00019274116394337197,5.828580785321733e-06,0.005624327506866315,6.401993735746591e-05,0.0003539762173957257,9.909112294764834e-06,1.0565637816855968,0.0319089830211282
97,9,-1,-1.8623584915735698,-15.975699529312752,звичайний твел UO₂,4,pivdenno_zakhidna,tvz_z_12_tveh,9.937641508426431,4.4624999999999995,5332,36547.819078779656,1074.8259449104294,0.00018867829786212744,5.556957600570566e-06,0.0056318362093866646,6.734732945344912e-05,0.0003504728631137344,9.86846104417531e-06,1.034370340725945,0.030426291209149373
98,-10,8,-22.84182389825159,-16.61319952931275,звичайний твел UO₂,4,pivdenno_zakhidna,tvz_z_12_tveh,-11.04182389825159,3.8249999999999997,5337,45700.866583694275,1164.5611046327315,0.00023609144934416007,6.021474767012295e-06,0.004006913509765698,5.142172161735737e-05,0.0003727619133214637,1.0594908021268078e-05,1.293418379842358,0.032968949262694724
99,-8,7,-20.633459118601273,-16.61319952931275,звичайний твел UO₂,4,pivdenno_zakhidna,tvz_z_12_tveh,-8.833459118601272,3.8249999999999997,5342,31580.007839437218,894.2102427997429,0.000163052581797634,4.622953186473322e-06,0.004276576866184626,6.352666367673958e-05,0.00027657442181174517,7.334967284881693e-06,0.8937721673240099,0.025313843557698616
101,-4,5,-16.21672955930064,-16.61319952931275,звичайний твел UO₂,4,pivdenno_zakhidna,tvz_z_12_tveh,-4.416729559300636,3.8249999999999997,5350,31397.50530900856,872.4840097095733,0.00016209249555068102,4.510622505038522e-06,0.004819232318846317,5.466722848829479e-05,0.0002937041266181483,7.930164662515523e-06,0.8886070108429643,0.024699030500224886
102,-2,4,-14.008364779650318,-16.61319952931275,звичайний твел UO₂,4,pivdenno_zakhidna,tvz_z_12_tveh,-2.208364779650318,3.8249999999999997,5355,34776.97096774233,1175.8067892281792,0.000179556553155178,6.078380080568695e-06,0.005129075711277952,6.531344796625724e-05,0.00032442622289173437,9.529125073400717e-06,0.9842520898929945,0.03328307228241339
103,0,3,-11.8,-16.61319952931275,звичайний твел UO₂,4,pivdenno_zakhidna,tvz_z_12_tveh,0.0,3.8249999999999997,5360,35736.04006873234,983.4348746818878,0.0001845055791428283,5.084697432126632e-06,0.005266356886065825,6.256226328668326e-05,0.0003397605082814496,8.412632471995212e-06,1.0113955052259973,0.0278400590858782
104,2,2,-9.591635220349684,-16.61319952931275,звичайний твел UO₂,4,pivdenno_zakhidna,tvz_z_12_tveh,2.208364779650318,3.8249999999999997,5365,35425.844342327815,875.7760738719859,0.0001828954745371507,4.52876632445644e-06,0.0054069073272395496,5.910559768423624e-05,0.00033256100200917266,8.128513452637501e-06,1.0026163969973731,0.024793846817374867
105,4,1,-7.383270440699365,-16.61319952931275,твег UO₂-Gd₂O₃,4,pivdenno_zakhidna,tvz_z_12_tveh,4.416729559300636,3.8249999999999997,5370,13806.287658027308,255.37936040956288,7.113840443233193e-05,1.3184405037468228e-06,0.004934718964418575,6.287078777293289e-05,0.0009080233056688029,2.3634313950529332e-05,0.39074327357841776,0.007231754707467641
107,8,-1,-2.9665408813987284,-16.61319952931275,звичайний твел UO₂,4,pivdenno_zakhidna,tvz_z_12_tveh,8.833459118601272,3.8249999999999997,5378,36850.95548650446,1127.8107048979361,0.00019025977147085,5.831320781834194e-06,0.005588898481503008,6.401181803612737e-05,0.0003363848316278988,9.285880916664487e-06,1.042949657282943,0.031925647392872916
108,10,-2,-0.7581761017484112,-16.61319952931275,звичайний твел UO₂,4,pivdenno_zakhidna,tvz_z_12_tveh,11.04182389825159,3.8249999999999997,5383,38214.728279615716,873.8704623794293,0.00019729418733021456,4.5174333529431144e-06,0.005629305377342157,6.105084831976398e-05,0.00035555752269446236,8.187907359762605e-06,1.0815469296849594,0.024741206687405863
109,-9,7,-21.73764150842643,-17.25069952931275,звичайний твел UO₂,4,pivdenno_zakhidna,tvz_z_12_tveh,-9.937641508426431,3.1875,5388,36819.988352479086,1077.3059025076034,0.00019015695152102303,5.569902971647953e-06,0.004138782871876541,5.6689248523751016e-05,0.00030104208992358194,7.600115068693945e-06,1.0420732305691058,0.030496563623301668
110,-7,6,-19.529276728776114,-17.25069952931275,звичайний твел UO₂,4,pivdenno_zakhidna,tvz_z_12_tveh,-7.729276728776114,3.1875,5393,30992.600347765012,887.1551586645961,0.00016001486673202802,4.5875431533278795e-06,0.0043535510662370885,5.56970960272249e-05,0.0002834605088702464,8.503754638256767e-06,0.8771474574884855,0.025113995026394276
111,-5,5,-17.320911949125794,-17.25069952931275,звичайний твел UO₂,4,pivdenno_zakhidna,tvz_z_12_tveh,-5.520911949125795,3.1875,5398,30837.862374542106,822.9682664792255,0.0001592103708302967,4.254010849838615e-06,0.004591555845753094,5.2328263973005114e-05,0.00029278873071013925,8.541577472579643e-06,0.8727680889209435,0.02329778330828651
112,-3,4,-15.112547169475478,-17.25069952931275,звичайний твел UO₂,4,pivdenno_zakhidna,tvz_z_12_tveh,-3.312547169475477,3.1875,5403,33593.387435789526,1037.8181776060514,0.0001734429046878431,5.365397412080696e-06,0.004896292615628827,5.739596490814305e-05,0.00030755398281452796,8.929929364570351e-06,0.9507545042071096,0.029378060363265117
113,-1,3,-12.90418238982516,-17.25069952931275,звичайний твел UO₂,4,pivdenno_zakhidna,tvz_z_12_tveh,-1.104182389825159,3.1875,5408,35368.827335842274,1037.1660274364754,0.0001826132907840104,5.3623216993782395e-06,0.005132485177063588,6.344895380713541e-05,0.0003222171205074005,9.22603412353583e-06,1.00100271109457,0.0293602476592167
115,3,1,-8.487452830524523,-17.25069952931275,звичайний твел UO₂,4,pivdenno_zakhidna,tvz_z_12_tveh,3.312547169475477,3.1875,5416,33108.649913533234,886.5288285148644,0.00017091790515785162,4.583932882006045e-06,0.005280525576283338,5.84171210955257e-05,0.0003134901702829899,8.974707573331406e-06,0.9370355428929443,0.025097103160556338
116,5,0,-6.279088050874206,-17.25069952931275,звичайний твел UO₂,4,pivdenno_zakhidna,tvz_z_12_tveh,5.520911949125795,3.1875,5421,35381.08121026068,907.51099286587,0.00018266391133220364,4.691934335893956e-06,0.005447000495629124,6.41527312988343e-05,0.00033138383666340244,8.776120541209949e-06,1.001349518224978,0.02569171242893484
117,7,-1,-4.070723271223887,-17.25069952931275,звичайний твел UO₂,4,pivdenno_zakhidna,tvz_z_12_tveh,7.729276728776114,3.1875,5426,37613.19577473206,1016.2027383847291,0.00019420035546772882,5.254568802916096e-06,0.005582287765167191,6.650605057821973e-05,0.00034913081306267964,9.86797333500218e-06,1.064522456057872,0.028767957810953215
118,9,-2,-1.8623584915735698,-17.25069952931275,звичайний твел UO₂,4,pivdenno_zakhidna,tvz_z_12_tveh,9.937641508426431,3.1875,5431,38372.22759621701,1052.9617576092849,0.0001981136151052758,5.4446389576014765e-06,0.005597179515486035,5.9423827446376435e-05,0.0003519341971688834,9.116953640748396e-06,1.0860044493368384,0.029808339034321722
119,-10,7,-22.84182389825159,-17.88819952931275,звичайний твел UO₂,4,pivdenno_zakhidna,tvz_z_12_tveh,-11.04182389825159,2.55,5436,47866.778789735275,1265.6809801353652,0.00024729209448945606,6.543861250704328e-06,0.003935553523115643,5.105561201013712e-05,0.0003815462090365596,1.0048989460158294e-05,1.354717669458408,0.03583091874742277
120,-8,6,-20.633459118601273,-17.88819952931275,звичайний твел UO₂,4,pivdenno_zakhidna,tvz_z_12_tveh,-8.833459118601272,2.55,5441,32829.33299331786,1085.1039860442022,0.00016952791621325966,5.609524525002701e-06,0.004202762820910116,4.9249503310887544e-05,0.000276871245293608,8.470286795290226e-06,0.9291303615383215,0.03071582455720526
121,-6,5,-18.425094338950956,-17.88819952931275,звичайний твел UO₂,4,pivdenno_zakhidna,tvz_z_12_tveh,-6.625094338950954,2.55,5446,31436.427700387583,1150.5099578391405,0.00016231048137507742,5.946887869896613e-06,0.004502499470044591,6.560594292800734e-05,0.00028793845530255185,9.684409009073898e-06,0.8897085859368381,0.03256620490237478
122,-4,4,-16.21672955930064,-17.88819952931275,звичайний твел UO₂,4,pivdenno_zakhidna,tvz_z_12_tveh,-4.416729559300636,2.55,5451,31316.121320451977,951.0046915637603,0.00016167628523588052,4.9162289974585e-06,0.004668221136006109,5.1451218432280035e-05,0.00028816308023990936,8.154939002452266e-06,0.8863036946371066,0.02692077455347348
124,0,2,-11.8,-17.88819952931275,звичайний твел UO₂,4,pivdenno_zakhidna,tvz_z_12_tveh,0.0,2.55,5459,37469.94361168815,996.5607428729461,0.00019347692364856206,5.1519009455043955e-06,0.005178212287365872,5.7037194308019954e-05,0.00034187738891138685,8.949756264319274e-06,1.0604681569934584,0.02821214361125965
125,2,1,-9.591635220349684,-17.88819952931275,звичайний твел UO₂,4,pivdenno_zakhidna,tvz_z_12_tveh,2.208364779650318,2.55,5464,35512.153761345704,985.4975838011372,0.00018335031115380236,5.0951343408597005e-06,0.005238731126805431,5.559163589222219e-05,0.0003296022590416042,8.304593243949735e-06,1.005059111922851,0.02789833495602995
126,4,0,-7.383270440699365,-17.88819952931275,звичайний твел UO₂,4,pivdenno_zakhidna,tvz_z_12_tveh,4.416729559300636,2.55,5469,34236.342562539765,1139.4352541089759,0.00017674622789965765,5.889945777780682e-06,0.005384908757598557,7.114690209529324e-05,0.00032177540813497216,8.859331504850153e-06,0.9689513140384869,0.032253691568694044
127,6,-1,-5.1749056610490465,-17.88819952931275,звичайний твел UO₂,4,pivdenno_zakhidna,tvz_z_12_tveh,6.625094338950954,2.55,5474,38176.70663037266,909.2766391597769,0.0001971078667852369,4.700657783168187e-06,0.0054932966926390155,6.0094540533780744e-05,0.0003615705251571896,9.732710187355173e-06,1.0804708472462856,0.02574289610324767
128,8,-2,-2.9665408813987284,-17.88819952931275,звичайний твел UO₂,4,pivdenno_zakhidna,tvz_z_12_tveh,8.833459118601272,2.55,5479,37435.643841776015,863.1772930022536,0.00019328489392206563,4.463328748867944e-06,0.005460272410359695,6.0341868050594855e-05,0.00033925704764563677,7.248130448888878e-06,1.059497410569045,0.02443831219897896
129,10,-3,-0.7581761017484112,-17.88819952931275,звичайний твел UO₂,4,pivdenno_zakhidna,tvz_z_12_tveh,11.04182389825159,2.55,5484,40210.177269489315,1099.0273981540129,0.00020762131274334753,5.681831480791503e-06,0.005590047588379146,6.481419361454773e-05,0.0003640219625175098,9.83725127471423e-06,1.1380217975042326,0.03111247630216685
130,-9,6,-21.73764150842643,-18.52569952931275,звичайний твел UO₂,4,pivdenno_zakhidna,tvz_z_12_tveh,-9.937641508426431,1.9124999999999999,5489,36756.15763323317,1177.7092095928845,0.0001898277427895666,6.088371952882105e-06,0.004118932288037995,5.3672603643727666e-05,0.00031035188462821914,9.641841906524755e-06,1.0402667040928513,0.03333755764856421
131,-7,5,-19.529276728776114,-18.52569952931275,звичайний твел UO₂,4,pivdenno_zakhidna,tvz_z_12_tveh,-7.729276728776114,1.9124999999999999,5494,31154.362931561256,1012.7201331943036,0.0001608584804282325,5.2363085506523476e-06,0.0043248616337884255,5.425606837246266e-05,0.00027288378375013984,8.787573251897646e-06,0.8817256354245577,0.02866703963488493
132,-5,4,-17.320911949125794,-18.52569952931275,твег UO₂-Gd₂O₃,4,pivdenno_zakhidna,tvz_z_12_tveh,-5.520911949125795,1.9124999999999999,5499,10747.433297630643,223.44693331177396,5.536854592813815e-05,1.1541020402210437e-06,0.004011781739609473,4.5204108565352817e-05,0.0007368639471629065,2.1859631694601177e-05,0.3041720825540097,0.00632676345574337
133,-3,3,-15.112547169475478,-18.52569952931275,звичайний твел UO₂,4,pivdenno_zakhidna,tvz_z_12_tveh,-3.312547169475477,1.9124999999999999,5504,34035.55471789173,890.0225891518509,0.000175725092533706,4.600941754628963e-06,0.004875255204797673,5.2526186766585384e-05,0.00031392860580482893,8.772147211131064e-06,0.9632686496137087,0.02519633611315119
134,-1,2,-12.90418238982516,-18.52569952931275,звичайний твел UO₂,4,pivdenno_zakhidna,tvz_z_12_tveh,-1.104182389825159,1.9124999999999999,5509,35851.95219132029,955.9699748119812,0.00018512174958840012,4.943006292033566e-06,0.005049450904395599,5.750754413980278e-05,0.0003224192481992495,8.991127624713751e-06,1.0146760309798633,0.02706300155149913
135,1,1,-10.695817610174842,-18.52569952931275,звичайний твел UO₂,4,pivdenno_zakhidna,tvz_z_12_tveh,1.104182389825159,1.9124999999999999,5514,36950.83881205455,983.0790059834495,0.00019078247855492192,5.082441456473612e-06,0.005271226737922003,6.325547984506825e-05,0.0003347486702172826,9.104371513638898e-06,1.0457765386697473,0.027830477304438567
136,3,0,-8.487452830524523,-18.52569952931275,звичайний твел UO₂,4,pivdenno_zakhidna,tvz_z_12_tveh,3.312547169475477,1.9124999999999999,5519,35986.96041702885,1007.7868788937598,0.00018579863561105206,5.2113197965550054e-06,0.005254771402066831,5.6836260800688014e-05,0.0003339428438093015,8.840928192388906e-06,1.0184970114910656,0.02852919213764839
137,5,-1,-6.279088050874206,-18.52569952931275,звичайний твел UO₂,4,pivdenno_zakhidna,tvz_z_12_tveh,5.520911949125795,1.9124999999999999,5524,35380.69550028181,1010.2984103074557,0.00018266849141477533,5.223335716345636e-06,0.005311447240100625,5.212843206774243e-05,0.0003234392636118551,8.878135394141183e-06,1.0013386019248451,0.028600023348296297
138,7,-2,-4.070723271223887,-18.52569952931275,звичайний твел UO₂,4,pivdenno_zakhidna,tvz_z_12_tveh,7.729276728776114,1.9124999999999999,5529,37576.35478866084,912.8571060565154,0.00019401514220189768,4.719308720816609e-06,0.005393241426729917,6.0536917951592835e-05,0.0003437847421121414,8.916068896204045e-06,1.0634797885533345,0.025843925450068778
139,9,-3,-1.8623584915735698,-18.52569952931275,звичайний твел UO₂,4,pivdenno_zakhidna,tvz_z_12_tveh,9.937641508426431,1.9124999999999999,5534,35920.39128352302,1075.6037466605785,0.00018545077536922933,5.562377140141831e-06,0.005371373570579612,6.032411645196018e-05,0.00034128935503792814,9.286521018189911e-06,1.0166129828665988,0.030448070147942204
140,-10,6,-22.84182389825159,-19.163199529312752,звичайний твел UO₂,4,pivdenno_zakhidna,tvz_z_12_tveh,-11.04182389825159,1.275,5539,45113.82977664203,1089.445005809228,0.00023305153199480063,5.632989142856982e-06,0.003930977956940274,4.5278957584697804e-05,0.0003587069957597902,8.478735446760047e-06,1.2768041610617396,0.030843431186386314
141,-8,5,-20.633459118601273,-19.163199529312752,звичайний твел UO₂,4,pivdenno_zakhidna,tvz_z_12_tveh,-8.833459118601272,1.275,5544,33125.43489369498,1019.941792748156,0.0001710480195074291,5.2724947924523695e-06,0.004250158272155022,5.0297057975672355e-05,0.0002966747544935321,8.607311947087537e-06,0.937510588629916,0.02887206316881564
142,-6,4,-18.425094338950956,-19.163199529312752,звичайний твел UO₂,4,pivdenno_zakhidna,tvz_z_12_tveh,-6.625094338950954,1.275,5549,28649.140828480333,887.3078460553634,0.00014789901601458135,4.588123590915598e-06,0.004297540121858999,4.502030249585133e-05,0.00025840086063623767,7.4490582141083014e-06,0.8108232531299449,0.02511746053551005
143,-4,3,-16.21672955930064,-19.163199529312752,звичайний твел UO₂,4,pivdenno_zakhidna,tvz_z_12_tveh,-4.416729559300636,1.275,5554,30052.07256299527,1041.6641351978542,0.00015514301157955822,5.385044429669806e-06,0.004602465960980387,5.294843739921826e-05,0.0002784906661188685,7.627052516756476e-06,0.8505287954255731,0.029485711990728105
144,-2,2,-14.008364779650318,-19.163199529312752,звичайний твел UO₂,4,pivdenno_zakhidna,tvz_z_12_tveh,-2.208364779650318,1.275,5559,36178.26885294686,1084.2285461882193,0.00018679877199460733,5.60671474190883e-06,0.005016748106724675,5.337119147358094e-05,0.00032423045512687,9.499692435261893e-06,1.0239113912552238,0.030692209080574333
145,0,1,-11.8,-19.163199529312752,звичайний твел UO₂,4,pivdenno_zakhidna,tvz_z_12_tveh,0.0,1.275,5564,38020.049957992116,1021.1414557332022,0.0001963159854948648,5.279710233041213e-06,0.005117785114221348,5.557213249950134e-05,0.0003314874906086977,8.241423078900997e-06,1.076037175972003,0.028907859565182145
146,2,0,-9.591635220349684,-19.163199529312752,звичайний твел UO₂,4,pivdenno_zakhidna,tvz_z_12_tveh,2.208364779650318,1.275,5569,36919.54700383593,1013.1245390787177,0.00019062862871182352,5.23843045470728e-06,0.005178172133714914,5.791948709197571e-05,0.00033655386635831274,8.75154920957549e-06,1.0448909230805035,0.028680585160167537
147,4,-1,-7.383270440699365,-19.163199529312752,звичайний твел UO₂,4,pivdenno_zakhidna,tvz_z_12_tveh,4.416729559300636,1.275,5574,35760.179644624506,1171.2165804165577,0.00018462265574156408,6.055871904439691e-06,0.005283118701382796,5.9372551063511534e-05,0.000331404909155142,1.0435024878688488e-05,1.012078699516927,0.03315350417981615
148,6,-2,-5.1749056610490465,-19.163199529312752,звичайний твел UO₂,4,pivdenno_zakhidna,tvz_z_12_tveh,6.625094338950954,1.275,5579,36889.15407234354,1075.7771386451122,0.0001904590601847237,5.560593773028615e-06,0.005365543760472006,5.4151963184384536e-05,0.0003514966999547123,9.375324618959962e-06,1.0440307473519415,0.03045333222171546
149,8,-3,-2.9665408813987284,-19.163199529312752,звичайний твел UO₂,4,pivdenno_zakhidna,tvz_z_12_tveh,8.833459118601272,1.275,5584,38759.64948225115,1201.711057257321,0.0002001379471538222,6.214060290545584e-06,0.005395192389614015,5.3276421032252387e-05,0.00035617714593074823,1.012612268796641e-05,1.0969691995835775,0.0340174128898184
150,10,-4,-0.7581761017484112,-19.163199529312752,звичайний твел UO₂,4,pivdenno_zakhidna,tvz_z_12_tveh,11.04182389825159,1.275,5589,38988.72564303409,1061.1585162242566,0.00020130603370052772,5.486144673296381e-06,0.005320278234647066,6.305229440850386e-05,0.0003482850406239993,8.754017150687134e-06,1.1034524752605883,0.03004050762636384
151,-9,5,-21.73764150842643,-19.80069952931275,звичайний твел UO₂,4,pivdenno_zakhidna,tvz_z_12_tveh,-9.937641508426431,0.6375,5594,37178.16447966981,975.6013030633396,0.00019202551913011592,5.043809645169285e-06,0.004017629072240707,5.789140225484585e-05,0.0003119226343320531,7.334373365688878e-06,1.0522102721781708,0.02761899607832151
152,-7,4,-19.529276728776114,-19.80069952931275,звичайний твел UO₂,4,pivdenno_zakhidna,tvz_z_12_tveh,-7.729276728776114,0.6375,5599,32278.34377901289,947.410235076849,0.0001666605077852706,4.8970887459087844e-06,0.004308804763002169,5.517538357221268e-05,0.0002918047493374155,8.428639740822869e-06,0.913536355775393,0.026819416574803415
153,-5,3,-17.320911949125794,-19.80069952931275,звичайний твел UO₂,4,pivdenno_zakhidna,tvz_z_12_tveh,-5.520911949125795,0.6375,5604,28499.59552384447,854.6764194712696,0.00014712253317297934,4.4184878518883565e-06,0.004493872920884314,5.0633958056519813e-05,0.00026571271967309573,7.960734146991383e-06,0.8065908466113305,0.02419406866115456
154,-3,2,-15.112547169475478,-19.80069952931275,звичайний твел UO₂,4,pivdenno_zakhidna,tvz_z_12_tveh,-3.312547169475477,0.6375,5609,33888.056680549875,933.4496687227207,0.0001749697471767601,4.826302304952657e-06,0.004756531733722054,5.18686696637997e-05,0.0003045796408004297,8.047125269580593e-06,0.9590941845160008,0.02642501536330602
155,-1,1,-12.90418238982516,-19.80069952931275,звичайний твел UO₂,4,pivdenno_zakhidna,tvz_z_12_tveh,-1.104182389825159,0.6375,5614,35781.105525621846,1118.4181393929082,0.00018474369183983864,5.781439679746862e-06,0.0049451466422405325,5.671806246405808e-05,0.00031187136143889197,8.208049362671347e-06,1.0126709403455947,0.03165949838205601
156,1,0,-10.695817610174842,-19.80069952931275,звичайний твел UO₂,4,pivdenno_zakhidna,tvz_z_12_tveh,1.104182389825159,0.6375,5619,36954.56450198795,1003.6495349496272,0.00019081597026400734,5.188789545071677e-06,0.005038834724031099,6.294530146385308e-05,0.0003345202912810322,9.039414777340267e-06,1.0458819825310497,0.028412508059197473
158,5,-2,-6.279088050874206,-19.80069952931275,звичайний твел UO₂,4,pivdenno_zakhidna,tvz_z_12_tveh,5.520911949125795,0.6375,5627,34222.01821726599,936.3784988451683,0.00017668799943198728,4.8417509368895056e-06,0.005201537006077477,5.4732196111782294e-05,0.00031862158048462965,8.06626619569009e-06,0.9685459087838103,0.026508017569725005
160,9,-4,-1.8623584915735698,-19.80069952931275,звичайний твел UO₂,4,pivdenno_zakhidna,tvz_z_12_tveh,9.937641508426431,0.6375,5635,36391.816683696576,1026.2339334153698,0.0001878851464716148,5.306079282122795e-06,0.005302366802309317,5.9665858595910825e-05,0.0003294562704847504,8.327742553480308e-06,1.0299551866997,0.029051307243049173
161,-10,5,-22.84182389825159,-20.43819952931275,звичайний твел UO₂,4,pivdenno_zakhidna,tvz_z_12_tveh,-11.04182389825159,0.0,5640,45487.90025938185,1234.97123838958,0.00023499058090614835,6.3859240041158355e-06,0.0038693558197214583,4.916637912771201e-05,0.00036483638111392596,9.89875321607122e-06,1.2873910420970507,0.034961045136621606
162,-8,4,-20.633459118601273,-20.43819952931275,звичайний твел UO₂,4,pivdenno_zakhidna,tvz_z_12_tveh,-8.833459118601272,0.0,5645,32267.829807261165,814.739760410828,0.00016662419591696335,4.212367138553701e-06,0.004077964487611047,4.7825811083703446e-05,0.0002863339682618798,7.293109817603595e-06,0.9132387910829617,0.023065565820024343
163,-6,3,-18.425094338950956,-20.43819952931275,звичайний твел UO₂,4,pivdenno_zakhidna,tvz_z_12_tveh,-6.625094338950954,0.0,5650,30649.22746203329,1005.3313370723054,0.00015823695828234036,5.198461500575617e-06,0.0042898506428070545,5.022239741106517e-05,0.0002775912237153969,9.076477558541481e-06,0.8674293747748553,0.02845779284465339
164,-4,2,-16.21672955930064,-20.43819952931275,звичайний твел UO₂,4,pivdenno_zakhidna,tvz_z_12_tveh,-4.416729559300636,0.0,5655,31399.608380031757,947.6347453759126,0.0001621058397701621,4.898983522369412e-06,0.0046222628888605705,5.8430344200315475e-05,0.00028273086095724655,8.321469680712683e-06,0.8886665316118,0.026825448776329787
165,-2,1,-14.008364779650318,-20.43819952931275,звичайний твел UO₂,4,pivdenno_zakhidna,tvz_z_12_tveh,-2.208364779650318,0.0,5660,35411.2048981753,909.4306047300523,0.00018283920705716397,4.701883325990725e-06,0.004951739911281942,5.3315923216455656e-05,0.000317320074579434,8.114280993488801e-06,1.0022020738662603,0.0257460378940655
167,2,-1,-9.591635220349684,-20.43819952931275,звичайний твел UO₂,4,pivdenno_zakhidna,tvz_z_12_tveh,2.208364779650318,0.0,5668,36271.94527133585,910.5248102884907,0.00018728598112732381,4.7074302717097605e-06,0.005023458721020689,5.793523781851575e-05,0.0003276355601501651,8.292833497683065e-06,1.02656260578045,0.02577736463482636
168,4,-2,-7.383270440699365,-20.43819952931275,звичайний твел UO₂,4,pivdenno_zakhidna,tvz_z_12_tveh,4.416729559300636,0.0,5673,34010.0913124706,966.683286220665,0.00017559882668719893,4.996477597380426e-06,0.005000963833734325,5.8799008218967855e-05,0.00030818523298333455,7.983628565865779e-06,0.9625479885180431,0.02736540473973496
169,6,-3,-5.1749056610490465,-20.43819952931275,звичайний твел UO₂,4,pivdenno_zakhidna,tvz_z_12_tveh,6.625094338950954,0.0,5678,35151.76349343514,896.0810296790748,0.0001814889040551449,4.633445915811682e-06,0.00517200643107367,5.457167357037602e-05,0.0003316755845372394,8.42549883575416e-06,0.9948594060687358,0.02536822101394873
170,8,-4,-2.9665408813987284,-20.43819952931275,звичайний твел UO₂,4,pivdenno_zakhidna,tvz_z_12_tveh,8.833459118601272,0.0,5683,36715.98560503196,991.0943395713822,0.0001895713076106883,5.125192095162864e-06,0.005198398376674415,5.6781860932010426e-05,0.0003314087683000966,9.169201008189804e-06,1.039129761983978,0.02805717028287616
171,10,-5,-0.7581761017484112,-20.43819952931275,звичайний твел UO₂,4,pivdenno_zakhidna,tvz_z_12_tveh,11.04182389825159,0.0,5688,39074.84506741956,1093.4793663489108,0.00020175603592538312,5.653433438273877e-06,0.005230256050245936,5.907209029998249e-05,0.0003529258954333445,9.58516872255609e-06,1.1058898129893515,0.03095505061179266
172,-9,4,-21.73764150842643,-21.07569952931275,звичайний твел UO₂,4,pivdenno_zakhidna,tvz_z_12_tveh,-9.937641508426431,-0.6375,5693,35854.835705668025,1014.5675926047442,0.0001851795288648643,5.245795250516546e-06,0.0038783885680224073,4.971591068983763e-05,0.00029904180596480596,8.386809466218934e-06,1.0147576397268017,0.028721001406947732
174,-5,2,-17.320911949125794,-21.07569952931275,звичайний твел UO₂,4,pivdenno_zakhidna,tvz_z_12_tveh,-5.520911949125795,-0.6375,5701,30861.091928509104,872.6082023066455,0.0001593323416447441,4.511725851866056e-06,0.0044975347075608355,5.229294414003918e-05,0.00027260372976341317,6.485642044670354e-06,0.8734255279216118,0.02470233682081337
176,-1,0,-12.90418238982516,-21.07569952931275,звичайний твел UO₂,4,pivdenno_zakhidna,tvz_z_12_tveh,-1.104182389825159,-0.6375,5709,35705.27357089321,1087.9132029822454,0.00018436638351867858,5.625865964742241e-06,0.0047533312798809365,4.867172024966929e-05,0.0003186949834831135,9.458919487559122e-06,1.0105247568843738,0.030796299840304204
177,1,-1,-10.695817610174842,-21.07569952931275,звичайний твел UO₂,4,pivdenno_zakhidna,tvz_z_12_tveh,1.104182389825159,-0.6375,5714,36031.647717347834,1078.5281990404974,0.00018604985644691052,5.57555923514702e-06,0.004962131624554352,5.593427557226123e-05,0.00032471171387804315,9.056394017909062e-06,1.019761744085846,0.03053086014542417
178,3,-2,-8.487452830524523,-21.07569952931275,звичайний твел UO₂,4,pivdenno_zakhidna,tvz_z_12_tveh,3.312547169475477,-0.6375,5719,36252.43757818019,1047.5674997786034,0.00018718180260314025,5.415340017759969e-06,0.004968555848102332,6.387464523847592e-05,0.00032650460197391346,8.75648909011802e-06,1.026010502269904,0.02965489126485011
179,5,-3,-6.279088050874206,-21.07569952931275,звичайний твел UO₂,4,pivdenno_zakhidna,tvz_z_12_tveh,5.520911949125795,-0.6375,5724,31077.714563710484,865.4490372875865,0.00016043785272492505,4.475290641814633e-06,0.0048428166890527044,5.622107618972343e-05,0.00029227210943616965,7.736601851885375e-06,0.8795563459739617,0.024499852433519105
180,7,-4,-4.070723271223887,-21.07569952931275,звичайний твел UO₂,4,pivdenno_zakhidna,tvz_z_12_tveh,7.729276728776114,-0.6375,5729,34811.27945651017,1065.822614636146,0.0001797378325721837,5.510947082536859e-06,0.005040894578748249,5.5401950173932306e-05,0.0003254254953133648,1.0252230392122197e-05,0.9852230830770226,0.030170906465364616
181,9,-5,-1.8623584915735698,-21.07569952931275,звичайний твел UO₂,4,pivdenno_zakhidna,tvz_z_12_tveh,9.937641508426431,-0.6375,5734,35952.46533594218,1028.1968563395687,0.00018563131369580461,5.315129590656301e-06,0.005077798853680397,6.049742580713225e-05,0.0003316933873373081,9.675911692760597e-06,1.0175207374020405,0.029106680443184183
182,-10,4,-22.84182389825159,-21.71319952931275,звичайний твел UO₂,4,pivdenno_zakhidna,tvz_z_12_tveh,-11.04182389825159,-1.275,5739,43641.836772626724,1250.6840288165104,0.000225453186171337,6.465385064891676e-06,0.003797986795981532,5.907251008932444e-05,0.0003607315097897558,9.842287091980558e-06,1.235144058120233,0.03540491780917207
183,-8,3,-20.633459118601273,-21.71319952931275,звичайний твел UO₂,4,pivdenno_zakhidna,tvz_z_12_tveh,-8.833459118601272,-1.275,5744,33387.290740790246,1107.7842451649487,0.00017241240705619823,5.727112452741873e-06,0.004055705411530141,5.376319096127543e-05,0.0002844700672232313,8.019887360424336e-06,0.9449215895762972,0.031357788154303706
184,-6,2,-18.425094338950956,-21.71319952931275,звичайний твел UO₂,4,pivdenno_zakhidna,tvz_z_12_tveh,-6.625094338950954,-1.275,5749,29705.121871255877,923.1274763825043,0.000153368951862427,4.77229366682588e-06,0.004199860638749978,5.613858059436641e-05,0.00026971283135731456,8.1656990183935e-06,0.8407094542370876,0.02613138928775504
185,-4,1,-16.21672955930064,-21.71319952931275,звичайний твел UO₂,4,pivdenno_zakhidna,tvz_z_12_tveh,-4.416729559300636,-1.275,5754,30820.537889283492,874.8600234999062,0.00015912368798676023,4.522717061739097e-06,0.004492166535027323,4.975770053241034e-05,0.0002772285270481212,7.737668125761377e-06,0.8722777741998045,0.024766036733242857
186,-2,0,-14.008364779650318,-21.71319952931275,звичайний твел UO₂,4,pivdenno_zakhidna,tvz_z_12_tveh,-2.208364779650318,-1.275,5759,35046.19155462201,1058.8355054598592,0.00018097277907607218,5.475653546869336e-06,0.004625908162155536,5.1897866898415894e-05,0.00032200990403775747,8.540023811302586e-06,0.9918715264886753,0.02997328327394076
187,0,-1,-11.8,-21.71319952931275,звичайний твел UO₂,4,pivdenno_zakhidna,tvz_z_12_tveh,0.0,-1.275,5764,34165.85763216332,1069.8357870313096,0.00017640305794924113,5.5309103787996415e-06,0.00477885763171803,5.4183216350944185e-05,0.0003109790534306036,8.920193409351329e-06,0.9669564611775715,0.030284237636878094
188,2,-2,-9.591635220349684,-21.71319952931275,звичайний твел UO₂,4,pivdenno_zakhidna,tvz_z_12_tveh,2.208364779650318,-1.275,5769,34789.84045056092,1071.4478287373934,0.00017963389770087493,5.53901574166754e-06,0.004862516807177816,5.9363884749050316e-05,0.0003236202901026939,9.36176115486806e-06,0.9846163198706941,0.030330070397373662
189,4,-3,-7.383270440699365,-21.71319952931275,звичайний твел UO₂,4,pivdenno_zakhidna,tvz_z_12_tveh,4.416729559300636,-1.275,5774,32169.495280423384,1029.8296013204908,0.00016608599893075016,5.324309488651505e-06,0.004732893534664366,5.9980677859682494e-05,0.0002847983963122021,8.469848310569995e-06,0.9104557435415729,0.029151521321313306
190,6,-4,-5.1749056610490465,-21.71319952931275,звичайний твел UO₂,4,pivdenno_zakhidna,tvz_z_12_tveh,6.625094338950954,-1.275,5779,32033.115518984607,1008.0378252129113,0.000165382735249946,5.212109709025658e-06,0.0048376399625777245,5.9963694334866256e-05,0.00030183379316701904,1.00858304243672e-05,0.9065959460526044,0.028534844815675003
191,8,-5,-2.9665408813987284,-21.71319952931275,звичайний твел UO₂,4,pivdenno_zakhidna,tvz_z_12_tveh,8.833459118601272,-1.275,5784,34389.05019588398,1102.4655752202289,0.00017755932276940605,5.6995027885891425e-06,0.00491929825741459,5.247937709624888e-05,0.0003186814654945086,1.02924711240818e-05,0.9732732202620357,0.031207620596634476
192,10,-6,-0.7581761017484112,-21.71319952931275,звичайний твел UO₂,4,pivdenno_zakhidna,tvz_z_12_tveh,11.04182389825159,-1.275,5789,35316.24305915339,978.4160613793916,0.000182341231819908,5.059337817267838e-06,0.004941678296858234,6.055330109872052e-05,0.00032080767719100324,8.670500087959538e-06,0.9995144795785319,0.027697888171734072
193,-9,3,-21.73764150842643,-22.350699529312752,звичайний твел UO₂,4,pivdenno_zakhidna,tvz_z_12_tveh,-9.937641508426431,-1.9124999999999999,5794,35972.94423409467,1080.9953848808086,0.00018578646254571518,5.5893206464569105e-06,0.003877460418105517,4.844013006938874e-05,0.00029939659530241305,9.375519909414988e-06,1.0181003277960397,0.030600649904361704
194,-7,2,-19.529276728776114,-22.350699529312752,звичайний твел UO₂,4,pivdenno_zakhidna,tvz_z_12_tveh,-7.729276728776114,-1.9124999999999999,5799,31441.72022105827,1062.148533251515,0.00016234637684144927,5.4903070386383826e-06,0.004083000838862931,5.5764978899106336e-05,0.0002747338866904799,8.771688046235612e-06,0.8898583739829493,0.03006580393337764
195,-5,1,-17.320911949125794,-22.350699529312752,звичайний твел UO₂,4,pivdenno_zakhidna,tvz_z_12_tveh,-5.520911949125795,-1.9124999999999999,5804,29708.75795550283,881.0546888735385,0.0001533803636784405,4.554100708920973e-06,0.004327858176350644,5.0520003171700015e-05,0.0002720714311845184,7.003175576919601e-06,0.8408123620930481,0.02494090121621539
196,-3,0,-15.112547169475478,-22.350699529312752,звичайний твел UO₂,4,pivdenno_zakhidna,tvz_z_12_tveh,-3.312547169475477,-1.9124999999999999,5809,32434.935569837184,941.3752339595916,0.00016747207818573601,4.867958768623585e-06,0.004561526002176041,5.106841118131345e-05,0.0002951123747023022,8.171819117566347e-06,0.9179681907825838,0.026648711640612357
197,-1,-1,-12.90418238982516,-22.350699529312752,звичайний твел UO₂,4,pivdenno_zakhidna,tvz_z_12_tveh,-1.104182389825159,-1.9124999999999999,5814,33850.49735726271,997.1109190746052,0.00017478165391877372,5.154029197115053e-06,0.004679308938056857,6.303835050964322e-05,0.0003038089708915512,8.756638525010952e-06,0.9580311867501907,0.028226305513841095
198,1,-2,-10.695817610174842,-22.350699529312752,звичайний твел UO₂,4,pivdenno_zakhidna,tvz_z_12_tveh,1.104182389825159,-1.9124999999999999,5819,34952.85843182915,1059.641008118523,0.00018047519786516534,5.4785607056748435e-06,0.004774229447394088,5.794110579222599e-05,0.000312330695187482,9.305981948624913e-06,0.9892300278587248,0.029996042233659908
199,3,-3,-8.487452830524523,-22.350699529312752,звичайний твел UO₂,4,pivdenno_zakhidna,tvz_z_12_tveh,3.312547169475477,-1.9124999999999999,5824,34754.97683514799,897.2881808818,0.00017945961067292914,4.639459579746423e-06,0.0047728266695630205,6.084888342568514e-05,0.0003148641456803098,8.126655265766267e-06,0.9836296155840202,0.02540220779780267
200,5,-4,-6.279088050874206,-22.350699529312752,твег UO₂-Gd₂O₃,4,pivdenno_zakhidna,tvz_z_12_tveh,5.520911949125795,-1.9124999999999999,5829,11563.65675570806,263.6800825747699,5.957273573279093e-05,1.3620586787602973e-06,0.004336852886688437,5.596676934451641e-05,0.000773096724313672,2.685888651121173e-05,0.32727270408823,0.007465382262672031
201,7,-5,-4.070723271223887,-22.350699529312752,звичайний твел UO₂,4,pivdenno_zakhidna,tvz_z_12_tveh,7.729276728776114,-1.9124999999999999,5834,31696.942235858594,961.7289819697401,0.00016365177709323935,4.972858187396967e-06,0.00472861024603007,4.8034703099893886e-05,0.0002851616726749083,7.048270465803114e-06,0.8970816253031096,0.027224364659290384
202,9,-6,-1.8623584915735698,-22.350699529312752,звичайний твел UO₂,4,pivdenno_zakhidna,tvz_z_12_tveh,9.937641508426431,-1.9124999999999999,5839,32971.32288684994,1008.4315766341292,0.00017023616745504412,5.21351362884252e-06,0.004828253379247754,6.448846448725768e-05,0.0002999548438271946,8.207900772078166e-06,0.9331489360594396,0.028546314748369935
203,-10,3,-22.84182389825159,-22.98819952931275,звичайний твел UO₂,4,pivdenno_zakhidna,tvz_z_12_tveh,-11.04182389825159,-2.55,5844,43470.94340046829,1366.5223220360476,0.00022457910025779044,7.0644200942888974e-06,0.0037665302110200935,5.69135896946349e-05,0.00035304155157962704,1.032676310187023e-05,1.2303074621196264,0.03868259447121497
204,-8,2,-20.633459118601273,-22.98819952931275,звичайний твел UO₂,4,pivdenno_zakhidna,tvz_z_12_tveh,-8.833459118601272,-2.55,5849,31539.97771267855,975.1519420729197,0.00016286863239696827,5.041517814782878e-06,0.003902811395935603,4.7711018624464e-05,0.00027729362220959295,8.319646471294856e-06,0.8926392412863325,0.027604125791855505
205,-6,1,-18.425094338950956,-22.98819952931275,звичайний твел UO₂,4,pivdenno_zakhidna,tvz_z_12_tveh,-6.625094338950954,-2.55,5854,30642.98411465907,974.9965434062881,0.00015821622210391927,5.040457531202303e-06,0.0042667490848120925,5.6387095393136045e-05,0.0002791656107158571,8.61407446890107e-06,0.8672526765883829,0.027599418147191312
206,-4,0,-16.21672955930064,-22.98819952931275,звичайний твел UO₂,4,pivdenno_zakhidna,tvz_z_12_tveh,-4.416729559300636,-2.55,5859,27948.10954462259,824.1137843905284,0.0001442741121891995,4.260079724718217e-06,0.004401377620882659,5.084088530218492e-05,0.0002588668970280689,7.0073053149782665e-06,0.7909827814897507,0.02332907625681932
207,-2,-1,-14.008364779650318,-22.98819952931275,звичайний твел UO₂,4,pivdenno_zakhidna,tvz_z_12_tveh,-2.208364779650318,-2.55,5864,32014.493586097382,880.6727764255329,0.0001653007023881073,4.553529266273926e-06,0.004525966571547241,5.325024610026435e-05,0.0003005880798089481,8.976890270197821e-06,0.9060689111829172,0.024930971697413457
208,0,-2,-11.8,-22.98819952931275,звичайний твел UO₂,4,pivdenno_zakhidna,tvz_z_12_tveh,0.0,-2.55,5869,33962.375119246724,870.3415683473008,0.0001753640348276411,4.499895959226516e-06,0.004649354357110916,5.424099413112076e-05,0.00031738593581521145,8.145030095859838e-06,0.9611975326964047,0.024639455774204722
210,4,-4,-7.383270440699365,-22.98819952931275,звичайний твел UO₂,4,pivdenno_zakhidna,tvz_z_12_tveh,4.416729559300636,-2.55,5877,30302.210132738142,958.5170628033051,0.00015643903474649962,4.955366591632814e-06,0.00463580371387274,6.137721193099308e-05,0.0002755744965573503,7.887332451326533e-06,0.8576081476212701,0.027132990870917136
211,6,-5,-5.1749056610490465,-22.98819952931275,звичайний твел UO₂,4,pivdenno_zakhidna,tvz_z_12_tveh,6.625094338950954,-2.55,5882,31203.843889703432,849.7391924292467,0.00016109913979255413,4.392330947621441e-06,0.0046822622101841006,5.559797705096458e-05,0.00029127160017306073,7.919769928836632e-06,0.8831260373315127,0.024055397111027953
212,8,-6,-2.9665408813987284,-22.98819952931275,звичайний твел UO₂,4,pivdenno_zakhidna,tvz_z_12_tveh,8.833459118601272,-2.55,5887,31981.909966693962,860.6276060496838,0.00016512350744303018,4.449514603441478e-06,0.004663019802668507,6.013770939273194e-05,0.0002974335269901611,8.48401679001415e-06,0.9051467349668275,0.02436379052154452
213,10,-7,-0.7581761017484112,-22.98819952931275,звичайний твел UO₂,4,pivdenno_zakhidna,tvz_z_12_tveh,11.04182389825159,-2.55,5892,35875.608077733006,1179.7444709867634,0.00018524578691182252,6.099399025550153e-06,0.004768086124442601,5.76051614453273e-05,0.00032215413416169397,9.378974354089269e-06,1.0153455359710133,0.03339485433949519
214,-9,2,-21.73764150842643,-23.62569952931275,звичайний твел UO₂,4,pivdenno_zakhidna,tvz_z_12_tveh,-9.937641508426431,-3.1875,5897,33566.568420051386,1059.6563449092125,0.00017334220488425347,5.477591245800271e-06,0.0038254762310103926,5.566973785052616e-05,0.00028788329823138925,8.514244390138516e-06,0.949995476852093,0.02999598974179806
215,-7,1,-19.529276728776114,-23.62569952931275,звичайний твел UO₂,4,pivdenno_zakhidna,tvz_z_12_tveh,-7.729276728776114,-3.1875,5902,30624.091636573652,971.5495157279438,0.0001581300368701267,5.022898260083049e-06,0.004081377848990766,6.069620662994064e-05,0.0002814580364952793,8.613643487360948e-06,0.8667179847931694,0.027501873015137682
216,-5,0,-17.320911949125794,-23.62569952931275,звичайний твел UO₂,4,pivdenno_zakhidna,tvz_z_12_tveh,-5.520911949125795,-3.1875,5907,28874.262265770474,931.0179020753523,0.00014908577287851021,4.8140935659693975e-06,0.004205345394689507,4.600040753097112e-05,0.00027201867105226916,8.579392013717381e-06,0.8171946028756735,0.026354375150859057
217,-3,-1,-15.112547169475478,-23.62569952931275,звичайний твел UO₂,4,pivdenno_zakhidna,tvz_z_12_tveh,-3.312547169475477,-3.1875,5912,30508.919484218975,956.957548204169,0.000157514170220226,4.947287732218497e-06,0.004473805845571532,5.629844326201569e-05,0.0002820799416972511,8.160595651520087e-06,0.8634584015546605,0.027088933502640408
219,1,-3,-10.695817610174842,-23.62569952931275,звичайний твел UO₂,4,pivdenno_zakhidna,tvz_z_12_tveh,1.104182389825159,-3.1875,5920,31948.90041419261,977.4017940917339,0.00016494277325113942,5.0522124504431165e-06,0.004624043328946449,5.716782739252996e-05,0.00029242839043043913,8.899589545061585e-06,0.904212504062531,0.027667932138756006
220,3,-4,-8.487452830524523,-23.62569952931275,звичайний твел UO₂,4,pivdenno_zakhidna,tvz_z_12_tveh,3.312547169475477,-3.1875,5925,32642.048700917327,949.9981002379053,0.00016853215357138677,4.9102826365383635e-06,0.004667524070171949,6.212762600224305e-05,0.0002966073546955476,8.79144760581445e-06,0.9238298724195211,0.026892776530525127
221,5,-5,-6.279088050874206,-23.62569952931275,звичайний твел UO₂,4,pivdenno_zakhidna,tvz_z_12_tveh,5.520911949125795,-3.1875,5930,29926.128910008374,893.5772297591695,0.00015449393941971906,4.61987510222007e-06,0.004504807340841973,5.803129796736165e-05,0.00026898221430084543,7.659260314231895e-06,0.8469643589547807,0.025295314648919195
222,7,-6,-4.070723271223887,-23.62569952931275,звичайний твел UO₂,4,pivdenno_zakhidna,tvz_z_12_tveh,7.729276728776114,-3.1875,5935,30474.37865847935,952.3441515471934,0.00015733194041579358,4.924215167562392e-06,0.004474395062657949,5.555575564223675e-05,0.00028414879502778624,9.250536147374008e-06,0.8624808328080209,0.026958379476783083
223,9,-7,-1.8623584915735698,-23.62569952931275,звичайний твел UO₂,4,pivdenno_zakhidna,tvz_z_12_tveh,9.937641508426431,-3.1875,5940,31907.311697728255,874.935858885364,0.00016473228073605109,4.523940167190771e-06,0.0046615306772744385,5.2012815797336025e-05,0.0002895900489479587,7.793561488121389e-06,0.9030354670763605,0.024768605316148374
224,-10,2,-22.84182389825159,-24.26319952931275,звичайний твел UO₂,4,pivdenno_zakhidna,tvz_z_12_tveh,-11.04182389825159,-3.8249999999999997,5945,40557.23528081966,1180.5945390294337,0.00020950979415947923,6.104585055464267e-06,0.0037014820871790867,5.4446295210444327e-05,0.0003340589678549731,9.281739313145407e-06,1.1478441760340605,0.03342055339024559
225,-8,1,-20.633459118601273,-24.26319952931275,звичайний твел UO₂,4,pivdenno_zakhidna,tvz_z_12_tveh,-8.833459118601272,-3.8249999999999997,5950,27679.541478664047,906.9979993041903,0.00014290940821580722,4.688940064002876e-06,0.003860343944832938,4.923650900974427e-05,0.00025446325286371816,8.784395423897525e-06,0.7833818124334344,0.02567429224529446
227,-4,-1,-16.21672955930064,-24.26319952931275,твег UO₂-Gd₂O₃,4,pivdenno_zakhidna,tvz_z_12_tveh,-4.416729559300636,-3.8249999999999997,5958,10210.18153338735,266.8711294041525,5.2595344400436745e-05,1.3779594826730873e-06,0.0038701629182428077,5.1196113354793165e-05,0.0006974340143723561,2.4259246013556863e-05,0.2889668718343744,0.007555062640777025
228,-2,-2,-14.008364779650318,-24.26319952931275,звичайний твел UO₂,4,pivdenno_zakhidna,tvz_z_12_tveh,-2.208364779650318,-3.8249999999999997,5963,31172.922692110395,942.6452122104541,0.00016095624916033879,4.8726848453491655e-06,0.004469847151253394,5.2050900551790344e-05,0.00028592874176078226,9.324856490741929e-06,0.8822509107029984,0.026684184056604214
229,0,-3,-11.8,-24.26319952931275,звичайний твел UO₂,4,pivdenno_zakhidna,tvz_z_12_tveh,0.0,-3.8249999999999997,5968,32304.600098426432,1032.2413797596926,0.0001668019374701993,5.336703096111237e-06,0.004611828013984533,6.009706712336295e-05,0.00029757789133188714,9.16772902319206e-06,0.9142794577919444,0.02921981213166522
230,2,-4,-9.591635220349684,-24.26319952931275,звичайний твел UO₂,4,pivdenno_zakhidna,tvz_z_12_tveh,2.208364779650318,-3.8249999999999997,5973,32427.133190880533,1036.6342979609499,0.00016743847862410612,5.358857720438648e-06,0.004610180498486279,6.261166368725827e-05,0.000290923427873955,8.476270207605497e-06,0.9177473691416956,0.02934415805293686
231,4,-5,-7.383270440699365,-24.26319952931275,звичайний твел UO₂,4,pivdenno_zakhidna,tvz_z_12_tveh,4.416729559300636,-3.8249999999999997,5978,31394.29008285304,831.0816608132868,0.00016208335110073628,4.296179528784671e-06,0.004586562248363177,5.700087256728834e-05,0.00028685366876885594,7.413084646687361e-06,0.8885160140432147,0.023527572144990377
233,8,-7,-2.9665408813987284,-24.26319952931275,звичайний твел UO₂,4,pivdenno_zakhidna,tvz_z_12_tveh,8.833459118601272,-3.8249999999999997,5986,29003.046496047966,845.096683508294,0.00014971939235040264,4.3686640870228666e-06,0.004506280048721717,5.3810407508395065e-05,0.00027451420557949153,8.399962743774315e-06,0.8208394328959031,0.02392318890754906
234,10,-8,-0.7581761017484112,-24.26319952931275,звичайний твел UO₂,4,pivdenno_zakhidna,tvz_z_12_tveh,11.04182389825159,-3.8249999999999997,5991,35042.746532465426,1020.9017123343052,0.00018095988529123324,5.278949159487112e-06,0.004509137591930746,4.747805581875764e-05,0.0003068067904268369,9.086715954786373e-06,0.9917740260404478,0.028899919917036932
235,-9,1,-21.73764150842643,-24.90069952931275,звичайний твел UO₂,4,pivdenno_zakhidna,tvz_z_12_tveh,-9.937641508426431,-4.4624999999999995,5996,31483.388988786624,939.6194355275067,0.00016258235121855208,4.858056960434415e-06,0.003775681976919246,4.631575285022037e-05,0.00027216135414258715,8.207826934801733e-06,0.8910376765667753,0.02659867938592784
236,-7,0,-19.529276728776114,-24.90069952931275,звичайний твел UO₂,4,pivdenno_zakhidna,tvz_z_12_tveh,-7.729276728776114,-4.4624999999999995,6001,28196.463629722424,888.833829870604,0.00014557938865989808,4.5950734319193545e-06,0.004032341342298228,5.2406055386839774e-05,0.00026313573358589424,8.384730344128632e-06,0.7980116577975724,0.025160482947119193
237,-5,-1,-17.320911949125794,-24.90069952931275,звичайний твел UO₂,4,pivdenno_zakhidna,tvz_z_12_tveh,-5.520911949125795,-4.4624999999999995,6006,27687.719820225855,875.2419572033707,0.00014294098474738816,4.524983538252262e-06,0.004145838787030207,5.2884423957037713e-05,0.0002626715215178043,8.304523115992908e-06,0.7836132745058941,0.024775707104040784
238,-3,-2,-15.112547169475478,-24.90069952931275,звичайний твел UO₂,4,pivdenno_zakhidna,tvz_z_12_tveh,-3.312547169475477,-4.4624999999999995,6011,29260.744536668946,861.546787268579,0.00015106653761083686,4.454268288525617e-06,0.0043425467037759135,5.366662159072021e-05,0.0002693196302301608,8.37689196898881e-06,0.8281327602899937,0.024388748477382868
239,-1,-3,-12.90418238982516,-24.90069952931275,звичайний твел UO₂,4,pivdenno_zakhidna,tvz_z_12_tveh,-1.104182389825159,-4.4624999999999995,6016,31357.1302964093,1030.0314363588968,0.00016190627184887803,5.324664831634623e-06,0.0043953495025534466,4.950863356905726e-05,0.00027965964653622357,8.305037952020652e-06,0.8874643239031749,0.0291569606546673
240,1,-4,-10.695817610174842,-24.90069952931275,звичайний твел UO₂,4,pivdenno_zakhidna,tvz_z_12_tveh,1.104182389825159,-4.4624999999999995,6021,32308.2646189574,988.3056531621239,0.00016681411497382063,5.109695812625328e-06,0.004585494142892925,4.9558792969912236e-05,0.00029258544188005543,8.418357409000673e-06,0.9143831704469196,0.027976595633485507
241,3,-5,-8.487452830524523,-24.90069952931275,звичайний твел UO₂,4,pivdenno_zakhidna,tvz_z_12_tveh,3.312547169475477,-4.4624999999999995,6026,30967.026226892405,1112.1407368363084,0.0001598742809389065,5.750534100620102e-06,0.0044819377228192715,5.5086247267199846e-05,0.0002794998438186625,8.821455862729337e-06,0.8764236629423938,0.031480303421193775
242,5,-6,-6.279088050874206,-24.90069952931275,звичайний твел UO₂,4,pivdenno_zakhidna,tvz_z_12_tveh,5.520911949125795,-4.4624999999999995,6031,31865.017040532846,998.4073155792445,0.00016453119223208484,5.161986915969272e-06,0.0043941866859541325,4.637060212146918e-05,0.00028400031699232954,7.631634628042028e-06,0.901838450672186,0.02826227861904883
243,7,-7,-4.070723271223887,-24.90069952931275,звичайний твел UO₂,4,pivdenno_zakhidna,tvz_z_12_tveh,7.729276728776114,-4.4624999999999995,6036,29115.931698988155,915.2842700615406,0.00015032460989670017,4.732989119806079e-06,0.004338951444336332,5.3760067161231546e-05,0.00027390383847831443,8.223540295040479e-06,0.8240342912697084,0.025909251120169098
244,9,-8,-1.8623584915735698,-24.90069952931275,звичайний твел UO₂,4,pivdenno_zakhidna,tvz_z_12_tveh,9.937641508426431,-4.4624999999999995,6041,31495.729875846973,966.2637727010434,0.00016262666495218337,4.996720361910209e-06,0.00433878906887851,4.999923130373084e-05,0.0002798028838418574,8.499976507078494e-06,0.8913869463146078,0.027352609542586212
245,-10,1,-22.84182389825159,-25.53819952931275,звичайний твел UO₂,4,pivdenno_zakhidna,tvz_z_12_tveh,-11.04182389825159,-5.1,6046,39448.587305928864,986.2082323561395,0.00020377509909336048,5.098349196661485e-06,0.0037058202845963732,4.6929024661772e-05,0.0003298213988946558,8.17970348425964e-06,1.1164674041106506,0.027920066212828172
246,-8,0,-20.633459118601273,-25.53819952931275,твег UO₂-Gd₂O₃,4,pivdenno_zakhidna,tvz_z_12_tveh,-8.833459118601272,-5.1,6051,9981.160357992032,209.9580803185189,5.1427030163542055e-05,1.0845277353690456e-06,0.0034295040595039104,4.489339501686742e-05,0.0007152099823423766,1.858343058292615e-05,0.2824851523447249,0.005944773862193235
247,-6,-1,-18.425094338950956,-25.53819952931275,звичайний твел UO₂,4,pivdenno_zakhidna,tvz_z_12_tveh,-6.625094338950954,-5.1,6056,27265.92335175668,875.1135835765756,0.00014075920009552813,4.524734779641246e-06,0.004111298147284466,5.870176346852479e-05,0.00025152637056062663,7.038159890874461e-06,0.7716756605030717,0.02477193084965732
248,-4,-2,-16.21672955930064,-25.53819952931275,звичайний твел UO₂,4,pivdenno_zakhidna,tvz_z_12_tveh,-4.416729559300636,-5.1,6061,26692.330649278258,808.8875553731908,0.0001377872458658689,4.183222592593511e-06,0.004223690379606961,4.8566334444931075e-05,0.0002483838958136015,7.616784580176551e-06,0.755441934550187,0.02289778250720835
249,-2,-3,-14.008364779650318,-25.53819952931275,звичайний твел UO₂,4,pivdenno_zakhidna,tvz_z_12_tveh,-2.208364779650318,-5.1,6066,29354.91145006453,915.3625564361624,0.00015155105981812342,4.732995884635647e-06,0.004404988945422105,6.182398397692645e-05,0.0002660748117041872,8.304626000320132e-06,0.8307978567239053,0.025911549181105158
250,0,-4,-11.8,-25.53819952931275,звичайний твел UO₂,4,pivdenno_zakhidna,tvz_z_12_tveh,0.0,-5.1,6071,27135.55865146455,831.7988687552775,0.00014007430349037534,4.299365333819384e-06,0.004348853051515464,4.460145439727668e-05,0.0002613054152743877,7.941231864393144e-06,0.7679861002814579,0.02354623872107399
251,2,-5,-9.591635220349684,-25.53819952931275,звичайний твел UO₂,4,pivdenno_zakhidna,tvz_z_12_tveh,2.208364779650318,-5.1,6076,29019.831606947057,861.2535530363795,0.00014983604287930675,4.451604493651876e-06,0.0043336925289656795,5.710426473305139e-05,0.0002667696796545435,6.3029240934551755e-06,0.8213144823329814,0.02438036277783324
252,4,-6,-7.383270440699365,-25.53819952931275,звичайний твел UO₂,4,pivdenno_zakhidna,tvz_z_12_tveh,4.416729559300636,-5.1,6081,32853.651993757885,1087.6681748317603,0.00016963223853597964,5.624415931423753e-06,0.0043929600601904616,5.224060968933656e-05,0.00028790227415968636,8.302325788613002e-06,0.9298186338731779,0.030788391068415074
253,6,-7,-5.1749056610490465,-25.53819952931275,звичайний твел UO₂,4,pivdenno_zakhidna,tvz_z_12_tveh,6.625094338950954,-5.1,6086,29645.910887214923,950.4091054761926,0.00015304932015219183,4.912556092479215e-06,0.004315732859248619,6.119902035602903e-05,0.0002634722211586541,7.830696895350454e-06,0.8390336747437848,0.0269033404925899
254,8,-8,-2.9665408813987284,-25.53819952931275,твег UO₂-Gd₂O₃,4,pivdenno_zakhidna,tvz_z_12_tveh,8.833459118601272,-5.1,6091,10582.974650201928,269.3935185602102,5.452932210476984e-05,1.392071151813924e-06,0.003759236649619578,5.755990058786995e-05,0.0007634501253997351,2.685414474511799e-05,0.2995176010701901,0.007626587175803387
255,10,-9,-0.7581761017484112,-25.53819952931275,звичайний твел UO₂,4,pivdenno_zakhidna,tvz_z_12_tveh,11.04182389825159,-5.1,6096,36071.50423917462,1244.677184251313,0.00018628618017255656,6.43497902455246e-06,0.004267682583210254,5.587297020340038e-05,0.00030503964664432164,9.495690378242368e-06,1.020889756785407,0.0352323218773057
256,-9,0,-21.73764150842643,-26.17569952931275,звичайний твел UO₂,4,pivdenno_zakhidna,tvz_z_12_tveh,-9.937641508426431,-5.7375,6101,31035.01581404098,856.9435193946844,0.00016027057858696806,4.430059244818951e-06,0.0037829978727037684,5.130203262942912e-05,0.00026284735507326574,7.198003100199912e-06,0.8783478930113098,0.024259173976104522
257,-7,-1,-19.529276728776114,-26.17569952931275,звичайний твел UO₂,4,pivdenno_zakhidna,tvz_z_12_tveh,-7.729276728776114,-5.7375,6106,26430.187971829157,888.5273527750329,0.00013644906956878386,4.5942931104386555e-06,0.00392571025348985,5.2186050271667856e-05,0.00023844736398160327,7.321296775041995e-06,0.7480228157784934,0.025151221444856462
258,-5,-2,-17.320911949125794,-26.17569952931275,звичайний твел UO₂,4,pivdenno_zakhidna,tvz_z_12_tveh,-5.520911949125795,-5.7375,6111,28010.62444829883,822.244628924972,0.00014461097275376302,4.250700639503236e-06,0.0040814416130220965,5.7667073025581054e-05,0.00025308793802347664,6.953380398485945e-06,0.792752067971022,0.023276210506412126
259,-3,-3,-15.112547169475478,-26.17569952931275,звичайний твел UO₂,4,pivdenno_zakhidna,tvz_z_12_tveh,-3.312547169475477,-5.7375,6116,29928.14981260157,847.2128648672449,0.0001545236701050292,4.380478834290843e-06,0.004361864910404289,5.378008542580601e-05,0.0002748769517153068,7.251564778039447e-06,0.8470215542062782,0.02398341643247344
260,-1,-4,-12.90418238982516,-26.17569952931275,звичайний твел UO₂,4,pivdenno_zakhidna,tvz_z_12_tveh,-1.104182389825159,-5.7375,6121,29609.457723325646,925.4531171039208,0.00015286779068194163,4.784559702740966e-06,0.0043566332010059146,4.933178453303643e-05,0.00027059925804746713,7.735155568376435e-06,0.8380019833186025,0.026197162879179038
261,1,-5,-10.695817610174842,-26.17569952931275,твег UO₂-Gd₂O₃,4,pivdenno_zakhidna,tvz_z_12_tveh,1.104182389825159,-5.7375,6126,10771.841388787276,267.293057627174,5.549488393853244e-05,1.3813543785522461e-06,0.0039349064435583395,4.632982831960652e-05,0.0007448709822783114,2.5536999091195545e-05,0.3048628763196167,0.007567239879744751
262,3,-6,-8.487452830524523,-26.17569952931275,звичайний твел UO₂,4,pivdenno_zakhidna,tvz_z_12_tveh,3.312547169475477,-5.7375,6131,31602.53973429186,851.1878809858374,0.00016317249754547103,4.400690272507146e-06,0.004350150970670903,5.663758269270427e-05,0.0002919016636323108,8.774267098075466e-06,0.8944098612916789,0.024096546712826617
263,5,-7,-6.279088050874206,-26.17569952931275,звичайний твел UO₂,4,pivdenno_zakhidna,tvz_z_12_tveh,5.520911949125795,-5.7375,6136,32211.147435909654,963.8714381952902,0.00016632800016005433,4.9825481162163295e-06,0.004242560317138201,5.707213182521468e-05,0.0002899469345227578,7.751140860410901e-06,0.9116345759684664,0.027285172519459513
264,7,-8,-4.070723271223887,-26.17569952931275,звичайний твел UO₂,4,pivdenno_zakhidna,tvz_z_12_tveh,7.729276728776114,-5.7375,6141,31438.347471633948,1034.8759260031059,0.00016232993657093884,5.3502568439206e-06,0.00416355162963823,4.87381396935105e-05,0.00027265511792452633,8.038490642106616e-06,0.8897629189856566,0.029294071096420904
265,9,-9,-1.8623584915735698,-26.17569952931275,звичайний твел UO₂,4,pivdenno_zakhidna,tvz_z_12_tveh,9.937641508426431,-5.7375,6146,32731.160071118476,1002.3381466736276,0.00016901647578229897,5.182800499296385e-06,0.004164629992260025,5.235258527546484e-05,0.00028190952924981715,9.453523056624115e-06,0.9263518877047241,0.028373809629516755
266,-10,0,-22.84182389825159,-26.81319952931275,звичайний твел UO₂,4,pivdenno_zakhidna,tvz_z_12_tveh,-11.04182389825159,-6.375,6151,39798.454475423285,1369.2046168647348,0.00020559013960812897,7.0796892065695434e-06,0.0038128863542044957,5.5814489544807874e-05,0.0003307194692892931,1.0562302910040173e-05,1.1263692869709847,0.03875728155310242
267,-8,-1,-20.633459118601273,-26.81319952931275,звичайний твел UO₂,4,pivdenno_zakhidna,tvz_z_12_tveh,-8.833459118601272,-6.375,6156,28497.534509196506,852.0052613529328,0.00014713757925402827,4.4059223597528886e-06,0.0040132520131514055,4.451590726880385e-05,0.00025874465340526494,7.256266207870728e-06,0.8065325161150824,0.02411848540379334
268,-6,-2,-18.425094338950956,-26.81319952931275,звичайний твел UO₂,4,pivdenno_zakhidna,tvz_z_12_tveh,-6.625094338950954,-6.375,6161,28182.496782223403,940.6135089898385,0.0001455101583296351,4.86280839868956e-06,0.004032542844456237,5.832935274222175e-05,0.0002515135719606925,8.290534625093696e-06,0.7976163703858862,0.026625671136405613
269,-4,-3,-16.21672955930064,-26.81319952931275,звичайний твел UO₂,4,pivdenno_zakhidna,tvz_z_12_tveh,-4.416729559300636,-6.375,6166,29873.31914785338,1036.8601518546434,0.00015424121602992326,5.36041670745147e-06,0.004175666964223075,5.6208873752619744e-05,0.00026711239808808795,8.60548945628994e-06,0.8454697457863131,0.029349716179036638
270,-2,-4,-14.008364779650318,-26.81319952931275,звичайний твел UO₂,4,pivdenno_zakhidna,tvz_z_12_tveh,-2.208364779650318,-6.375,6171,29446.464467282527,851.3882173871885,0.00015203080978189035,4.401825780222021e-06,0.00424791988212579,4.670193079943644e-05,0.0002709110118911935,8.308097379137866e-06,0.83338897509981,0.024101376145575285
271,0,-5,-11.8,-26.81319952931275,звичайний твел UO₂,4,pivdenno_zakhidna,tvz_z_12_tveh,0.0,-6.375,6176,27451.730984556823,857.0004437445841,0.00014171547285962433,4.4299653692953434e-06,0.004204183950890268,5.11985422078405e-05,0.0002608458801020638,7.922984020072663e-06,0.7769343574456906,0.02425945756884824
272,2,-6,-9.591635220349684,-26.81319952931275,звичайний твел UO₂,4,pivdenno_zakhidna,tvz_z_12_tveh,2.208364779650318,-6.375,6181,28440.658879539846,881.9169640881732,0.0001468302516865696,4.559640196317912e-06,0.004178148139931361,4.5375968567727404e-05,0.000253610249652801,6.6869917150244295e-06,0.8049228314359459,0.024964846126831773
274,6,-8,-5.1749056610490465,-26.81319952931275,звичайний твел UO₂,4,pivdenno_zakhidna,tvz_z_12_tveh,6.625094338950954,-6.375,6189,31856.19365195756,902.0786148556339,0.00016449949983249172,4.664271210872815e-06,0.004108319767346569,4.5727630221932323e-05,0.00027808099796239474,7.45313857108324e-06,0.9015887325856621,0.02553658553608768
275,8,-9,-2.9665408813987284,-26.81319952931275,звичайний твел UO₂,4,pivdenno_zakhidna,tvz_z_12_tveh,8.833459118601272,-6.375,6194,34003.099860903254,971.9417415982851,0.00017559623732607207,5.024853861265161e-06,0.004021800924610006,4.962546527450426e-05,0.00029130332189209563,7.715900585667943e-06,0.9623501176102252,0.027514190894724046
276,10,-10,-0.7581761017484112,-26.81319952931275,звичайний твел UO₂,4,pivdenno_zakhidna,tvz_z_12_tveh,11.04182389825159,-6.375,6199,42541.777933633464,1170.1921716948896,0.0002197598644987577,6.050085476973088e-06,0.004033791457169242,4.963603126475088e-05,0.00036145843013162644,1.0400243249976142e-05,1.2040103745027415,0.033126979273076125
277,-9,-1,-21.73764150842643,-27.45069952931275,звичайний твел UO₂,4,pivdenno_zakhidna,tvz_z_12_tveh,-9.937641508426431,-7.012499999999999,6204,33145.46639715783,1013.2330572733246,0.00017118449159229251,5.238804982050997e-06,0.003879064995448375,4.8691069512286455e-05,0.00028313589334005883,8.23872880623078e-06,0.9380775169332835,0.028682239407751917
278,-7,-2,-19.529276728776114,-27.45069952931275,звичайний твел UO₂,4,pivdenno_zakhidna,tvz_z_12_tveh,-7.729276728776114,-7.012499999999999,6209,28417.21519061152,934.821839989635,0.00014671758103568616,4.833684245769835e-06,0.004000329721062571,5.4221512887970614e-05,0.0002541704902358299,8.532058604345473e-06,0.8042593320229605,0.02646186178891203
279,-5,-3,-17.320911949125794,-27.45069952931275,звичайний твел UO₂,4,pivdenno_zakhidna,tvz_z_12_tveh,-5.520911949125795,-7.012499999999999,6214,26728.105045505406,898.6875094970233,0.0001379782742639785,4.646020523369355e-06,0.0040799129909639825,5.2924302034003544e-05,0.00023983952355138865,7.758968787943001e-06,0.7564544156050751,0.02543881992475885
281,-1,-5,-12.90418238982516,-27.45069952931275,звичайний твел UO₂,4,pivdenno_zakhidna,tvz_z_12_tveh,-1.104182389825159,-7.012499999999999,6222,29825.05120480617,963.5740269069065,0.00015398989237529323,4.981828365204591e-06,0.004260841819668572,5.320415469847515e-05,0.000273186798269487,7.619588064827453e-06,0.8441036744322805,0.02727592336815855
282,1,-6,-10.695817610174842,-27.45069952931275,звичайний твел UO₂,4,pivdenno_zakhidna,tvz_z_12_tveh,1.104182389825159,-7.012499999999999,6227,26933.006361973363,691.9873469915942,0.00013904349805275888,3.5774718961666387e-06,0.004086185296539159,5.342131945009817e-05,0.0002570777482044965,7.410665004315537e-06,0.762253498830077,0.01959020069151806
283,3,-7,-8.487452830524523,-27.45069952931275,звичайний твел UO₂,4,pivdenno_zakhidna,tvz_z_12_tveh,3.312547169475477,-7.012499999999999,6232,30997.666633385776,969.6850885754266,0.00016005521614234462,5.013527762445576e-06,0.004091204430047158,5.0452266638002385e-05,0.00027463731755260687,8.641531693151352e-06,0.8772908426675702,0.027449245210573903
284,5,-8,-6.279088050874206,-27.45069952931275,звичайний твел UO₂,4,pivdenno_zakhidna,tvz_z_12_tveh,5.520911949125795,-7.012499999999999,6237,32141.98504487267,1009.6760042807268,0.00016597763143150714,5.220465504639337e-06,0.004018893789039937,5.1109987679955314e-05,0.0002796947520721787,9.035416414595806e-06,0.9096771533975562,0.0285812368796036
285,7,-9,-4.070723271223887,-27.45069952931275,звичайний твел UO₂,4,pivdenno_zakhidna,tvz_z_12_tveh,7.729276728776114,-7.012499999999999,6242,36810.579654966634,1048.8169408160804,0.00019011656602235238,5.422663201387386e-06,0.003926380513830139,4.8379560049048064e-05,0.00031022241338093183,9.109306409315554e-06,1.0418069471656894,0.029690455625061216
286,9,-10,-1.8623584915735698,-27.45069952931275,звичайний твел UO₂,4,pivdenno_zakhidna,tvz_z_12_tveh,9.937641508426431,-7.012499999999999,6247,42961.986245673266,1196.3385262452146,0.00022192784057003978,6.185743373987049e-06,0.004012209226696328,5.019286915485729e-05,0.0003526054288882111,8.858334690861282e-06,1.215903040764539,0.03386694865642185
287,-8,-2,-20.633459118601273,-28.08819952931275,звичайний твел UO₂,4,pivdenno_zakhidna,tvz_z_12_tveh,-8.833459118601272,-7.6499999999999995,6252,29968.385324897146,886.9823447158313,0.00015474109172606898,4.586323418134764e-06,0.00398403380968136,5.722725200554745e-05,0.00027196397000638165,7.639153751571422e-06,0.8481602930315074,0.025108723220549516
288,-6,-3,-18.425094338950956,-28.08819952931275,звичайний твел UO₂,4,pivdenno_zakhidna,tvz_z_12_tveh,-6.625094338950954,-7.6499999999999995,6257,27446.640560492004,860.5788483777358,0.00014169505265683444,4.449046968846332e-06,0.004039451163892885,5.608020319279734e-05,0.00025075903804021776,7.885431800665116e-06,0.7767902891043481,0.02436071138273352
289,-4,-4,-16.21672955930064,-28.08819952931275,звичайний твел UO₂,4,pivdenno_zakhidna,tvz_z_12_tveh,-4.416729559300636,-7.6499999999999995,6262,30186.448559104792,1024.3887217865158,0.00015586514184223206,5.294960875809392e-06,0.004110282467648211,5.368436743082274e-05,0.0002706680443839781,7.735104737378365e-06,0.8543318826790585,0.02899690831995672
290,-2,-5,-14.008364779650318,-28.08819952931275,звичайний твел UO₂,4,pivdenno_zakhidna,tvz_z_12_tveh,-2.208364779650318,-7.6499999999999995,6267,27975.989886873784,804.9944922501215,0.00014443799423853409,4.160265879714709e-06,0.004171406832487135,5.6581952780802496e-05,0.0002536700428373865,6.3225977339085415e-06,0.7917718463324915,0.02278809786510739
292,2,-7,-9.591635220349684,-28.08819952931275,звичайний твел UO₂,4,pivdenno_zakhidna,tvz_z_12_tveh,2.208364779650318,-7.6499999999999995,6275,28415.825407055745,880.4352456982023,0.00014670793397536763,4.551718247637318e-06,0.003965991448458994,4.8288393563116825e-05,0.0002493902944407883,7.0554072169891305e-06,0.8042199985982486,0.02492291045041034
293,4,-8,-7.383270440699365,-28.08819952931275,звичайний твел UO₂,4,pivdenno_zakhidna,tvz_z_12_tveh,4.416729559300636,-7.6499999999999995,6280,33890.21207866944,985.0329132819724,0.00017500814418133483,5.0926441095253374e-06,0.004031546052900579,4.985942826964852e-05,0.000294441556110529,8.067636984038274e-06,0.9591551862376777,0.02788456706649055
294,6,-9,-5.1749056610490465,-28.08819952931275,звичайний твел UO₂,4,pivdenno_zakhidna,tvz_z_12_tveh,6.625094338950954,-7.6499999999999995,6285,35777.76353850166,1014.3132162015571,0.00018477587539797978,5.244319263000267e-06,0.003912609084648305,4.3807258701890025e-05,0.0002990745323560619,7.670849714091369e-06,1.0125763559779541,0.028713774275354136
295,8,-10,-2.9665408813987284,-28.08819952931275,звичайний твел UO₂,4,pivdenno_zakhidna,tvz_z_12_tveh,8.833459118601272,-7.6499999999999995,6290,45898.76045944817,1263.7897073051597,0.00023711619204126662,6.533856244793902e-06,0.0039861445303139,5.0044630672328506e-05,0.0003761848775521358,1.1260419880105539e-05,1.2990191396373516,0.03577661460855591
296,-7,-3,-19.529276728776114,-28.72569952931275,звичайний твел UO₂,4,pivdenno_zakhidna,tvz_z_12_tveh,-7.729276728776114,-8.2875,6295,29082.33008448197,1090.2499321451535,0.00015016172287178798,5.636923195628528e-06,0.003980309682943311,5.970286914612717e-05,0.00026687795828238416,9.142359579106353e-06,0.8230833039243135,0.03086028406560981
297,-5,-4,-17.320911949125794,-28.72569952931275,звичайний твел UO₂,4,pivdenno_zakhidna,tvz_z_12_tveh,-5.520911949125795,-8.2875,6300,28373.637875694865,834.4530617792083,0.00014648936322456753,4.314523067924356e-06,0.0041080158873638235,4.967890616761857e-05,0.00025601653161210945,7.546171119387676e-06,0.803026014051754,0.023621788917110493
298,-3,-5,-15.112547169475478,-28.72569952931275,звичайний твел UO₂,4,pivdenno_zakhidna,tvz_z_12_tveh,-3.312547169475477,-8.2875,6305,29351.724794372327,1013.455886050283,0.0001515486923933303,5.239264980356123e-06,0.004147953523377478,5.889251945292544e-05,0.0002618212383690937,8.18174224715966e-06,0.8307076685206909,0.028687274950996274
299,-1,-6,-12.90418238982516,-28.72569952931275,звичайний твел UO₂,4,pivdenno_zakhidna,tvz_z_12_tveh,-1.104182389825159,-8.2875,6310,27819.199904350855,845.3888344823916,0.00014362216259987452,4.371017114423635e-06,0.004036110244118042,5.620969639012888e-05,0.0002483878849058391,6.467633948504872e-06,0.7873344021365718,0.023931023637200535
300,1,-7,-10.695817610174842,-28.72569952931275,звичайний твел UO₂,4,pivdenno_zakhidna,tvz_z_12_tveh,1.104182389825159,-8.2875,6315,27727.206415057437,926.686670369656,0.00014315612969966209,4.7909008490224465e-06,0.003919235331587078,4.521005038954129e-05,0.00025218915598962225,8.289205768051945e-06,0.78473081759272,0.026231435839348973
301,3,-8,-8.487452830524523,-28.72569952931275,звичайний твел UO₂,4,pivdenno_zakhidna,tvz_z_12_tveh,3.312547169475477,-8.2875,6320,31340.896087280613,958.3098547621527,0.00016183675286717802,4.9551685466171275e-06,0.003976207717675693,5.150273263188988e-05,0.000274170919632229,8.215150175024538e-06,0.8870048659970365,0.027127490211148974
302,5,-9,-6.279088050874206,-28.72569952931275,звичайний твел UO₂,4,pivdenno_zakhidna,tvz_z_12_tveh,5.520911949125795,-8.2875,6325,33822.23043902944,986.7816017712536,0.00017467356407854182,5.100788898497044e-06,0.003810665901690681,4.890250900771952e-05,0.0002855117455858944,8.031953040422496e-06,0.9572311810978369,0.027934021632895465
303,7,-10,-4.070723271223887,-28.72569952931275,звичайний твел UO₂,4,pivdenno_zakhidna,tvz_z_12_tveh,7.729276728776114,-8.2875,6330,45254.82969123303,1343.497312697408,0.00023379568529960707,6.946317410517019e-06,0.0038499709221486034,4.5508240380296206e-05,0.0003638952650804729,9.588039610278091e-06,1.2807947173623344,0.03803171238535573
304,-6,-4,-18.425094338950956,-29.36319952931275,звичайний твел UO₂,4,pivdenno_zakhidna,tvz_z_12_tveh,-6.625094338950954,-8.924999999999999,6335,28422.900051012468,946.4944417033138,0.00014675691504919852,4.893333013117512e-06,0.003962958953775349,5.889909248240613e-05,0.00025705906235855573,7.10502914749502e-06,0.8044202240033338,0.026792161878106725
305,-4,-5,-16.21672955930064,-29.36319952931275,звичайний твел UO₂,4,pivdenno_zakhidna,tvz_z_12_tveh,-4.416729559300636,-8.924999999999999,6340,29499.303364561838,938.2892581933505,0.00015231870052150574,4.850139929775905e-06,0.004094298353120122,5.538370335467423e-05,0.00026841534272314114,8.637989323772594e-06,0.8348844128457552,0.026560341240931647
306,-2,-6,-14.008364779650318,-29.36319952931275,звичайний твел UO₂,4,pivdenno_zakhidna,tvz_z_12_tveh,-2.208364779650318,-8.924999999999999,6345,27900.38417122845,943.3027422322867,0.000144052508479241,4.877061075252029e-06,0.004036718357141753,5.180728612370079e-05,0.0002531993262484747,7.759722420541855e-06,0.7896320658524492,0.02670167728362722
307,0,-7,-11.8,-29.36319952931275,звичайний твел UO₂,4,pivdenno_zakhidna,tvz_z_12_tveh,0.0,-8.924999999999999,6350,27020.828319082535,818.2911567193476,0.0001395147201781595,4.231138576678529e-06,0.0038930020074826955,4.9432403315205496e-05,0.00024487870599839833,7.103241180727287e-06,0.7647390213588611,0.023163983771525287
308,2,-8,-9.591635220349684,-29.36319952931275,звичайний твел UO₂,4,pivdenno_zakhidna,tvz_z_12_tveh,2.208364779650318,-8.924999999999999,6355,30420.253372219628,854.0459101639773,0.00015706741987477638,4.415194545814826e-06,0.003944988320109691,4.472458910499543e-05,0.0002637935411071311,6.537447413783936e-06,0.8609489878935629,0.02417694695467482
309,4,-9,-7.383270440699365,-29.36319952931275,звичайний твел UO₂,4,pivdenno_zakhidna,tvz_z_12_tveh,4.416729559300636,-8.924999999999999,6360,35204.13401281958,985.5510775556183,0.00018180807835791645,5.09556436814341e-06,0.00387617033748238,4.761082595323287e-05,0.0002995601673132828,8.186640178792168e-06,0.9963415878608398,0.027899728616182264
310,6,-10,-5.1749056610490465,-29.36319952931275,звичайний твел UO₂,4,pivdenno_zakhidna,tvz_z_12_tveh,6.625094338950954,-8.924999999999999,6365,43686.8012268608,1323.6661300590529,0.0002256824968200898,6.844215317407777e-06,0.003769288346160979,5.0346317972525347e-05,0.00034664869592116354,1.0032043465669267e-05,1.2364166346793541,0.03747000568542048
311,-5,-5,-17.320911949125794,-30.00069952931275,звичайний твел UO₂,4,pivdenno_zakhidna,tvz_z_12_tveh,-5.520911949125795,-9.5625,6370,29062.986653234868,1100.9992608861023,0.0001500614740053696,5.692306133810598e-06,0.004076582622759707,6.116089029720361e-05,0.0002649534755880172,9.636772145565037e-06,0.8225358493271802,0.031164463145808317
312,-3,-6,-15.112547169475478,-30.00069952931275,звичайний твел UO₂,4,pivdenno_zakhidna,tvz_z_12_tveh,-3.312547169475477,-9.5625,6375,27243.262646868203,804.2807403422053,0.00014064931515878144,4.157862464193083e-06,0.004015632411983415,6.508751215345632e-05,0.00025519988170506747,7.1840905560474334e-06,0.7710343209750945,0.022767629060371632
313,-1,-7,-12.90418238982516,-30.00069952931275,звичайний твел UO₂,4,pivdenno_zakhidna,tvz_z_12_tveh,-1.104182389825159,-9.5625,6380,26601.560830734656,744.6168169977246,0.00013734030534813595,3.849575385224186e-06,0.003882214988817803,4.8048152541780746e-05,0.00024807783030965044,7.2094603949065805e-06,0.7528729821338418,0.021079179951941016
314,1,-8,-10.695817610174842,-30.00069952931275,звичайний твел UO₂,4,pivdenno_zakhidna,tvz_z_12_tveh,1.104182389825159,-9.5625,6385,27719.28675894009,922.6660105366637,0.00014311635472689634,4.770721279219121e-06,0.0037978247350666104,4.817431103300132e-05,0.0002496314980479367,8.762234291300472e-06,0.7845066767929947,0.026117660823710927
315,3,-9,-8.487452830524523,-30.00069952931275,звичайний твел UO₂,4,pivdenno_zakhidna,tvz_z_12_tveh,3.312547169475477,-9.5625,6390,33974.10882702204,1134.4342195598188,0.0001754593054560619,5.865164187222619e-06,0.0037160820463244242,4.3934908579875835e-05,0.0002895330912268929,8.953717663926088e-06,0.9615296181563708,0.032112092154029624
316,5,-10,-6.279088050874206,-30.00069952931275,звичайний твел UO₂,4,pivdenno_zakhidna,tvz_z_12_tveh,5.520911949125795,-9.5625,6395,42757.60753735323,1149.2990331677363,0.0002208768971116734,5.941885182946256e-06,0.003710056141837644,4.664803432906173e-05,0.00035135183091757776,8.171722557673928e-06,1.2101187483090456,0.03253590458943806
317,-4,-6,-16.21672955930064,-30.63819952931275,звичайний твел UO₂,4,pivdenno_zakhidna,tvz_z_12_tveh,-4.416729559300636,-10.2,6400,30208.68616144782,914.6689694144311,0.00015598253480912883,4.729876373973523e-06,0.004086946458814095,5.861348900654346e-05,0.0002701298035883362,8.39104249713116e-06,0.8549612476286579,0.02589222498919945
318,-2,-7,-14.008364779650318,-30.63819952931275,звичайний твел UO₂,4,pivdenno_zakhidna,tvz_z_12_tveh,-2.208364779650318,-10.2,6405,27780.46256737433,983.0416490870145,0.00014344061960717532,5.082490309141963e-06,0.0038470153428440852,4.7850146913777826e-05,0.0002562339630335803,9.111573934189753e-06,0.786238064421841,0.027826143374421373
319,0,-8,-11.8,-30.63819952931275,твег UO₂-Gd₂O₃,4,pivdenno_zakhidna,tvz_z_12_tveh,0.0,-10.2,6410,9506.23243731072,237.31998733748046,4.896973638554288e-05,1.2260241629496207e-06,0.003432412282870882,4.397998119029516e-05,0.0006847102109143694,2.4060454562187878e-05,0.2690438207545556,0.006718657653617528
320,2,-9,-9.591635220349684,-30.63819952931275,звичайний твел UO₂,4,pivdenno_zakhidna,tvz_z_12_tveh,2.208364779650318,-10.2,6415,33364.451896815815,1115.3818669868706,0.00017230485981962841,5.768207420181765e-06,0.0037538253119029728,4.957646749716409e-05,0.00028001571831956024,8.581438273105877e-06,0.944275208385324,0.03157277018019337
321,4,-10,-7.383270440699365,-30.63819952931275,звичайний твел UO₂,4,pivdenno_zakhidna,tvz_z_12_tveh,4.416729559300636,-10.2,6420,43279.708479811656,1199.6446777895626,0.00022358513027300085,6.203233194674451e-06,0.003667968061423053,4.668879873947744e-05,0.00034409947152806594,9.561636012056826e-06,1.2248951629722566,0.03396061968824821
322,-3,-7,-15.112547169475478,-31.27569952931275,звичайний твел UO₂,4,pivdenno_zakhidna,tvz_z_12_tveh,-3.312547169475477,-10.837499999999999,6425,26997.740828263857,909.7715224532877,0.00013937929856719375,4.704410809611409e-06,0.003955517562678766,6.084707618939613e-05,0.0002516119559475342,9.982871024175985e-06,0.764085603005959,0.02575255168884241
323,-1,-8,-12.90418238982516,-31.27569952931275,звичайний твел UO₂,4,pivdenno_zakhidna,tvz_z_12_tveh,-1.104182389825159,-10.837499999999999,6430,28366.57483042947,935.2075186446336,0.00014646705007767658,4.835127453227438e-06,0.003774055071438918,4.83715723343873e-05,0.0002468565070607356,6.754977652517971e-06,0.8028261169109155,0.026472758582737052
324,1,-9,-10.695817610174842,-31.27569952931275,звичайний твел UO₂,4,pivdenno_zakhidna,tvz_z_12_tveh,1.104182389825159,-10.837499999999999,6435,29924.614157674896,1027.4349145724066,0.00015453102312155316,5.3120614131322075e-06,0.0036227167176427592,4.357053207787759e-05,0.0002640825524333114,8.772381906140701e-06,0.8469214886843572,0.029083023717960482
325,3,-10,-8.487452830524523,-31.27569952931275,звичайний твел UO₂,4,pivdenno_zakhidna,tvz_z_12_tveh,3.312547169475477,-10.837499999999999,6440,42262.78904973968,1316.196869837914,0.00021832452234834228,6.805541619737495e-06,0.0036484019188963847,5.0678706698106906e-05,0.0003439124387101263,1.0226973437014669e-05,1.1961144771779264,0.037258151677151075
326,-2,-8,-14.008364779650318,-31.91319952931275,звичайний твел UO₂,4,pivdenno_zakhidna,tvz_z_12_tveh,-2.208364779650318,-11.475,6445,30933.384168819,1178.9406099018045,0.00015973446522594593,6.094698583295958e-06,0.0038606553894435045,6.012861714915151e-05,0.00026742257558848244,8.669566113470132e-06,0.8754715309698375,0.0333705876792786
327,0,-9,-11.8,-31.91319952931275,звичайний твел UO₂,4,pivdenno_zakhidna,tvz_z_12_tveh,0.0,-11.475,6450,30901.770475281046,1046.0181313300407,0.00015957140536572344,5.407835786701024e-06,0.003730774778310129,5.387857419320252e-05,0.00027123329069146163,9.197126125210368e-06,0.8745768054354364,0.02960918719886952
328,2,-10,-9.591635220349684,-31.91319952931275,звичайний твел UO₂,4,pivdenno_zakhidna,tvz_z_12_tveh,2.208364779650318,-11.475,6455,41628.09122837164,1169.7596659224075,0.00021504864727913648,6.048337721498703e-06,0.0035920849490858084,4.709958365213011e-05,0.0003422177424904939,9.354095016788702e-06,1.178151364240015,0.03311438490437988
329,-1,-9,-12.90418238982516,-32.55069952931275,звичайний твел UO₂,4,pivdenno_zakhidna,tvz_z_12_tveh,-1.104182389825159,-12.112499999999999,6460,31406.268883290464,959.8724616240838,0.000162185062306341,4.963132240355839e-06,0.0037576537410086504,5.591550805534316e-05,0.0002738097553748227,8.831867879915175e-06,0.8888550360752336,0.027171728989365995
330,1,-10,-10.695817610174842,-32.55069952931275,звичайний твел UO₂,4,pivdenno_zakhidna,tvz_z_12_tveh,1.104182389825159,-12.112499999999999,6465,40099.06435046728,1168.9402783339258,0.00020714541014578633,6.0437247534515005e-06,0.003599331676814822,5.8691764131159665e-05,0.0003313229282837452,9.024277005904172e-06,1.1348770980172362,0.03309062024446669
331,0,-10,-11.8,-33.188199529312755,звичайний твел UO₂,4,pivdenno_zakhidna,tvz_z_12_tveh,0.0,-12.75,6470,39883.76087643091,1313.325346366767,0.00020603093846201082,6.78970650871276e-06,0.0037213478420819344,6.36666110967374e-05,0.0003328982299437555,9.97319195913806e-06,1.1287836146463561,0.03717609084884405
1,0,10,-23.6,12.75,звичайний твел UO₂,5,zakhidna,tvz_z_12_tveh,0.0,12.75,6477,44056.545820774874,1162.1208632844455,0.00022757009964217273,6.008159196516016e-06,0.0042351708898229245,4.8507950634445066e-05,0.0003644123741273305,8.823588226011116e-06,1.2468810851234173,0.032899217237470794
2,-1,10,-24.70418238982516,12.112499999999999,звичайний твел UO₂,5,zakhidna,tvz_z_12_tveh,-1.104182389825159,12.112499999999999,6482,43667.20737644805,1278.3224107927772,0.00022557282666260534,6.609556957007741e-06,0.004084064895524688,5.4557464058795066e-05,0.00035568442610378034,9.76335207583412e-06,1.2358620927603445,0.03618696548111031
3,1,9,-22.495817610174843,12.112499999999999,звичайний твел UO₂,5,zakhidna,tvz_z_12_tveh,1.104182389825159,12.112499999999999,6487,36544.20087280507,1006.3656984703457,0.00018871916615704007,5.202843030586012e-06,0.0043928153105800205,4.915620111240358e-05,0.0003106796894327986,8.26040295468979e-06,1.034267938857897,0.028489197909780318
4,-2,10,-25.80836477965032,11.475,звичайний твел UO₂,5,zakhidna,tvz_z_12_tveh,-2.208364779650318,11.475,6492,47614.76133421808,1359.192818759473,0.0002459818627777973,7.02752925868141e-06,0.004038236584315138,4.707169120119156e-05,0.00037663251761813814,9.584035683622242e-06,1.3475851130459362,0.03847670352702243
5,0,9,-23.6,11.475,звичайний твел UO₂,5,zakhidna,tvz_z_12_tveh,0.0,11.475,6497,33799.60080769541,1076.4084086822395,0.00017452892678976081,5.5649741300149375e-06,0.0043015660841647,5.566652535885153e-05,0.00029276105959804107,8.04760845600231e-06,0.9565907210084668,0.030470093236752493
6,2,8,-21.391635220349684,11.475,звичайний твел UO₂,5,zakhidna,tvz_z_12_tveh,2.208364779650318,11.475,6502,35828.66740676334,1088.1622675381684,0.00018500993072855096,5.6243003157368425e-06,0.004619417889422214,5.431596424641094e-05,0.00031073102542146833,7.924193350788614e-06,1.014017028852158,0.03080339138922817
7,-3,10,-26.912547169475477,10.837499999999999,звичайний твел UO₂,5,zakhidna,tvz_z_12_tveh,-3.312547169475477,10.837499999999999,6507,45631.22185540049,1270.5620824065356,0.0002357314180308529,6.569880618240517e-06,0.003937109201076308,5.312604976196511e-05,0.0003708901181668761,1.0230005558973323e-05,1.2914473062420502,0.03596813245300073
8,-1,9,-24.70418238982516,10.837499999999999,звичайний твел UO₂,5,zakhidna,tvz_z_12_tveh,-1.104182389825159,10.837499999999999,6512,35169.211366130425,1006.3409591471651,0.00018161586593599263,5.202056287350872e-06,0.004069908673464283,5.033491096282248e-05,0.00029894397390281807,8.035168401907592e-06,0.9953532128807336,0.028487966201143994
9,1,8,-22.495817610174843,10.837499999999999,звичайний твел UO₂,5,zakhidna,tvz_z_12_tveh,1.104182389825159,10.837499999999999,6517,31685.062914794027,911.1907386970441,0.00016359716562745413,4.710487416343508e-06,0.004391520120175525,6.009384992303206e-05,0.00028277900546915495,8.073296299012273e-06,0.8967454187198751,0.02579434955828372
10,3,7,-20.287452830524526,10.837499999999999,звичайний твел UO₂,5,zakhidna,tvz_z_12_tveh,3.312547169475477,10.837499999999999,6522,37259.81248716715,1118.7079512508224,0.0001924049464451469,5.784571059461887e-06,0.004840079031364287,5.804805664156688e-05,0.0003311412527147315,9.190054200200678e-06,1.0545210606044948,0.03166822291211708
11,-4,10,-28.016729559300636,10.2,звичайний твел UO₂,5,zakhidna,tvz_z_12_tveh,-4.416729559300636,10.2,6527,47862.63087712638,1158.4091314915163,0.00024726869280583693,5.989265141676701e-06,0.003948789995525297,5.054947305772243e-05,0.00038234193290088595,9.108785050509246e-06,1.354600275920662,0.03279583624331632
12,-2,9,-25.80836477965032,10.2,звичайний твел UO₂,5,zakhidna,tvz_z_12_tveh,-2.208364779650318,10.2,6532,36626.0166797313,982.4878217288359,0.00018915890236307503,5.079070823625729e-06,0.004119378049058157,5.3574944915103627e-05,0.00031344322869268117,7.794499862187546e-06,1.0365834763159498,0.02781361823929267
13,0,8,-23.6,10.2,твег UO₂-Gd₂O₃,5,zakhidna,tvz_z_12_tveh,0.0,10.2,6537,10990.3553703475,251.9907596913624,5.661778354143204e-05,1.3018348351477086e-06,0.003812184390375192,4.649861352753912e-05,0.000790947407987214,2.3738039388423162e-05,0.31104722294431225,0.00713440217896873
14,2,7,-21.391635220349684,10.2,звичайний твел UO₂,5,zakhidna,tvz_z_12_tveh,2.208364779650318,10.2,6542,33701.47060978785,929.4259513959188,0.00017399318964850716,4.804913872365317e-06,0.004687351839349854,5.902158333696783e-05,0.00029511776825248833,7.714114123589769e-06,0.9538134563507219,0.026311092046999853
15,4,6,-19.183270440699367,10.2,звичайний твел UO₂,5,zakhidna,tvz_z_12_tveh,4.416729559300636,10.2,6547,36480.54045016243,993.9024150292115,0.00018835283598614714,5.13923117996249e-06,0.005022454165915522,6.113106934145826e-05,0.0003313695944532603,8.92995058493102e-06,1.0324662320879885,0.028136529027443954
16,-5,10,-29.120911949125798,9.5625,звичайний твел UO₂,5,zakhidna,tvz_z_12_tveh,-5.520911949125795,9.5625,6552,45707.45865834285,1311.7215734993629,0.00023612718303055177,6.782237577151818e-06,0.003880602001577289,5.405770008409418e-05,0.0003641568217640913,9.503441452291948e-06,1.2936049476505669,0.03713277136309114
17,-3,9,-26.912547169475477,9.5625,звичайний твел UO₂,5,zakhidna,tvz_z_12_tveh,-3.312547169475477,9.5625,6557,36786.18323759815,1128.42585671574,0.00018999057886253626,5.83383695309315e-06,0.004066141312306025,5.409436532858568e-05,0.0003095313014891751,8.44699429564264e-06,1.041116483789707,0.03194303081821253
18,-1,8,-24.70418238982516,9.5625,звичайний твел UO₂,5,zakhidna,tvz_z_12_tveh,-1.104182389825159,9.5625,6562,30802.471514616136,1010.3334477130618,0.00015903192359550744,5.222008259419866e-06,0.0042415490005467404,5.289920243951021e-05,0.00027485483231776386,8.553804813990617e-06,0.8717664626471212,0.02859938723388775
19,1,7,-22.495817610174843,9.5625,звичайний твел UO₂,5,zakhidna,tvz_z_12_tveh,1.104182389825159,9.5625,6567,29947.591873161742,850.0434245071366,0.00015460041677429107,4.395272491795375e-06,0.00447593100573434,6.162552388486045e-05,0.00027092959922514465,7.17640378368855e-06,0.8475718001939442,0.02406351479375531
20,3,6,-20.287452830524526,9.5625,звичайний твел UO₂,5,zakhidna,tvz_z_12_tveh,3.312547169475477,9.5625,6572,35425.19249543559,930.7779773862244,0.00018289415162467458,4.8127737197644845e-06,0.004945702926661213,5.0495557758438106e-05,0.00031374567836738173,8.23093019969478e-06,1.0025979485342638,0.026350041910335846
21,5,5,-18.079088050874205,9.5625,звичайний твел UO₂,5,zakhidna,tvz_z_12_tveh,5.520911949125795,9.5625,6577,37247.059509374856,1063.8939501953237,0.00019231437514804538,5.500433272904679e-06,0.005203915343667901,5.7140439681863304e-05,0.0003396598996357621,8.911660200840313e-06,1.0541601279328117,0.030117228190280336
22,-6,10,-30.225094338950957,8.924999999999999,звичайний твел UO₂,5,zakhidna,tvz_z_12_tveh,-6.625094338950954,8.924999999999999,6582,45093.70599526922,1333.0316987924398,0.0002329643063401992,6.891938070419073e-06,0.003874131176042354,5.220929898413203e-05,0.00036616259235416817,1.078299249010278e-05,1.2762346211242015,0.03773552198583034
23,-4,9,-28.016729559300636,8.924999999999999,звичайний твел UO₂,5,zakhidna,tvz_z_12_tveh,-4.416729559300636,8.924999999999999,6587,36274.083407070335,1022.7865914455858,0.00018733889135668364,5.287358182644204e-06,0.004002230079094137,5.437426519273442e-05,0.00030779517233464143,8.314419461918642e-06,1.0266231189449546,0.0289537193498798
24,-2,8,-25.80836477965032,8.924999999999999,звичайний твел UO₂,5,zakhidna,tvz_z_12_tveh,-2.208364779650318,8.924999999999999,6592,32341.329876050342,1011.2689123164284,0.00016699489857305598,5.2276247316506185e-06,0.004227544922000074,4.7293410641871136e-05,0.00028455788193158,8.235732193370457e-06,0.9153189778933694,0.028626379335701817
25,0,7,-23.6,8.924999999999999,звичайний твел UO₂,5,zakhidna,tvz_z_12_tveh,0.0,8.924999999999999,6597,30732.851003591168,883.5301212255483,0.00015867072418193517,4.567286441974999e-06,0.0044021672450581485,5.775654053121466e-05,0.0002810337019628468,7.688756168879467e-06,0.8697960744399567,0.025011325443818257
26,2,6,-21.391635220349684,8.924999999999999,звичайний твел UO₂,5,zakhidna,tvz_z_12_tveh,2.208364779650318,8.924999999999999,6602,32427.570737011054,950.5252540659873,0.00016741408887312255,4.91444829878445e-06,0.004790566116670468,5.781311124472361e-05,0.0003015200768034229,9.394667356023878e-06,0.9177597525000332,0.026907612899221226
27,4,5,-19.183270440699367,8.924999999999999,звичайний твел UO₂,5,zakhidna,tvz_z_12_tveh,4.416729559300636,8.924999999999999,6607,35221.35402273201,1013.5603666856738,0.00018184121515895746,5.240547861437301e-06,0.005144516615331529,5.703466984386012e-05,0.0003250575515233784,8.157127091810547e-06,0.9968289457379824,0.028692260830365104
28,6,4,-16.974905661049046,8.924999999999999,звичайний твел UO₂,5,zakhidna,tvz_z_12_tveh,6.625094338950954,8.924999999999999,6612,39507.49427753431,1203.8939675432507,0.00020400051056771254,6.224718788165458e-06,0.0054843403832803275,5.835464710449075e-05,0.00036576754207734647,9.695410749913718e-06,1.1181345794942026,0.03407944479986151
29,-7,10,-31.329276728776115,8.2875,звичайний твел UO₂,5,zakhidna,tvz_z_12_tveh,-7.729276728776114,8.2875,6617,44613.67523424454,1266.212107665557,0.00023047001482642105,6.5461907583037475e-06,0.0037938366949086403,4.750125580557767e-05,0.0003547031787278663,9.018821485711067e-06,1.2626488697892242,0.03584465718674811
30,-5,9,-29.120911949125798,8.2875,звичайний твел UO₂,5,zakhidna,tvz_z_12_tveh,-5.520911949125795,8.2875,6622,37592.52000943969,1241.8486124666904,0.00019415528693650377,6.420939331955557e-06,0.004029146472870126,5.11783877912431e-05,0.00030909272740035936,9.30781197893314e-06,1.063937293962587,0.035152770669379885
31,-3,8,-26.912547169475477,8.2875,звичайний твел UO₂,5,zakhidna,tvz_z_12_tveh,-3.312547169475477,8.2875,6627,32871.89603800593,1045.5877783920394,0.0001697379895879134,5.406453106051305e-06,0.004193922116814496,5.3927329318129875e-05,0.0002900878131161443,8.630755126212984e-06,0.9303349738009966,0.02959766158270936
32,-1,7,-24.70418238982516,8.2875,звичайний твел UO₂,5,zakhidna,tvz_z_12_tveh,-1.104182389825159,8.2875,6632,30612.128207543665,999.6035353893628,0.00015805173525719737,5.168597430491272e-06,0.004290453462959348,5.738401352832431e-05,0.00028325630887247253,9.369553141370636e-06,0.8663793978001856,0.02829570226222468
33,1,6,-22.495817610174843,8.2875,звичайний твел UO₂,5,zakhidna,tvz_z_12_tveh,1.104182389825159,8.2875,6637,32987.43730885058,1046.2060503885607,0.00017031478192440345,5.409786288057434e-06,0.004633437104370226,6.064530973660217e-05,0.0003066991807873503,8.801180463702022e-06,0.9336050037700594,0.029615195972391345
34,3,5,-20.287452830524526,8.2875,звичайний твел UO₂,5,zakhidna,tvz_z_12_tveh,3.312547169475477,8.2875,6642,36056.70422864729,1208.4702270727532,0.00018615801306371684,6.2481910905398635e-06,0.005026082630431266,6.268580690898052e-05,0.00032841426863226196,9.566947833567592e-06,1.020470889331267,0.03420776372187065
35,5,4,-18.079088050874205,8.2875,звичайний твел UO₂,5,zakhidna,tvz_z_12_tveh,5.520911949125795,8.2875,6647,36880.50197016731,1160.7643065925988,0.00019041092967015077,6.0012175776409625e-06,0.0053437480313649425,6.305148632321284e-05,0.0003374482923819093,1.0099997542669096e-05,1.0437858769848005,0.032858119480846056
36,7,3,-15.870723271223888,8.2875,звичайний твел UO₂,5,zakhidna,tvz_z_12_tveh,7.729276728776114,8.2875,6652,39801.89989040125,1162.7509674169794,0.00020551383300100205,6.011335742465487e-06,0.005499203729834704,5.449306226560972e-05,0.00035656458064649,8.952262429672984e-06,1.126466798536778,0.03291538030432988
37,-8,10,-32.43345911860128,7.6499999999999995,звичайний твел UO₂,5,zakhidna,tvz_z_12_tveh,-8.833459118601272,7.6499999999999995,6657,42320.465913389875,1350.6407901270138,0.00021861906260443618,6.983679530433539e-06,0.0037983397909164027,5.495632809460109e-05,0.0003379286893121946,1.002482602835996e-05,1.1977468382492467,0.03823280963261421
38,-6,9,-30.225094338950957,7.6499999999999995,звичайний твел UO₂,5,zakhidna,tvz_z_12_tveh,-6.625094338950954,7.6499999999999995,6662,35877.86116871518,993.1810250909707,0.00018528354897613198,5.136464784071784e-06,0.0039643302087556415,4.5296617682318896e-05,0.0002960110249145224,7.380946698416849e-06,1.0154093025799562,0.028115879376066636
39,-4,8,-28.016729559300636,7.6499999999999995,звичайний твел UO₂,5,zakhidna,tvz_z_12_tveh,-4.416729559300636,7.6499999999999995,6667,34115.578507523926,929.0573865802343,0.00017616750887824227,4.804364756295434e-06,0.00412308613050675,4.56497828200357e-05,0.0002914262539518339,7.6045084098568985e-06,0.9655334696942068,0.026300827649738116
40,-2,7,-25.80836477965032,7.6499999999999995,звичайний твел UO₂,5,zakhidna,tvz_z_12_tveh,-2.208364779650318,7.6499999999999995,6672,30342.74474304075,986.6936646077481,0.00015665018868571176,5.1013060535155225e-06,0.004389152777613698,5.714961488825673e-05,0.00027859545640000164,8.053239051451462e-06,0.8587553514689067,0.027930305478027637
42,2,5,-21.391635220349684,7.6499999999999995,звичайний твел UO₂,5,zakhidna,tvz_z_12_tveh,2.208364779650318,7.6499999999999995,6680,33463.20414548598,1028.4589355138316,0.00017277451699097143,5.31766452073475e-06,0.004801911392841817,5.366455324073015e-05,0.00030236481643105954,8.675329404784271e-06,0.9470700782210378,0.02911318427163348
43,4,4,-19.183270440699367,7.6499999999999995,звичайний твел UO₂,5,zakhidna,tvz_z_12_tveh,4.416729559300636,7.6499999999999995,6685,33891.7396693102,937.392746514477,0.00017496266317476,4.847093728189301e-06,0.005216884825467026,5.893707261314408e-05,0.0003205824906456143,8.978236374167265e-06,0.9591984198557538,0.026536585065825444
44,6,3,-16.974905661049046,7.6499999999999995,звичайний твел UO₂,5,zakhidna,tvz_z_12_tveh,6.625094338950954,7.6499999999999995,6690,37170.96978688953,1096.4163119271627,0.00019190652146111028,5.668085615749036e-06,0.005438086590814413,6.880748979234064e-05,0.00034865256489767255,9.888533573481221e-06,1.052006649171104,0.031037432793414175
45,8,2,-14.76654088139873,7.6499999999999995,звичайний твел UO₂,5,zakhidna,tvz_z_12_tveh,8.833459118601272,7.6499999999999995,6695,40697.85814081345,1022.5027700169115,0.00021013925620293672,5.28591940666498e-06,0.005729109417664226,5.068145887914713e-05,0.000368015583888974,9.306665769822079e-06,1.1518240609977048,0.028947495688727103
46,-9,10,-33.53764150842643,7.012499999999999,звичайний твел UO₂,5,zakhidna,tvz_z_12_tveh,-9.937641508426431,7.012499999999999,6700,42206.6518025978,1189.148051187243,0.00021803171762863123,6.149500670078999e-06,0.0037555291056972197,4.9228466854873096e-05,0.00034928020310410525,8.082672767169644e-06,1.1945256900788002,0.03366320206907554
47,-7,9,-31.329276728776115,7.012499999999999,звичайний твел UO₂,5,zakhidna,tvz_z_12_tveh,-7.729276728776114,7.012499999999999,6705,35286.92075346667,1184.1136392811343,0.00018224177271054042,6.121708485883206e-06,0.0039006403070163645,5.8022354563335805e-05,0.0002905524999101442,9.081854143243406e-06,0.9986846045247382,0.033518295975851736
48,-5,8,-29.120911949125798,7.012499999999999,звичайний твел UO₂,5,zakhidna,tvz_z_12_tveh,-5.520911949125795,7.012499999999999,6710,33737.34329522178,822.3482017777941,0.00017421365820306946,4.2522830964417146e-06,0.00414118297104104,5.2952420158187136e-05,0.0002951136094161055,8.302934344790583e-06,0.9548287191705105,0.023281474541147488
49,-3,7,-26.912547169475477,7.012499999999999,звичайний твел UO₂,5,zakhidna,tvz_z_12_tveh,-3.312547169475477,7.012499999999999,6715,32696.766929836955,993.0718920408676,0.00016882159393238102,5.1349795720219026e-06,0.0043266274487444014,5.2785651208686954e-05,0.0002874029601574331,8.598595692427871e-06,0.9253784986992319,0.028111599440544623
50,-1,6,-24.70418238982516,7.012499999999999,звичайний твел UO₂,5,zakhidna,tvz_z_12_tveh,-1.104182389825159,7.012499999999999,6720,30833.154064087765,934.8954803222113,0.0001591892497873006,4.833884738357151e-06,0.004467782231297483,4.8120318140817706e-05,0.00029087696780692566,9.194993480276472e-06,0.8726348350959094,0.026464776501912365
51,1,5,-22.495817610174843,7.012499999999999,звичайний твел UO₂,5,zakhidna,tvz_z_12_tveh,1.104182389825159,7.012499999999999,6725,35032.36670462677,1059.3218640140487,0.0001808823653722086,5.477397560667556e-06,0.004933953189010738,5.500289012405115e-05,0.0003175212491797729,8.64772139927142e-06,0.9914802578668942,0.029987040260408503
53,5,3,-18.079088050874205,7.012499999999999,звичайний твел UO₂,5,zakhidna,tvz_z_12_tveh,5.520911949125795,7.012499999999999,6733,35643.437074879264,934.318996748107,0.00018402423051098232,4.830661645184346e-06,0.005300187463255579,6.324074414013867e-05,0.00032863553532164495,8.367221795208882e-06,1.0087746705847407,0.026450321613100968
54,7,2,-15.870723271223888,7.012499999999999,звичайний твел UO₂,5,zakhidna,tvz_z_12_tveh,7.729276728776114,7.012499999999999,6738,37854.092438841166,1067.1152217538552,0.00019543335698480672,5.517580380635733e-06,0.005636536488607533,5.0007234643195584e-05,0.00034572242222005305,8.751092884531062e-06,1.0713402736681972,0.030208606560646552
55,9,1,-13.66235849157357,7.012499999999999,звичайний твел UO₂,5,zakhidna,tvz_z_12_tveh,9.937641508426431,7.012499999999999,6743,43041.387273681,1108.338994768737,0.00022224920257064366,5.728391958078795e-06,0.00583762144874767,5.896577829132029e-05,0.00040239758233178666,1.065384471915707e-05,1.2181502355483733,0.03137709851057801
56,-10,10,-34.64182389825159,6.375,звичайний твел UO₂,5,zakhidna,tvz_z_12_tveh,-11.04182389825159,6.375,6748,40584.95122999303,1261.6859051616345,0.00020964124652814582,6.523688959872903e-06,0.0037993156731250823,5.6657696747603355e-05,0.0003377082876053843,1.0629007152266809e-05,1.1486285882510578,0.03571511161079851
57,-8,9,-32.43345911860128,6.375,звичайний твел UO₂,5,zakhidna,tvz_z_12_tveh,-8.833459118601272,6.375,6753,31768.326244722215,995.3343584233166,0.00016405209630041478,5.145615159277292e-06,0.003746096006409401,5.064905422965897e-05,0.0002611826390017788,7.5110439920449115e-06,0.8991019237349117,0.02817529178424679
58,-6,8,-30.225094338950957,6.375,звичайний твел UO₂,5,zakhidna,tvz_z_12_tveh,-6.625094338950954,6.375,6758,31781.57318354751,1048.1632553479124,0.000164099375975813,5.419351668892895e-06,0.004033121438610971,4.711535019202118e-05,0.00026414742128481915,7.980834396845916e-06,0.8994768364101868,0.029670173545513292
60,-2,6,-25.80836477965032,6.375,звичайний твел UO₂,5,zakhidna,tvz_z_12_tveh,-2.208364779650318,6.375,6766,27746.78079164205,839.545460634797,0.00014323674815285554,4.34120735402568e-06,0.004369109423660919,5.3089596829107646e-05,0.0002616590899787423,7.366689749561654e-06,0.7852848083666614,0.023765653998202674
61,0,5,-23.6,6.375,звичайний твел UO₂,5,zakhidna,tvz_z_12_tveh,0.0,6.375,6771,30934.852592324853,842.7379556727311,0.00015970114896576965,4.3556362052526464e-06,0.004766791275693524,5.741709045243298e-05,0.000292388597887411,6.859120144446855e-06,0.8755130900494315,0.02385719328660871
62,2,4,-21.391635220349684,6.375,звичайний твел UO₂,5,zakhidna,tvz_z_12_tveh,2.208364779650318,6.375,6776,36830.85607654008,1120.2036309879902,0.0001901710282571705,5.792351949687022e-06,0.005090347939557157,6.78588634727731e-05,0.000337523189918854,1.0194373194016215e-05,1.0423808071009821,0.03171039043772339
63,4,3,-19.183270440699367,6.375,звичайний твел UO₂,5,zakhidna,tvz_z_12_tveh,4.416729559300636,6.375,6781,35668.92118444412,1072.3325503810045,0.0001841591543448596,5.544079733070727e-06,0.005224353958724593,6.289462726918269e-05,0.0003265958171172478,8.386226157611466e-06,1.0094959176456633,0.0303554180418903
64,6,2,-16.974905661049046,6.375,звичайний твел UO₂,5,zakhidna,tvz_z_12_tveh,6.625094338950954,6.375,6786,37292.53263541571,1136.8708295431857,0.0001925456533404165,5.877466140669584e-06,0.0055011069726103555,6.427639078112762e-05,0.0003496320622196066,1.0342401992998986e-05,1.0554471008374156,0.032182169758054255
65,8,1,-14.76654088139873,6.375,звичайний твел UO₂,5,zakhidna,tvz_z_12_tveh,8.833459118601272,6.375,6791,37436.548894911524,945.5934292176736,0.0001932711398689606,4.889057127067963e-06,0.005666143928579495,5.8188183984071636e-05,0.0003511705894464826,8.94019976227204e-06,1.059523025233442,0.026770072759526354
66,10,0,-12.558176101748412,6.375,звичайний твел UO₂,5,zakhidna,tvz_z_12_tveh,11.04182389825159,6.375,6796,44882.412976512176,1144.7393760297289,0.00023176019579425133,5.9194213954132685e-06,0.006040746476074601,6.701199212181097e-05,0.0004122262571529747,9.819875360172238e-06,1.270254640996423,0.03240777502780659
67,-9,9,-33.53764150842643,5.7375,звичайний твел UO₂,5,zakhidna,tvz_z_12_tveh,-9.937641508426431,5.7375,6801,30283.87892787965,934.2085440021641,0.00015637218979604861,4.830011935948709e-06,0.003807108141433989,5.5985080987564806e-05,0.00025892842671280106,7.618162500796568e-06,0.8570893408882466,0.026445143993472458
68,-7,8,-31.329276728776115,5.7375,звичайний твел UO₂,5,zakhidna,tvz_z_12_tveh,-7.729276728776114,5.7375,6806,29383.188392514097,910.0904444213121,0.000151716261195632,4.705857348909293e-06,0.0038885886095277955,5.351903340315792e-05,0.0002681804291981388,7.1761904866026474e-06,0.8315981460799733,0.02576237823325009
69,-5,7,-29.120911949125798,5.7375,звичайний твел UO₂,5,zakhidna,tvz_z_12_tveh,-5.520911949125795,5.7375,6811,30818.426642306636,991.6735740206858,0.00015912494592408663,5.12803730982298e-06,0.004135978959138463,6.093381745863884e-05,0.0002676126358539762,7.886158416669382e-06,0.8722180220364784,0.02807137983722916
70,-3,6,-26.912547169475477,5.7375,звичайний твел UO₂,5,zakhidna,tvz_z_12_tveh,-3.312547169475477,5.7375,6816,32570.445314097244,985.760173141851,0.00016816918531204291,5.095841063561996e-06,0.004365287453684335,5.8725182445164605e-05,0.0002842067141038604,8.033387236718051e-06,0.9218033651890192,0.027904662319875945
71,-1,5,-24.70418238982516,5.7375,твег UO₂-Gd₂O₃,5,zakhidna,tvz_z_12_tveh,-1.104182389825159,5.7375,6821,11137.302672735987,215.93652458461145,5.73675698214551e-05,1.1153619805920723e-06,0.004161879989655095,5.4111859934810335e-05,0.0007382213464691485,2.460088398656825e-05,0.3152061012323081,0.00611451699504971
72,1,4,-22.495817610174843,5.7375,звичайний твел UO₂,5,zakhidna,tvz_z_12_tveh,1.104182389825159,5.7375,6826,33592.66255905269,1008.0776149961138,0.00017343036491829626,5.212555389308888e-06,0.00492603777610152,5.571603641959586e-05,0.0003051107209989361,8.736024655583076e-06,0.9507339888653966,0.028536521684866034
73,3,3,-20.287452830524526,5.7375,звичайний твел UO₂,5,zakhidna,tvz_z_12_tveh,3.312547169475477,5.7375,6831,33920.86141026207,981.451254094935,0.00017512693179426604,5.074207142660203e-06,0.005102027378031779,6.281402368565713e-05,0.0003123356915838315,8.90186515471816e-06,0.9600226185595394,0.027783234119888145
74,5,2,-18.079088050874205,5.7375,звичайний твел UO₂,5,zakhidna,tvz_z_12_tveh,5.520911949125795,5.7375,6836,34827.65119639694,1084.5305591065494,0.00017978507163196554,5.606479875015126e-06,0.005342771801668515,5.813709158637066e-05,0.0003266176924801305,9.368976859363474e-06,0.9856864333559666,0.030700274901428026
75,7,1,-15.870723271223888,5.7375,звичайний твел UO₂,5,zakhidna,tvz_z_12_tveh,7.729276728776114,5.7375,6841,36018.629417145596,891.6047550990261,0.00018594770691551576,4.609991098896862e-06,0.0054916211061961295,6.372431972725424e-05,0.000332469667398844,8.545824215796356e-06,1.0193933023031274,0.02524194726292728
76,9,0,-13.66235849157357,5.7375,звичайний твел UO₂,5,zakhidna,tvz_z_12_tveh,9.937641508426431,5.7375,6846,40351.87455757379,1151.1592491840443,0.00020834132959825124,5.950033178521826e-06,0.005838714972439316,6.161854680715467e-05,0.0003663126588873174,9.35426218253621e-06,1.1420320907542882,0.032587595658883854
77,-10,9,-34.64182389825159,5.1,звичайний твел UO₂,5,zakhidna,tvz_z_12_tveh,-11.04182389825159,5.1,6851,32248.078984329662,1059.608965584498,0.00016652813741523077,5.477906864402908e-06,0.003917934125553717,6.127382514442445e-05,0.0002883622022187425,9.659167172228565e-06,0.9126798065536458,0.029994204646035732
78,-8,8,-32.43345911860128,5.1,твег UO₂-Gd₂O₃,5,zakhidna,tvz_z_12_tveh,-8.833459118601272,5.1,6856,10086.944921575028,256.64448408107415,5.1966361234678824e-05,1.3253109544984469e-06,0.0034277402187977758,4.75275356138558e-05,0.000709269714275364,2.588028564381283e-05,0.28547904959591325,0.007265661378764231
79,-6,7,-30.225094338950957,5.1,звичайний твел UO₂,5,zakhidna,tvz_z_12_tveh,-6.625094338950954,5.1,6861,30565.02574716364,984.1174730019768,0.00015780346378975308,5.089102584023721e-06,0.004167137600676828,4.629401904201638e-05,0.00026546165137854896,7.32275434503059e-06,0.8650463117441533,0.027857482442046964
80,-4,6,-28.016729559300636,5.1,звичайний твел UO₂,5,zakhidna,tvz_z_12_tveh,-4.416729559300636,5.1,6866,32605.39449118149,840.075280687864,0.00016835686646292098,4.342771778739441e-06,0.004376150531919464,5.689855099305611e-05,0.00029168888710448255,7.709060487340107e-06,0.9227924910279866,0.023782539874760436
81,-2,5,-25.80836477965032,5.1,звичайний твел UO₂,5,zakhidna,tvz_z_12_tveh,-2.208364779650318,5.1,6871,29465.57111376687,1008.9090294345106,0.00015211565582440761,5.2157624483044315e-06,0.0044131389618378486,4.7238212436304886e-05,0.0002766222681661487,8.676092922601682e-06,0.833929728253686,0.028558647374686812
82,0,4,-23.6,5.1,звичайний твел UO₂,5,zakhidna,tvz_z_12_tveh,0.0,5.1,6876,30381.36922568669,982.8302905045405,0.00015684424662743509,5.080336841110677e-06,0.004803731776477257,6.118263041925758e-05,0.0002783031066623708,7.647306367125188e-06,0.859848495199008,0.027820997756404484
83,2,3,-21.391635220349684,5.1,звичайний твел UO₂,5,zakhidna,tvz_z_12_tveh,2.208364779650318,5.1,6881,33107.95547868692,964.7470848477867,0.0001709254696276256,4.986803693498154e-06,0.0050080740481424045,5.2001290784619466e-05,0.00030228771430316847,8.158785268654449e-06,0.9370158891125903,0.027310279130491125
84,4,2,-19.183270440699367,5.1,звичайний твел UO₂,5,zakhidna,tvz_z_12_tveh,4.416729559300636,5.1,6886,32773.886373170324,984.9266531351376,0.0001691848311209251,5.091893161767909e-06,0.005212576183711795,6.153510415116207e-05,0.0003164576602955817,1.0004718725433058e-05,0.9275611204503516,0.027881150361910925
85,6,1,-16.974905661049046,5.1,звичайний твел UO₂,5,zakhidna,tvz_z_12_tveh,6.625094338950954,5.1,6891,36377.490598261444,1179.540402731832,0.0001878100439748304,6.098802675702983e-06,0.005483829288475131,6.190706106729235e-05,0.0003340929320996291,9.404473913128868e-06,1.0295497321952638,0.033389246697434136
86,8,0,-14.76654088139873,5.1,твег UO₂-Gd₂O₃,5,zakhidna,tvz_z_12_tveh,8.833459118601272,5.1,6896,13977.11496750091,247.75217101135087,7.200466982873981e-05,1.2784305722531765e-06,0.005304782343348205,5.656367027342569e-05,0.0009604009729457504,2.5415019831627348e-05,0.3955779998838268,0.007016119786815656
87,10,-1,-12.558176101748412,5.1,звичайний твел UO₂,5,zakhidna,tvz_z_12_tveh,11.04182389825159,5.1,6901,43589.19461253161,1051.5659430702258,0.00022507042379569365,5.437236267010234e-06,0.006065144993034388,5.438261429906434e-05,0.0004095204076663059,1.0303022365948016e-05,1.2336541883975893,0.02977105145306516
88,-9,8,-33.53764150842643,4.4624999999999995,звичайний твел UO₂,5,zakhidna,tvz_z_12_tveh,-9.937641508426431,4.4624999999999995,6906,26946.96685332421,917.2110620726831,0.0001391146088914093,4.7422259627477175e-06,0.0038640985987923203,5.403045258510454e-05,0.0002447603410108915,7.290553904002736e-06,0.7626486063511072,0.025963052841300786
89,-7,7,-31.329276728776115,4.4624999999999995,звичайний твел UO₂,5,zakhidna,tvz_z_12_tveh,-7.729276728776114,4.4624999999999995,6911,26893.80110182549,841.5410168844567,0.00013884591222715418,4.351169381519891e-06,0.003959336218511135,5.4402166585273535e-05,0.00025103436133125536,7.2529233044447045e-06,0.761143918031015,0.02382181954782233
90,-5,6,-29.120911949125798,4.4624999999999995,звичайний твел UO₂,5,zakhidna,tvz_z_12_tveh,-5.520911949125795,4.4624999999999995,6916,29973.76419081257,842.5839622743777,0.00015474352944461423,4.3561244099555815e-06,0.0042368726718483634,5.2532835828707236e-05,0.000266365480017777,7.29037566727023e-06,0.8483125248064778,0.02385245910760458
91,-3,5,-26.912547169475477,4.4624999999999995,звичайний твел UO₂,5,zakhidna,tvz_z_12_tveh,-3.312547169475477,4.4624999999999995,6921,29837.57916246725,978.7885875019687,0.00015404141190482597,5.059191213839706e-06,0.0043687743930759864,5.8055137035601005e-05,0.0002729012507603354,8.616371443767485e-06,0.8444582386213655,0.027706449625601818
92,-1,4,-24.70418238982516,4.4624999999999995,звичайний твел UO₂,5,zakhidna,tvz_z_12_tveh,-1.104182389825159,4.4624999999999995,6926,29999.067106572897,904.7381877107065,0.00015487485149174917,4.677885834132279e-06,0.004585278384087851,6.0631221985733095e-05,0.00028671282381999004,8.463416353727426e-06,0.8490286437502635,0.025611149367468267
93,1,3,-22.495817610174843,4.4624999999999995,звичайний твел UO₂,5,zakhidna,tvz_z_12_tveh,1.104182389825159,4.4624999999999995,6931,31729.275373000502,1015.2012548231269,0.00016380392729128392,5.24827288078661e-06,0.0048826887618068264,5.330977052744263e-05,0.000291461060578794,8.390381462735519e-06,0.8979967124115941,0.028737440477993852
94,3,2,-20.287452830524526,4.4624999999999995,звичайний твел UO₂,5,zakhidna,tvz_z_12_tveh,3.312547169475477,4.4624999999999995,6936,30893.79768816046,968.4903665064442,0.00015947475121772068,5.006209624533568e-06,0.005119208900107909,5.51965911567987e-05,0.0002901852348086568,8.219766660142896e-06,0.8743511609308304,0.02741540299471823
95,5,1,-18.079088050874205,4.4624999999999995,звичайний твел UO₂,5,zakhidna,tvz_z_12_tveh,5.520911949125795,4.4624999999999995,6941,35498.65164627555,1135.70604148807,0.0001832664242422225,5.871383264405711e-06,0.00540898636185516,6.525490634130787e-05,0.0003397673184501092,1.0979021770288049e-05,1.004676977291629,0.03214858697223086
96,7,0,-15.870723271223888,4.4624999999999995,звичайний твел UO₂,5,zakhidna,tvz_z_12_tveh,7.729276728776114,4.4624999999999995,6946,36935.17887502836,910.8427613528862,0.00019069444323858555,4.70986902764521e-06,0.005620086965626595,5.377264369620428e-05,0.0003479863501287469,8.079739523051564e-06,1.045333333717829,0.025786649747229235
97,9,-1,-13.66235849157357,4.4624999999999995,звичайний твел UO₂,5,zakhidna,tvz_z_12_tveh,9.937641508426431,4.4624999999999995,6951,39061.74091824634,969.9249096335361,0.00020165142138103614,5.0146613098649085e-06,0.005979611258603933,5.198271786049592e-05,0.00037008833006266635,8.427168703350942e-06,1.1055189415232316,0.027459192113907405
98,-10,8,-34.64182389825159,3.8249999999999997,звичайний твел UO₂,5,zakhidna,tvz_z_12_tveh,-11.04182389825159,3.8249999999999997,6956,28802.28390423558,1143.4435720859822,0.00014869625319673552,5.911586671428238e-06,0.003951859942149991,6.363111126865763e-05,0.0002508270136991047,9.475674797848063e-06,0.8151574831727095,0.032365488888569154
99,-8,7,-32.43345911860128,3.8249999999999997,звичайний твел UO₂,5,zakhidna,tvz_z_12_tveh,-8.833459118601272,3.8249999999999997,6961,26028.700901332897,806.1270864058562,0.00013436563583264113,4.167039278443532e-06,0.003973446314381734,5.411255915571115e-05,0.00023538896120308992,6.859065005551162e-06,0.736659995003576,0.022819437005356304
101,-4,5,-28.016729559300636,3.8249999999999997,звичайний твел UO₂,5,zakhidna,tvz_z_12_tveh,-4.416729559300636,3.8249999999999997,6969,29301.139188159486,900.6966503610026,0.00015126967382175115,4.656390113765478e-06,0.00434849459012577,5.6293382646736384e-05,0.0002688126797268867,6.823745375127746e-06,0.8292760030464414,0.02549654130182383
102,-2,4,-25.80836477965032,3.8249999999999997,звичайний твел UO₂,5,zakhidna,tvz_z_12_tveh,-2.208364779650318,3.8249999999999997,6974,31619.130054683734,900.5203127734384,0.00016324677760945548,4.655398066491386e-06,0.004563962884292622,5.3696885973761344e-05,0.0002869244150822755,8.852146017918828e-06,0.8948793977999862,0.025492402612018333
103,0,3,-23.6,3.8249999999999997,звичайний твел UO₂,5,zakhidna,tvz_z_12_tveh,0.0,3.8249999999999997,6979,35363.275840425085,1058.4652926485953,0.00018259309869843256,5.473066285678099e-06,0.0048024217784872385,5.737925560980291e-05,0.00031470740070259584,8.685002221259305e-06,1.000845593587946,0.029962922237642017
104,2,2,-21.391635220349684,3.8249999999999997,звичайний твел UO₂,5,zakhidna,tvz_z_12_tveh,2.208364779650318,3.8249999999999997,6984,34595.47116046012,1017.0078079385573,0.00017861998810852876,5.2574729563909606e-06,0.00507081824590268,6.642719953730178e-05,0.0003159029984761526,8.368777881730785e-06,0.9791153123168682,0.02878957406664017
105,4,1,-19.183270440699367,3.8249999999999997,твег UO₂-Gd₂O₃,5,zakhidna,tvz_z_12_tveh,4.416729559300636,3.8249999999999997,6989,13023.260726082959,257.57546111657626,6.709971989327783e-05,1.3312802764006865e-06,0.004774600728005527,5.3871143943465166e-05,0.0008816877729307255,2.4215413504886562e-05,0.3685821746453454,0.007293431395891174
107,8,-1,-14.76654088139873,3.8249999999999997,звичайний твел UO₂,5,zakhidna,tvz_z_12_tveh,8.833459118601272,3.8249999999999997,6997,37534.30132931019,1059.282457872109,0.00019377313135990126,5.476448740209354e-06,0.00576658821286509,6.515290370446772e-05,0.0003439951691615392,8.926462358806153e-06,1.0622895984907352,0.029986855340802848
108,10,-2,-12.558176101748412,3.8249999999999997,звичайний твел UO₂,5,zakhidna,tvz_z_12_tveh,11.04182389825159,3.8249999999999997,7002,44410.21911308289,1111.8886372413515,0.00022930735293079775,5.7491672440822445e-06,0.006188125526763055,5.901418707092572e-05,0.00039955727506662696,9.606298655452192e-06,1.256890688243148,0.03147811515210075
109,-9,7,-33.53764150842643,3.1875,звичайний твел UO₂,5,zakhidna,tvz_z_12_tveh,-9.937641508426431,3.1875,7007,27787.03242147012,866.4898561636583,0.00014346198875969147,4.478851918318932e-06,0.003991454141474275,5.567921771661704e-05,0.0002526256747580254,8.236423116424815e-06,0.786424003347634,0.024528089097235174
110,-7,6,-31.329276728776115,3.1875,звичайний твел UO₂,5,zakhidna,tvz_z_12_tveh,-7.729276728776114,3.1875,7012,29264.87524596647,997.6137848778853,0.00015109748418660172,5.156885315016277e-06,0.004128990441921538,4.9208347245452214e-05,0.00026965507279133323,7.721049879628549e-06,0.828249666942462,0.02823895998065243
111,-5,5,-29.120911949125798,3.1875,звичайний твел UO₂,5,zakhidna,tvz_z_12_tveh,-5.520911949125795,3.1875,7017,28620.731243843245,861.0410972202062,0.00014774956820679552,4.451342291358537e-06,0.004348159908218694,5.7270957984911944e-05,0.00026110881819072537,7.956421086932573e-06,0.8100192097565878,0.02437420621186902
112,-3,4,-26.912547169475477,3.1875,звичайний твел UO₂,5,zakhidna,tvz_z_12_tveh,-3.312547169475477,3.1875,7022,29708.402599310626,866.1372622278735,0.00015337833031914594,4.478572491504346e-06,0.004415969488058953,5.383339201402469e-05,0.0002771542297028942,8.342739365475336e-06,0.8408023048607735,0.02451880415651174
113,-1,3,-24.70418238982516,3.1875,звичайний твел UO₂,5,zakhidna,tvz_z_12_tveh,-1.104182389825159,3.1875,7027,33385.066576087,1066.6695731367495,0.00017236086729738081,5.515276075009304e-06,0.004788980190140179,4.994934629508909e-05,0.0003094078033053405,1.09413518387373e-05,0.9448586416341241,0.030194377208938538
115,3,1,-20.287452830524526,3.1875,звичайний твел UO₂,5,zakhidna,tvz_z_12_tveh,3.312547169475477,3.1875,7035,31531.52488680868,871.057275262431,0.00016275864639730546,4.502527889294314e-06,0.005285348346386973,6.008371751047215e-05,0.00030298848909936113,8.813505162776034e-06,0.8924000108043093,0.024658713879710456
116,5,0,-18.079088050874205,3.1875,звичайний твел UO₂,5,zakhidna,tvz_z_12_tveh,5.520911949125795,3.1875,7040,36697.62819530982,919.4898403266997,0.00018946304387247053,4.753542632373888e-06,0.0054791867896396415,5.8731338217160506e-05,0.00033822960803806543,8.099898127257622e-06,1.0386102136052309,0.026031198308214955
117,7,-1,-15.870723271223888,3.1875,звичайний твел UO₂,5,zakhidna,tvz_z_12_tveh,7.729276728776114,3.1875,7045,38265.363440918045,1027.0761558067175,0.0001975581719003777,5.309969543456601e-06,0.005666667252403347,5.439283734068811e-05,0.00035096754077528446,8.564612788602032e-06,1.0829799976591687,0.029075876958821023
118,9,-2,-13.66235849157357,3.1875,звичайний твел UO₂,5,zakhidna,tvz_z_12_tveh,9.937641508426431,3.1875,7050,42320.480851729466,1073.7306272264168,0.00021850191509481423,5.552383230034658e-06,0.0060711350316666425,6.347709803783774e-05,0.0003841088713789899,8.76612838332565e-06,1.197747261031667,0.030397599512149563
119,-10,7,-34.64182389825159,2.55,звичайний твел UO₂,5,zakhidna,tvz_z_12_tveh,-11.04182389825159,2.55,7055,30810.1116134722,1014.2348372621252,0.00015908262630032983,5.244708102232052e-06,0.004095384732869195,5.665157501416736e-05,0.0002779109350566116,8.219330340624957e-06,0.8719826914633987,0.028709786633308473
120,-8,6,-32.43345911860128,2.55,звичайний твел UO₂,5,zakhidna,tvz_z_12_tveh,-8.833459118601272,2.55,7060,27580.93840313673,964.2649084548399,0.00014238152475512224,4.985319450175406e-06,0.004141074009089029,6.30984405480937e-05,0.00025975257997432717,8.397855215086778e-06,0.7805911644713776,0.027294747951665217
121,-6,5,-30.225094338950957,2.55,звичайний твел UO₂,5,zakhidna,tvz_z_12_tveh,-6.625094338950954,2.55,7065,26768.4985255698,909.8076506863473,0.0001381899714734847,4.70286163055155e-06,0.004109817602183054,5.4894802700517336e-05,0.0002434549907063202,7.909443676366278e-06,0.7575976252080134,0.025753500490026192
122,-4,4,-28.016729559300636,2.55,звичайний твел UO₂,5,zakhidna,tvz_z_12_tveh,-4.416729559300636,2.55,7070,29342.282257746167,726.7017116497844,0.00015148145913290126,3.757980638453745e-06,0.0044056827393638654,4.814993939630645e-05,0.0002607609252539899,5.638536318035432e-06,0.830440427408266,0.02057342162309942
124,0,2,-23.6,2.55,звичайний твел UO₂,5,zakhidna,tvz_z_12_tveh,0.0,2.55,7078,36043.16489800224,1050.7258262016028,0.00018610529662355942,5.431912241637071e-06,0.0049641712252716024,6.3393175742847e-05,0.0003270495193737554,9.839673039588436e-06,1.0200877014309893,0.029744179096899755
125,2,1,-21.391635220349684,2.55,звичайний твел UO₂,5,zakhidna,tvz_z_12_tveh,2.208364779650318,2.55,7083,36490.87388432154,972.0995626043061,0.0001884070508634171,5.026180640944557e-06,0.005184037648238245,5.8920204168689474e-05,0.0003352731950415608,9.29522671006439e-06,1.0327586872352845,0.027519635452549016
126,4,0,-19.183270440699367,2.55,звичайний твел UO₂,5,zakhidna,tvz_z_12_tveh,4.416729559300636,2.55,7088,35380.02658137017,929.7146640911311,0.00018264994587533775,4.806348990618814e-06,0.005439553046165133,6.0258836925628794e-05,0.0003325354330412423,8.860320841078014e-06,1.001319670292261,0.026319937894060143
127,6,-1,-16.974905661049046,2.55,звичайний твел UO₂,5,zakhidna,tvz_z_12_tveh,6.625094338950954,2.55,7093,38434.861612101864,1104.3454801853054,0.00019843436434489485,5.709806122538328e-06,0.005647495439566382,6.22567796790329e-05,0.00035822610553401583,9.282245631620152e-06,1.0877771069121702,0.031262263272207526
128,8,-2,-14.76654088139873,2.55,звичайний твел UO₂,5,zakhidna,tvz_z_12_tveh,8.833459118601272,2.55,7098,40450.52864879792,975.7207873578807,0.0002088408919995282,5.043739217834925e-06,0.00592014285018512,6.394703898254949e-05,0.0003620028207410126,8.26610863506832e-06,1.1448241825541723,0.027623789489131273
129,10,-3,-12.558176101748412,2.55,звичайний твел UO₂,5,zakhidna,tvz_z_12_tveh,11.04182389825159,2.55,7103,46588.32835775758,1081.4009924915968,0.0002405566409946925,5.590610973628105e-06,0.0061760746110628905,6.33889219040628e-05,0.00042455652099561864,1.1271637162016119e-05,1.3185351764326119,0.030616524692648698
130,-9,6,-33.53764150842643,1.9124999999999999,звичайний твел UO₂,5,zakhidna,tvz_z_12_tveh,-9.937641508426431,1.9124999999999999,7108,27032.586654915107,803.1157388076325,0.00013955459210897574,4.152533887449695e-06,0.004032601093009925,5.59465246759775e-05,0.000246145232936407,7.547030998167836e-06,0.765071803838037,0.02273458737824905
131,-7,5,-31.329276728776115,1.9124999999999999,звичайний твел UO₂,5,zakhidna,tvz_z_12_tveh,-7.729276728776114,1.9124999999999999,7113,26260.42611256058,858.3625686285678,0.00013556255146316,4.437933069526843e-06,0.004083926155206828,5.49256247537243e-05,0.00024290003349710726,7.39830296394104e-06,0.7432182436688579,0.024297596077651598
132,-5,4,-29.120911949125798,1.9124999999999999,твег UO₂-Gd₂O₃,5,zakhidna,tvz_z_12_tveh,-5.520911949125795,1.9124999999999999,7118,10613.405367660791,260.91591560689136,5.467935491694062e-05,1.347992421669854e-06,0.0038832925583008444,4.9989140413338304e-05,0.0006929613188550199,2.329928045898017e-05,0.30037884621093597,0.007386742159308943
133,-3,3,-26.912547169475477,1.9124999999999999,звичайний твел UO₂,5,zakhidna,tvz_z_12_tveh,-3.312547169475477,1.9124999999999999,7123,31399.646424436534,990.3088528066666,0.00016211704542439933,5.117847732284202e-06,0.004541637804825951,6.002073824562562e-05,0.00029079106719826577,7.787657704320097e-06,0.888667608338262,0.028032961053992042
134,-1,2,-24.70418238982516,1.9124999999999999,звичайний твел UO₂,5,zakhidna,tvz_z_12_tveh,-1.104182389825159,1.9124999999999999,7128,36143.617509416916,1144.2037051207406,0.00018662799399210596,5.916230965003569e-06,0.004877298376225031,5.078884733416177e-05,0.00032863991318622193,1.0380420718212307e-05,1.0229306946523316,0.03238926088488295
135,1,1,-22.495817610174843,1.9124999999999999,звичайний твел UO₂,5,zakhidna,tvz_z_12_tveh,1.104182389825159,1.9124999999999999,7133,36602.20474169175,1146.6336259330812,0.00018898280340115734,5.928013974610921e-06,0.005151982159625965,6.0129368515325866e-05,0.0003306650164728308,8.510829607431314e-06,1.0359095547774244,0.032458176862991094
136,3,0,-20.287452830524526,1.9124999999999999,звичайний твел UO₂,5,zakhidna,tvz_z_12_tveh,3.312547169475477,1.9124999999999999,7138,34405.48218640434,907.0075618981515,0.00017762276266218452,4.688549571090506e-06,0.005249208092167232,5.497955566919079e-05,0.0003246707131563493,9.389023424565235e-06,0.973738275744463,0.025677061237817118
137,5,-1,-18.079088050874205,1.9124999999999999,звичайний твел UO₂,5,zakhidna,tvz_z_12_tveh,5.520911949125795,1.9124999999999999,7143,36835.81248803402,917.290855990259,0.0001901688728166045,4.743077965185504e-06,0.0055576073939204475,5.7917148963831865e-05,0.0003475074365327623,7.883779157364014e-06,1.042521082640672,0.025969042174164715
138,7,-2,-15.870723271223888,1.9124999999999999,звичайний твел UO₂,5,zakhidna,tvz_z_12_tveh,7.729276728776114,1.9124999999999999,7148,40480.02827244352,1119.5060353884057,0.00020899341604759203,5.786459986723857e-06,0.00586423992050998,6.487627800233447e-05,0.0003723205383077356,1.008209880096983e-05,1.145659076031559,0.03169201883998817
139,9,-3,-13.66235849157357,1.9124999999999999,звичайний твел UO₂,5,zakhidna,tvz_z_12_tveh,9.937641508426431,1.9124999999999999,7153,41832.54451737009,1158.644686229595,0.0002159713914672717,5.989824740178243e-06,0.006120485324010812,6.357814390035018e-05,0.00038677814048556844,9.535649661969141e-06,1.1839377674655538,0.03279996761269264
140,-10,6,-34.64182389825159,1.275,звичайний твел UO₂,5,zakhidna,tvz_z_12_tveh,-11.04182389825159,1.275,7158,30529.820935564996,919.6887278904719,0.00015762819098157633,4.755449775911468e-06,0.004163652661450941,6.302513710504807e-05,0.0002743150698176312,8.774580234755445e-06,0.8640499509793702,0.02603437890979306
141,-8,5,-32.43345911860128,1.275,звичайний твел UO₂,5,zakhidna,tvz_z_12_tveh,-8.833459118601272,1.275,7163,28778.95912518785,947.1053489482806,0.0001485820603827095,4.897056231511418e-06,0.004155355924017332,5.945499104490806e-05,0.00025769498081480095,6.957936790542681e-06,0.8144973491275301,0.0268095653916682
142,-6,4,-30.225094338950957,1.275,звичайний твел UO₂,5,zakhidna,tvz_z_12_tveh,-6.625094338950954,1.275,7168,26047.182765269154,886.7170241860706,0.0001344530958043808,4.58317153182415e-06,0.0042279111966277375,5.369044114059815e-05,0.0002518406635914896,8.698412355865606e-06,0.7371830656649413,0.025099871521223543
143,-4,3,-28.016729559300636,1.275,звичайний твел UO₂,5,zakhidna,tvz_z_12_tveh,-4.416729559300636,1.275,7173,28797.63427655851,963.2291443780158,0.0001486692677149868,4.980013513266151e-06,0.004370856820585174,5.81779551628121e-05,0.0002702765204747161,8.579448535421345e-06,0.815025890177948,0.027265825011343066
144,-2,2,-25.80836477965032,1.275,звичайний твел UO₂,5,zakhidna,tvz_z_12_tveh,-2.208364779650318,1.275,7178,35208.53791003645,1096.9076724460317,0.00018180128230807786,5.672016270761671e-06,0.004784101194910414,5.317437333757827e-05,0.00031444510743628345,8.085289637484925e-06,0.9964662262326923,0.031050633416072587
145,0,1,-23.6,1.275,звичайний твел UO₂,5,zakhidna,tvz_z_12_tveh,0.0,1.275,7183,36771.64323243209,951.3977964809055,0.00018986410700559745,4.91864621002551e-06,0.00500293009935871,6.401209093827565e-05,0.00033232417771350147,8.845892928724456e-06,1.040704974964369,0.02693401652444776
146,2,0,-21.391635220349684,1.275,звичайний твел UO₂,5,zakhidna,tvz_z_12_tveh,2.208364779650318,1.275,7188,37523.54606720983,995.2220447527964,0.0001937541922005834,5.1450784615516046e-06,0.00525437166911811,5.1973942996694896e-05,0.00033163486626575133,7.558409067762205e-06,1.061985204838699,0.02817428819822984
147,4,-1,-19.183270440699367,1.275,звичайний твел UO₂,5,zakhidna,tvz_z_12_tveh,4.416729559300636,1.275,7193,37581.4320544321,1126.5129316940759,0.00019403164065064506,5.8239679568052216e-06,0.005476195001030107,5.730832944418739e-05,0.0003541492649062233,1.0444187646935749e-05,1.0636234844908254,0.03188918747967621
148,6,-2,-16.974905661049046,1.275,звичайний твел UO₂,5,zakhidna,tvz_z_12_tveh,6.625094338950954,1.275,7198,40991.907746681005,1093.7796199427103,0.0002116403112975284,5.655157453648233e-06,0.005849862847650982,5.45478048098828e-05,0.0003747002712936167,8.374759991834904e-06,1.1601462043889683,0.03096430777576889
149,8,-3,-14.76654088139873,1.275,звичайний твел UO₂,5,zakhidna,tvz_z_12_tveh,8.833459118601272,1.275,7203,42506.425848273786,895.430817037931,0.00021947291910882395,4.629572342848202e-06,0.005994353444486732,6.22815584347815e-05,0.00039205786754832367,9.16185279670256e-06,1.203009845620292,0.025353285159312216
150,10,-4,-12.558176101748412,1.275,звичайний твел UO₂,5,zakhidna,tvz_z_12_tveh,11.04182389825159,1.275,7208,45555.769361122744,1166.2129094420843,0.0002352160639069255,6.030102472898439e-06,0.006294278983071648,6.265361830229e-05,0.00041380631691001897,1.0635278150433307e-05,1.289311862207853,0.03301562297794904
151,-9,5,-33.53764150842643,0.6375,звичайний твел UO₂,5,zakhidna,tvz_z_12_tveh,-9.937641508426431,0.6375,7213,29146.762740767324,854.3568739209126,0.00015047074918500162,4.416776802790704e-06,0.004197850681585801,6.342131619422193e-05,0.0002577180577045711,7.63644878539767e-06,0.8249068663232654,0.024185263830577248
152,-7,4,-31.329276728776115,0.6375,звичайний твел UO₂,5,zakhidna,tvz_z_12_tveh,-7.729276728776114,0.6375,7218,31583.604187186156,1084.9787731498475,0.00016308065944541526,5.608744285194194e-06,0.0042713151532775984,5.73569201527628e-05,0.00027956515460538027,8.556758685455437e-06,0.8938739505641649,0.030711880064662942
153,-5,3,-29.120911949125798,0.6375,звичайний твел UO₂,5,zakhidna,tvz_z_12_tveh,-5.520911949125795,0.6375,7223,28727.57535454686,927.6166004562723,0.00014831436844952477,4.795012983745111e-06,0.004374344334134044,5.363953262321848e-05,0.00026907951701803985,8.34144943192509e-06,0.8130430941354296,0.026258080459460143
154,-3,2,-26.912547169475477,0.6375,звичайний твел UO₂,5,zakhidna,tvz_z_12_tveh,-3.312547169475477,0.6375,7228,30946.78619105741,1040.688572983521,0.0001597755277244806,5.380588793028188e-06,0.004552710558808289,4.567090899161554e-05,0.00028313927967010637,8.70195997647418e-06,0.875850832790263,0.02945839080739056
155,-1,1,-24.70418238982516,0.6375,звичайний твел UO₂,5,zakhidna,tvz_z_12_tveh,-1.104182389825159,0.6375,7233,36037.15723416657,1058.3988019232174,0.00018608086850433985,5.472652506718706e-06,0.004993365721869078,5.4914014238780615e-05,0.00034055748496081544,9.804861104435286e-06,1.0199176735211084,0.02996128753260847
156,1,0,-22.495817610174843,0.6375,звичайний твел UO₂,5,zakhidna,tvz_z_12_tveh,1.104182389825159,0.6375,7238,38406.870195549,1062.571308297888,0.00019831170341142522,5.493773892358742e-06,0.005216128998743087,5.327883725104177e-05,0.0003434471223759585,9.289045336358317e-06,1.0869848984628843,0.030080251917517495
158,5,-2,-18.079088050874205,0.6375,звичайний твел UO₂,5,zakhidna,tvz_z_12_tveh,5.520911949125795,0.6375,7246,37672.84972320714,961.777835680237,0.00019449181550431412,4.972702899576881e-06,0.0056447906325090705,5.189545549887726e-05,0.000355792619664824,9.391383581492917e-06,1.0662107722574465,0.027228085978877863
160,9,-4,-13.66235849157357,0.6375,звичайний твел UO₂,5,zakhidna,tvz_z_12_tveh,9.937641508426431,0.6375,7254,41972.00070401346,1086.5136481423763,0.00021669700922672425,5.617702697482229e-06,0.006071682249733559,6.035512160081629e-05,0.0003931005290262287,9.945079339169436e-06,1.187884633432678,0.030759129282349883
161,-10,5,-34.64182389825159,0.0,звичайний твел UO₂,5,zakhidna,tvz_z_12_tveh,-11.04182389825159,0.0,7259,31962.582545923862,1122.5057029614177,0.00016503855946605183,5.8044030468883445e-06,0.004270020139330837,6.524679378901545e-05,0.00029683091559559613,9.179333364739133e-06,0.9045997334955707,0.031773910673649944
162,-8,4,-32.43345911860128,0.0,звичайний твел UO₂,5,zakhidna,tvz_z_12_tveh,-8.833459118601272,0.0,7264,29434.912615637826,915.489897610195,0.00015196386677651528,4.733016635441998e-06,0.004209350144196509,5.948702746332098e-05,0.0002720825940049143,8.800799453546075e-06,0.8330620365020243,0.02591518033933919
163,-6,3,-30.225094338950957,0.0,звичайний твел UO₂,5,zakhidna,tvz_z_12_tveh,-6.625094338950954,0.0,7269,31214.273282155344,954.465277847047,0.00016116722407552017,4.935141905560687e-06,0.004377785707667091,5.491310428042961e-05,0.0002837933608200778,9.210844172670396e-06,0.8834212082745667,0.027018658997195657
164,-4,2,-28.016729559300636,0.0,звичайний твел UO₂,5,zakhidna,tvz_z_12_tveh,-4.416729559300636,0.0,7274,31706.395965549407,987.9480648306039,0.0001637058443696711,5.109081200284505e-06,0.0045036539499949705,4.5114790984710716e-05,0.00028352009153296713,6.725858533923574e-06,0.8973491831998022,0.02796626566490301
165,-2,1,-25.80836477965032,0.0,звичайний твел UO₂,5,zakhidna,tvz_z_12_tveh,-2.208364779650318,0.0,7279,34467.23969181346,903.6966641545002,0.00017795805500262025,4.671889742390315e-06,0.004829752632255883,5.3529414303193784e-05,0.0003091564304808662,7.94336520035374e-06,0.9754861264650415,0.025583408239777967
167,2,-1,-21.391635220349684,0.0,звичайний твел UO₂,5,zakhidna,tvz_z_12_tveh,2.208364779650318,0.0,7287,37669.56129202902,1112.6535994029725,0.00019449446551228963,5.752023193486001e-06,0.0053335449220370205,6.669165436520063e-05,0.00034731410593245496,9.992030615172749e-06,1.066117703621235,0.031497060029932314
168,4,-2,-19.183270440699367,0.0,звичайний твел UO₂,5,zakhidna,tvz_z_12_tveh,4.416729559300636,0.0,7292,38769.45891890064,1053.9565352687712,0.0002001795440781065,5.448975191955382e-06,0.005555043843017889,5.996854337307867e-05,0.0003493118302489982,8.827941353177263e-06,1.0972468246398794,0.02983664367826488
169,6,-3,-16.974905661049046,0.0,звичайний твел UO₂,5,zakhidna,tvz_z_12_tveh,6.625094338950954,0.0,7297,39107.64737708871,1019.546092746153,0.0002018958499747725,5.269566835686287e-06,0.005820640817970322,5.9706356390083115e-05,0.0003599108891659503,8.42130136342137e-06,1.1068181785412312,0.028863166345887002
170,8,-4,-14.76654088139873,0.0,звичайний твел UO₂,5,zakhidna,tvz_z_12_tveh,8.833459118601272,0.0,7302,42180.88449921902,1032.835602378366,0.00021779011105635204,5.340639441831084e-06,0.005965544392391766,5.3627905253091705e-05,0.00037655511216426577,7.928977399036439e-06,1.1937964281133175,0.02924049162254198
171,10,-5,-12.558176101748412,0.0,звичайний твел UO₂,5,zakhidna,tvz_z_12_tveh,11.04182389825159,0.0,7307,44533.48089426122,1260.2938451924024,0.0002299391547433786,6.51642464959511e-06,0.006179952948185574,6.375176877564843e-05,0.00040128864405251257,1.0414716720243298e-05,1.2603792228208501,0.035677168769093826
172,-9,4,-33.53764150842643,-0.6375,звичайний твел UO₂,5,zakhidna,tvz_z_12_tveh,-9.937641508426431,-0.6375,7312,28396.84222261652,947.2509735340496,0.00014659161367793175,4.897094558794855e-06,0.004151937254367098,5.814082542011951e-05,0.0002542438820234163,7.689381121223316e-06,0.8036827396467872,0.026813560935313882
174,-5,2,-29.120911949125798,-0.6375,звичайний твел UO₂,5,zakhidna,tvz_z_12_tveh,-5.520911949125795,-0.6375,7320,28867.999447828064,845.8403201163012,0.00014903935816022035,4.373314402162388e-06,0.004386307631710901,5.231494892671376e-05,0.00027050580778862233,8.515737101780512e-06,0.8170173536363952,0.023944180298782293
176,-1,0,-24.70418238982516,-0.6375,звичайний твел UO₂,5,zakhidna,tvz_z_12_tveh,-1.104182389825159,-0.6375,7328,35207.0436048413,915.0080554258058,0.0001817783749325347,4.730097436116634e-06,0.004947489709552018,5.710231096501625e-05,0.00031856816960735103,7.860106242060752e-06,0.9964239346538015,0.025903758881085294
177,1,-1,-22.495817610174843,-0.6375,звичайний твел UO₂,5,zakhidna,tvz_z_12_tveh,1.104182389825159,-0.6375,7333,37734.94937565263,976.5882305134563,0.00019484361534072877,5.049958425762952e-06,0.005144077912435603,6.365098022894158e-05,0.0003410969011682005,8.734133346385506e-06,1.0679683063669523,0.02764715193029553
178,3,-2,-20.287452830524526,-0.6375,звичайний твел UO₂,5,zakhidna,tvz_z_12_tveh,3.312547169475477,-0.6375,7338,36956.531632007034,1038.4196671097238,0.00019081255506859282,5.367756306894164e-06,0.005349709516954969,6.052416090193704e-05,0.0003354180041021,9.154839543288554e-06,1.0459376559200337,0.029396320153905735
179,5,-3,-18.079088050874205,-0.6375,звичайний твел UO₂,5,zakhidna,tvz_z_12_tveh,5.520911949125795,-0.6375,7343,34842.6815039218,1017.5286027534884,0.00017986944941111147,5.260654602835993e-06,0.005446642185375245,6.184216832920295e-05,0.0003349142723717781,9.279981610320843e-06,0.9861118186377037,0.02880440179611955
180,7,-4,-15.870723271223888,-0.6375,звичайний твел UO₂,5,zakhidna,tvz_z_12_tveh,7.729276728776114,-0.6375,7348,41289.19470522104,1143.2800263598945,0.00021318900482206985,5.910673688634297e-06,0.005836153291743107,6.059419512079262e-05,0.0003741512359157355,9.730690788343768e-06,1.1685599708010106,0.03236501530888477
181,9,-5,-13.66235849157357,-0.6375,звичайний твел UO₂,5,zakhidna,tvz_z_12_tveh,9.937641508426431,-0.6375,7353,42299.21933709843,1130.799119232148,0.00021838666968002174,5.846420838965467e-06,0.006123461018903752,6.306825555970805e-05,0.00038908498512725656,1.006975320733946e-05,1.1971455211553192,0.03201227718087879
182,-10,4,-34.64182389825159,-1.275,звичайний твел UO₂,5,zakhidna,tvz_z_12_tveh,-11.04182389825159,-1.275,7358,30976.48686107699,1005.3491135582343,0.00015993855582185942,5.198645809301885e-06,0.004121105555618534,5.9786377165719656e-05,0.00028431334893269037,9.72264502020906e-06,0.8766914162489291,0.028458404727844614
183,-8,3,-32.43345911860128,-1.275,звичайний твел UO₂,5,zakhidna,tvz_z_12_tveh,-8.833459118601272,-1.275,7363,28456.558102411564,783.7699626412702,0.00014691577025186504,4.052438251827012e-06,0.004238835878678441,5.302990910528724e-05,0.0002656574518689432,7.35112919628836e-06,0.805372808616353,0.0221877353581167
184,-6,2,-30.225094338950957,-1.275,звичайний твел UO₂,5,zakhidna,tvz_z_12_tveh,-6.625094338950954,-1.275,7368,32054.766964152666,977.8665980881125,0.00016551868629793357,5.055492912339903e-06,0.004365102082180722,5.4568565375111e-05,0.00028442926921714093,8.516138618756362e-06,0.9072087216786252,0.027681121854522116
185,-4,1,-28.016729559300636,-1.275,звичайний твел UO₂,5,zakhidna,tvz_z_12_tveh,-4.416729559300636,-1.275,7373,31847.842623696506,953.3446312101152,0.0001644428295152141,4.927807544035111e-06,0.004556251612802301,6.0075941505467214e-05,0.00029245227098613404,8.10192074763132e-06,0.9013523831627545,0.02698717658545659
186,-2,0,-25.80836477965032,-1.275,звичайний твел UO₂,5,zakhidna,tvz_z_12_tveh,-2.208364779650318,-1.275,7378,33575.10077380825,817.9888100366088,0.00017333895292896988,4.229314368882947e-06,0.004810715797413457,5.048020712743097e-05,0.0003093197496840348,8.71259606406612e-06,0.950236958119242,0.02315806333060668
187,0,-1,-23.6,-1.275,звичайний твел UO₂,5,zakhidna,tvz_z_12_tveh,0.0,-1.275,7383,35609.13149316377,994.7556627298903,0.00018385275150135838,5.143933255204404e-06,0.005067353191869546,5.920520782009002e-05,0.0003198596514295544,8.389316743094918e-06,1.007803759675628,0.02816032858144797
188,2,-2,-21.391635220349684,-1.275,звичайний твел UO₂,5,zakhidna,tvz_z_12_tveh,2.208364779650318,-1.275,7388,37827.395291694265,1097.317603550847,0.000195321174501811,5.673000722271638e-06,0.005342288835922867,5.8589240867721464e-05,0.0003468634649724345,9.735773859242795e-06,1.0705846954179266,0.031063178850524484
189,4,-3,-19.183270440699367,-1.275,звичайний твел UO₂,5,zakhidna,tvz_z_12_tveh,4.416729559300636,-1.275,7393,33615.49442036543,1082.6266446893035,0.00017352489023772088,5.596185411522149e-06,0.005386917371163621,5.906114257379034e-05,0.00031588888094416983,8.828580092296583e-06,0.9513801724342318,0.03064598543159037
190,6,-4,-16.974905661049046,-1.275,звичайний твел UO₂,5,zakhidna,tvz_z_12_tveh,6.625094338950954,-1.275,7398,36350.9682978551,900.4995607902151,0.0001876614822083491,4.654678197555196e-06,0.005545221081221696,6.362293801881636e-05,0.00034173830438576135,9.137227663342386e-06,1.0287991024285734,0.025493753535811313
191,8,-5,-14.76654088139873,-1.275,звичайний твел UO₂,5,zakhidna,tvz_z_12_tveh,8.833459118601272,-1.275,7403,41832.85834067604,1107.8988787565577,0.00021598009950026076,5.729129882696823e-06,0.006036817344184724,5.194541706924797e-05,0.0003822214612654966,9.3596560115037e-06,1.1839466492409398,0.03136414363048065
192,10,-6,-12.558176101748412,-1.275,звичайний твел UO₂,5,zakhidna,tvz_z_12_tveh,11.04182389825159,-1.275,7408,46283.75760360632,1274.4165427181263,0.0002389693633554622,6.5895834064634885e-06,0.006243355886406041,6.404507026831395e-05,0.0004096818086312238,1.0053972906542215e-05,1.3099152652398942,0.03607744924793269
193,-9,3,-33.53764150842643,-1.9124999999999999,звичайний твел UO₂,5,zakhidna,tvz_z_12_tveh,-9.937641508426431,-1.9124999999999999,7413,27924.65255941779,891.6675780271174,0.00014416511726263452,4.6097261290340206e-06,0.00415409495992142,5.277546394168741e-05,0.0002634652986301928,8.523169094207298e-06,0.790318905767744,0.02524057495318789
194,-7,2,-31.329276728776115,-1.9124999999999999,звичайний твел UO₂,5,zakhidna,tvz_z_12_tveh,-7.729276728776114,-1.9124999999999999,7418,27878.028887102402,978.0392632376107,0.0001439214507067726,5.055758097469034e-06,0.00414421377672036,5.554301574338593e-05,0.00025562277089712413,7.775581106640816e-06,0.7889993702924585,0.027684618599047563
195,-5,1,-29.120911949125798,-1.9124999999999999,звичайний твел UO₂,5,zakhidna,tvz_z_12_tveh,-5.520911949125795,-1.9124999999999999,7423,30172.64066175022,1005.3600583543434,0.00015578127808233764,5.198592004703641e-06,0.004358282924643354,5.440244295615868e-05,0.00027642360110104067,8.709979129419128e-06,0.8539410938481143,0.028458449093029973
196,-3,0,-26.912547169475477,-1.9124999999999999,звичайний твел UO₂,5,zakhidna,tvz_z_12_tveh,-3.312547169475477,-1.9124999999999999,7428,32658.8183285562,938.1062147573401,0.0001686163257420194,4.8496304786965854e-06,0.004644421880128899,5.133891101734845e-05,0.00030533479872704185,8.171321316522617e-06,0.9243044836519253,0.02655629783190293
197,-1,-1,-24.70418238982516,-1.9124999999999999,звичайний твел UO₂,5,zakhidna,tvz_z_12_tveh,-1.104182389825159,-1.9124999999999999,7433,34215.546917512416,1042.4547689633862,0.00017666068804923437,5.3897335707410436e-06,0.00484213314890004,5.410964276835662e-05,0.00031660149373703944,9.088517491840808e-06,0.9683627591267373,0.029509477784027124
198,1,-2,-22.495817610174843,-1.9124999999999999,звичайний твел UO₂,5,zakhidna,tvz_z_12_tveh,1.104182389825159,-1.9124999999999999,7438,35209.56892682853,977.834137246121,0.00018179241604886833,5.055959063695492e-06,0.0050985939496263144,5.895695351674739e-05,0.0003185129029155994,8.92067672498548e-06,0.9964954058996983,0.027681381016306107
199,3,-3,-20.287452830524526,-1.9124999999999999,звичайний твел UO₂,5,zakhidna,tvz_z_12_tveh,3.312547169475477,-1.9124999999999999,7443,35887.452618143696,1063.790448691198,0.00018528121559168177,5.500173760967919e-06,0.005254841887763048,5.550975906636979e-05,0.00033748141753662094,9.438800315154924e-06,1.0156807581979248,0.030113792356544065
200,5,-4,-18.079088050874205,-1.9124999999999999,твег UO₂-Gd₂O₃,5,zakhidna,tvz_z_12_tveh,5.520911949125795,-1.9124999999999999,7448,13419.425435350418,293.13104950124125,6.912495068430707e-05,1.515172923322425e-06,0.005054323727324088,5.3076003473357694e-05,0.0008803023599433742,2.5909300694877427e-05,0.37979436283160306,0.008299480446894126
201,7,-5,-15.870723271223888,-1.9124999999999999,звичайний твел UO₂,5,zakhidna,tvz_z_12_tveh,7.729276728776114,-1.9124999999999999,7453,39580.9757566787,1008.560130567243,0.00020434970243094234,5.214328717894645e-06,0.00587242160778408,6.430475800621169e-05,0.00036133133075184453,9.404654240068096e-06,1.120214240183553,0.02855253250336022
202,9,-6,-13.66235849157357,-1.9124999999999999,звичайний твел UO₂,5,zakhidna,tvz_z_12_tveh,9.937641508426431,-1.9124999999999999,7458,43992.04503556081,1135.3522265910267,0.0002271381806896962,5.870277899719159e-06,0.006170532722424158,5.925913182178171e-05,0.00038974600264548697,9.260541373410776e-06,1.2450555945507749,0.0321418022136943
203,-10,3,-34.64182389825159,-2.55,звичайний твел UO₂,5,zakhidna,tvz_z_12_tveh,-11.04182389825159,-2.55,7463,29832.088780116756,988.9094132922762,0.0001540323385343758,5.113498967841919e-06,0.004005854452692757,5.4386613058894446e-05,0.0002687098003776136,8.219411246561577e-06,0.8443028507266637,0.02799283525373402
204,-8,2,-32.43345911860128,-2.55,звичайний твел UO₂,5,zakhidna,tvz_z_12_tveh,-8.833459118601272,-2.55,7468,27910.678620638206,876.5844489800749,0.00014409506138555515,4.531706561398613e-06,0.004079263651652304,5.532945057719836e-05,0.00024495433333570076,6.763269081499742e-06,0.789923417659806,0.0248137715491006
205,-6,1,-30.225094338950957,-2.55,звичайний твел UO₂,5,zakhidna,tvz_z_12_tveh,-6.625094338950954,-2.55,7473,31260.50603583247,828.1337533682131,0.0001614067825150637,4.280744028688411e-06,0.004263501658955241,5.555695852207405e-05,0.0002701700526464309,7.2126828187734255e-06,0.8847296800351012,0.023444108934798574
206,-4,0,-28.016729559300636,-2.55,звичайний твел UO₂,5,zakhidna,tvz_z_12_tveh,-4.416729559300636,-2.55,7478,29732.334290701714,1124.217649939425,0.00015350208227776164,5.813142210735502e-06,0.004393130486395665,5.879691975978302e-05,0.00028191225546992185,9.11511018254955e-06,0.8414796156388801,0.031821690159023905
207,-2,-1,-25.80836477965032,-2.55,звичайний твел UO₂,5,zakhidna,tvz_z_12_tveh,-2.208364779650318,-2.55,7483,35023.81244003686,1020.194187893913,0.00018083833943057903,5.275094193000629e-06,0.0046739822647252315,5.735566357679392e-05,0.0003159898063429328,9.293076624997014e-06,0.9912381564829661,0.028879893146806633
208,0,-2,-23.6,-2.55,звичайний твел UO₂,5,zakhidna,tvz_z_12_tveh,0.0,-2.55,7488,37583.676231882644,1033.5560747806203,0.00019406899624381207,5.3437165038713525e-06,0.005049152576681593,5.630045280232e-05,0.00032607330268177013,8.15054995427089e-06,1.063686998830468,0.029258950590307392
210,4,-4,-19.183270440699367,-2.55,звичайний твел UO₂,5,zakhidna,tvz_z_12_tveh,4.416729559300636,-2.55,7496,34500.98491627352,1064.6954203039033,0.00017810534899246643,5.504298539592617e-06,0.0053454811063281486,6.166857178478383e-05,0.00032203676404282206,1.0351439349775693e-05,0.9764411782356378,0.03013890170597592
211,6,-5,-16.974905661049046,-2.55,звичайний твел UO₂,5,zakhidna,tvz_z_12_tveh,6.625094338950954,-2.55,7501,36113.27319513415,991.2574305983318,0.00018643138654534297,5.1244764073402805e-06,0.005621261206271193,6.75777318014958e-05,0.00034159525027581655,8.518144540664025e-06,1.0220718948800085,0.028061544546496286
212,8,-6,-14.76654088139873,-2.55,звичайний твел UO₂,5,zakhidna,tvz_z_12_tveh,8.833459118601272,-2.55,7506,40853.53885125903,1300.25428529186,0.00021092617171710324,6.720894214862442e-06,0.005920819258651776,7.116969351674201e-05,0.00037399258121548776,9.99538949853169e-06,1.1562301107584565,0.03680654869962648
213,10,-7,-12.558176101748412,-2.55,звичайний твел UO₂,5,zakhidna,tvz_z_12_tveh,11.04182389825159,-2.55,7511,47680.917522491174,1261.854248153704,0.00024621205658609133,6.525564279122166e-06,0.006165971350513414,5.684328630570237e-05,0.00043015797943635995,1.0274644593672723e-05,1.3494574545626126,0.03572256862880059
214,-9,2,-33.53764150842643,-3.1875,звичайний твел UO₂,5,zakhidna,tvz_z_12_tveh,-9.937641508426431,-3.1875,7516,28006.712950968584,927.1708860007565,0.00014458337625826057,4.794358074180034e-06,0.004050991757072041,5.0603025604601484e-05,0.0002602314471725643,8.83247094591556e-06,0.792641365419455,0.026245228860926114
215,-7,1,-31.329276728776115,-3.1875,звичайний твел UO₂,5,zakhidna,tvz_z_12_tveh,-7.729276728776114,-3.1875,7521,29886.490818238144,987.4683000932396,0.00015431613390032767,5.105236934085585e-06,0.004133854458657003,5.751402962485955e-05,0.0002750982447378687,8.386041395603165e-06,0.8458425282266128,0.02795207408778413
216,-5,0,-29.120911949125798,-3.1875,звичайний твел UO₂,5,zakhidna,tvz_z_12_tveh,-5.520911949125795,-3.1875,7526,28111.872855771267,876.6581803420618,0.00014513331297990372,4.532087134854045e-06,0.004258561631330325,5.354327182957402e-05,0.00026767784871163636,7.886946037666388e-06,0.7956175836809877,0.024815927650595104
217,-3,-1,-26.912547169475477,-3.1875,звичайний твел UO₂,5,zakhidna,tvz_z_12_tveh,-3.312547169475477,-3.1875,7531,29040.573719981192,876.5054190353202,0.00014991379209206343,4.530625120992435e-06,0.004487582694318604,6.146952482171405e-05,0.0002715464565247869,7.92539822792958e-06,0.8219015221910985,0.024811933702050364
219,1,-3,-22.495817610174843,-3.1875,звичайний твел UO₂,5,zakhidna,tvz_z_12_tveh,1.104182389825159,-3.1875,7539,35907.422685057056,1007.6694376229307,0.00018539952122018,5.208367743140889e-06,0.00506433140935829,5.901590957440851e-05,0.0003220643649986524,8.96183685508343e-06,1.0162459477342134,0.02852583835212146
220,3,-4,-20.287452830524526,-3.1875,звичайний твел UO₂,5,zakhidna,tvz_z_12_tveh,3.312547169475477,-3.1875,7544,36820.33113949849,1157.8596695967206,0.00019011128096773212,5.98678476804839e-06,0.005265237202244076,5.9462733299386546e-05,0.00033407705924069634,1.0017684811764622e-05,1.0420829320707274,0.03277590809032059
221,5,-5,-18.079088050874205,-3.1875,звичайний твел UO₂,5,zakhidna,tvz_z_12_tveh,5.520911949125795,-3.1875,7549,35257.94527351627,1076.1347510577423,0.00018202071309174998,5.56391227576914e-06,0.005474901970346112,5.038528160043965e-05,0.0003381745418547072,1.0405669052670927e-05,0.9978645452756654,0.03046285755636493
222,7,-6,-15.870723271223888,-3.1875,звичайний твел UO₂,5,zakhidna,tvz_z_12_tveh,7.729276728776114,-3.1875,7554,37865.45592947473,1098.8180798345898,0.00019548469946038233,5.680943993037122e-06,0.005760052051312665,6.081700967477623e-05,0.00034497084860135726,8.832733210152403e-06,1.0716618813037484,0.031105649648351788
223,9,-7,-13.66235849157357,-3.1875,звичайний твел UO₂,5,zakhidna,tvz_z_12_tveh,9.937641508426431,-3.1875,7559,41173.67229824303,1160.8828902401633,0.00021256664659372805,6.003633677189894e-06,0.0060420960541836405,5.6937473011481465e-05,0.00037812645580294406,9.112492677591663e-06,1.1652904747139867,0.03286304144108102
224,-10,2,-34.64182389825159,-3.8249999999999997,звичайний твел UO₂,5,zakhidna,tvz_z_12_tveh,-11.04182389825159,-3.8249999999999997,7564,30024.477930062465,969.787121310151,0.0001550244634174259,5.0137016753376665e-06,0.003961248760949533,5.4532816687173765e-05,0.00026812210876710603,8.92562005802052e-06,0.8497478166807844,0.027451800037559697
225,-8,1,-32.43345911860128,-3.8249999999999997,звичайний твел UO₂,5,zakhidna,tvz_z_12_tveh,-8.833459118601272,-3.8249999999999997,7569,26887.111139010678,882.6390471014603,0.00013880639164307683,4.562949821241852e-06,0.0039289165600515175,5.129280103717458e-05,0.0002470288812477631,7.835041559188456e-06,0.7609545798080889,0.024984749841944206
227,-4,-1,-28.016729559300636,-3.8249999999999997,твег UO₂-Gd₂O₃,5,zakhidna,tvz_z_12_tveh,-4.416729559300636,-3.8249999999999997,7577,10539.789677748704,257.32699944359524,5.4296321269249786e-05,1.3299152423293438e-06,0.003889909667103859,5.026461671429614e-05,0.0006760899358253155,2.0385632022373604e-05,0.29829538711059933,0.007285169077510993
228,-2,-2,-25.80836477965032,-3.8249999999999997,звичайний твел UO₂,5,zakhidna,tvz_z_12_tveh,-2.208364779650318,-3.8249999999999997,7582,33608.649635455135,1017.7862409845246,0.00017353012845168454,5.262495568297548e-06,0.004684065007435467,5.624181558045244e-05,0.0003023532276856917,8.504705458449944e-06,0.9511864524619238,0.028811241401231227
229,0,-3,-23.6,-3.8249999999999997,звичайний твел UO₂,5,zakhidna,tvz_z_12_tveh,0.0,-3.8249999999999997,7587,33773.38178091046,983.587801579491,0.0001743655908544476,5.085669129429733e-06,0.004861328129118117,5.6677524248777174e-05,0.00031063462416157286,8.826733110414771e-06,0.9558486744417319,0.02784363343464827
230,2,-4,-21.391635220349684,-3.8249999999999997,звичайний твел UO₂,5,zakhidna,tvz_z_12_tveh,2.208364779650318,-3.8249999999999997,7592,34113.92277123336,1000.3928385419875,0.00017612816879757225,5.172039532937586e-06,0.005096763557275772,5.4684445598096555e-05,0.0003242357857376343,9.34811962201333e-06,0.9654866093191093,0.028319266519231893
231,4,-5,-19.183270440699367,-3.8249999999999997,звичайний твел UO₂,5,zakhidna,tvz_z_12_tveh,4.416729559300636,-3.8249999999999997,7597,36658.24118531159,1067.80079746713,0.00018925999562616587,5.521033256041391e-06,0.005376379258802131,5.650635544759456e-05,0.0003385722494266807,8.75260305146832e-06,1.0374954889519148,0.030227552092384896
233,8,-7,-14.76654088139873,-3.8249999999999997,звичайний твел UO₂,5,zakhidna,tvz_z_12_tveh,8.833459118601272,-3.8249999999999997,7605,36915.41082109596,1008.2288340468722,0.0001905817488157257,5.210885492023162e-06,0.005706838651235984,6.85216806811545e-05,0.0003511762068751227,9.175422794255128e-06,1.044773861519571,0.028542061527378357
234,10,-8,-12.558176101748412,-3.8249999999999997,звичайний твел UO₂,5,zakhidna,tvz_z_12_tveh,11.04182389825159,-3.8249999999999997,7610,44240.27014691062,1183.253786796552,0.00022842754843994666,6.116994884112343e-06,0.006068924353264043,5.464548979706619e-05,0.000398972063391311,9.343803500376247e-06,1.2520808206648197,0.03349723029740115
235,-9,1,-33.53764150842643,-4.4624999999999995,звичайний твел UO₂,5,zakhidna,tvz_z_12_tveh,-9.937641508426431,-4.4624999999999995,7615,28327.446572526416,1027.8142285813185,0.00014625024130966138,5.313245362932814e-06,0.0038902413529234557,5.030092689076376e-05,0.0002477878963523474,8.963933117957802e-06,0.8017187154166717,0.029093265993989377
236,-7,0,-31.329276728776115,-4.4624999999999995,звичайний твел UO₂,5,zakhidna,tvz_z_12_tveh,-7.729276728776114,-4.4624999999999995,7620,28150.136316049608,851.1345104662138,0.0001453334618770471,4.399638668753907e-06,0.004009486706285403,4.906362986432725e-05,0.0002597079379561214,7.98580006103774e-06,0.7967005098156539,0.024093721373984484
237,-5,-1,-29.120911949125798,-4.4624999999999995,звичайний твел UO₂,5,zakhidna,tvz_z_12_tveh,-5.520911949125795,-4.4624999999999995,7625,27256.041991725247,783.260276536043,0.00014071213596854207,4.049022332799566e-06,0.004173528852076456,5.241752632932716e-05,0.00024996385688120956,6.8410558545380275e-06,0.7713959998830902,0.022172850569020797
238,-3,-2,-26.912547169475477,-4.4624999999999995,звичайний твел UO₂,5,zakhidna,tvz_z_12_tveh,-3.312547169475477,-4.4624999999999995,7630,31010.448929284576,1053.8649894248529,0.00016010896379063484,5.448663362420652e-06,0.004349341900879127,4.9326894269998e-05,0.00027777295937076726,8.919582679724302e-06,0.8776526050954623,0.02983126544427607
239,-1,-3,-24.70418238982516,-4.4624999999999995,звичайний твел UO₂,5,zakhidna,tvz_z_12_tveh,-1.104182389825159,-4.4624999999999995,7635,33191.05305380544,951.8565147986976,0.00017136896059946887,4.9206572451628895e-06,0.0047362107774168985,5.9696444147856086e-05,0.00030423570619255114,8.023237441802869e-06,0.9393677029623734,0.026945567244596333
240,1,-4,-22.495817610174843,-4.4624999999999995,звичайний твел UO₂,5,zakhidna,tvz_z_12_tveh,1.104182389825159,-4.4624999999999995,7640,30796.446996011964,827.6425057524852,0.00015898631623170772,4.27844325607633e-06,0.004877579777955978,6.202914929904752e-05,0.00028905509890046456,7.703918462723694e-06,0.8715959577163653,0.023430020711337447
241,3,-5,-20.287452830524526,-4.4624999999999995,звичайний твел UO₂,5,zakhidna,tvz_z_12_tveh,3.312547169475477,-4.4624999999999995,7645,35437.699562093796,1001.7773558132217,0.00018295875365832124,5.178881442294675e-06,0.005331667308131864,6.227769270066166e-05,0.00032821926940337085,8.436137550229728e-06,1.0029519214696347,0.02835894092406773
242,5,-6,-18.079088050874205,-4.4624999999999995,звичайний твел UO₂,5,zakhidna,tvz_z_12_tveh,5.520911949125795,-4.4624999999999995,7650,37707.212454548484,835.3215929935874,0.00019468717464166967,4.31931711286092e-06,0.0054127696060936765,5.349531622098063e-05,0.00035560774723106665,8.143691083568421e-06,1.067183300605833,0.023650371037080117
243,7,-7,-15.870723271223888,-4.4624999999999995,звичайний твел UO₂,5,zakhidna,tvz_z_12_tveh,7.729276728776114,-4.4624999999999995,7655,35266.35421160913,881.9490058378383,0.000182061550811943,4.560611830046665e-06,0.0054728228436661,5.597106446599394e-05,0.0003355392383651223,8.478521305617222e-06,0.9981025336530703,0.024968428334713907
244,9,-8,-13.66235849157357,-4.4624999999999995,звичайний твел UO₂,5,zakhidna,tvz_z_12_tveh,9.937641508426431,-4.4624999999999995,7660,38150.383157246324,987.8695416369972,0.00019695845503618333,5.107605462057763e-06,0.005946056797554622,6.205789041324031e-05,0.0003535486729537201,8.6188201061918e-06,1.0797258446564433,0.027966516562805667
245,-10,1,-34.64182389825159,-5.1,звичайний твел UO₂,5,zakhidna,tvz_z_12_tveh,-11.04182389825159,-5.1,7665,32497.229587007347,1152.328537549182,0.00016781620034183296,5.956623326000287e-06,0.0039082861035203125,5.731993538572736e-05,0.00028179295997358695,8.97199693028348e-06,0.9197312257704335,0.032617986103628344
246,-8,0,-32.43345911860128,-5.1,твег UO₂-Gd₂O₃,5,zakhidna,tvz_z_12_tveh,-8.833459118601272,-5.1,7670,9872.388248167419,214.99667505128392,5.08592503543824e-05,1.111145542814209e-06,0.00339803282382478,3.921866800138431e-05,0.0007399586288466159,2.2348675165745723e-05,0.27940670205311524,0.00608726052030207
247,-6,-1,-30.225094338950957,-5.1,звичайний твел UO₂,5,zakhidna,tvz_z_12_tveh,-6.625094338950954,-5.1,7675,28338.781325021933,927.7821273693855,0.00014631084745338893,4.79648034304138e-06,0.00398291936873705,5.027134982134707e-05,0.0002549237322028867,7.5258266239749905e-06,0.8020395097101851,0.02626263453374154
248,-4,-2,-28.016729559300636,-5.1,звичайний твел UO₂,5,zakhidna,tvz_z_12_tveh,-4.416729559300636,-5.1,7680,27845.069522306767,768.3723586451646,0.00014375301801165637,3.972063153118438e-06,0.004163331432267333,5.565461477486053e-05,0.00025653377568523466,7.489026505895659e-06,0.7880665597923221,0.021751824108201756
249,-2,-3,-25.80836477965032,-5.1,звичайний твел UO₂,5,zakhidna,tvz_z_12_tveh,-2.208364779650318,-5.1,7685,29626.69652574339,887.2819609697174,0.00015294741010174356,4.587124110495273e-06,0.0044823624141543325,4.864096513499986e-05,0.0002691153034268635,7.462729828153115e-06,0.8384898730581275,0.025117076512527228
250,0,-4,-23.6,-5.1,звичайний твел UO₂,5,zakhidna,tvz_z_12_tveh,0.0,-5.1,7690,32043.08320809548,965.3439288995481,0.00016543212561758597,4.99075358976166e-06,0.004730641523821733,5.4784292089386806e-05,0.00029471612095832077,8.360978364035979e-06,0.9068780499439375,0.027326777092232822
251,2,-5,-21.391635220349684,-5.1,звичайний твел UO₂,5,zakhidna,tvz_z_12_tveh,2.208364779650318,-5.1,7695,32224.490006090793,848.9546018849786,0.00016634850615098774,4.38829851651433e-06,0.005098084740956619,5.7819377456303324e-05,0.00030954594408668165,8.075879438543439e-06,0.9120121951865838,0.024033611304170012
252,4,-6,-19.183270440699367,-5.1,звичайний твел UO₂,5,zakhidna,tvz_z_12_tveh,4.416729559300636,-5.1,7700,38135.225147677476,1150.349251413697,0.00019690171587311952,5.94724007396744e-06,0.005417949898455507,6.481380789093475e-05,0.0003417773850079648,9.211084336474924e-06,1.0792968451725435,0.03256385590930649
253,6,-7,-16.974905661049046,-5.1,звичайний твел UO₂,5,zakhidna,tvz_z_12_tveh,6.625094338950954,-5.1,7705,37539.93822330692,978.0338855582864,0.00019381095862031381,5.057482292931909e-06,0.0055416099436900275,5.3267746793193355e-05,0.0003574822992334028,9.348266948096577e-06,1.0624491329338566,0.02768797348249829
254,8,-8,-14.76654088139873,-5.1,твег UO₂-Gd₂O₃,5,zakhidna,tvz_z_12_tveh,8.833459118601272,-5.1,7710,14261.739475547343,329.6670259614722,7.347729459889063e-05,1.705115861481128e-06,0.00511469931787763,5.078393146205132e-05,0.000960074736286334,3.100321368646391e-05,0.40363339571284584,0.009333530027492477
255,10,-9,-12.558176101748412,-5.1,звичайний твел UO₂,5,zakhidna,tvz_z_12_tveh,11.04182389825159,-5.1,7715,43314.89317502308,1337.45715668005,0.00022365304166562953,6.915989834812031e-06,0.006008897419240729,6.130357180510403e-05,0.00040616344022006447,1.1411235174273757e-05,1.22589095440637,0.037860105080490036
256,-9,0,-33.53764150842643,-5.7375,звичайний твел UO₂,5,zakhidna,tvz_z_12_tveh,-9.937641508426431,-5.7375,7720,32278.495534024114,1002.1089328967495,0.00016669030478306694,5.181475164963301e-06,0.0037306386443974426,5.0400040501493576e-05,0.0002870587088746278,9.644375462102411e-06,0.9135406507206627,0.028367164423989264
257,-7,-1,-31.329276728776115,-5.7375,звичайний твел UO₂,5,zakhidna,tvz_z_12_tveh,-7.729276728776114,-5.7375,7725,27467.98951673585,871.5585281228831,0.00014182944754828164,4.505222273708877e-06,0.0038174025862545047,5.571109136479422e-05,0.00024199402207605167,6.9960569273076135e-06,0.7773945037387834,0.02467140392638558
258,-5,-2,-29.120911949125798,-5.7375,звичайний твел UO₂,5,zakhidna,tvz_z_12_tveh,-5.520911949125795,-5.7375,7730,28821.297620291225,1070.1082585814345,0.0001487983096999675,5.532834211244648e-06,0.004071055212065312,5.344480584266288e-05,0.0002623627001537958,9.324925788535786e-06,0.8156956062249373,0.030290240330162133
259,-3,-3,-26.912547169475477,-5.7375,звичайний твел UO₂,5,zakhidna,tvz_z_12_tveh,-3.312547169475477,-5.7375,7735,30341.367347784682,811.0744280408716,0.00015666090948648862,4.193808856985008e-06,0.004250312320948745,4.984200560721431e-05,0.0002846487930726266,7.038376310647593e-06,0.8587163686558075,0.022961054573470578
260,-1,-4,-24.70418238982516,-5.7375,звичайний твел UO₂,5,zakhidna,tvz_z_12_tveh,-1.104182389825159,-5.7375,7740,31539.95794243216,909.5397297885701,0.0001628342861672884,4.7025887759966115e-06,0.004600249558716472,4.9609145026559825e-05,0.00028192376004078243,7.826950351187708e-06,0.8926386817520838,0.025747579091733083
261,1,-5,-22.495817610174843,-5.7375,твег UO₂-Gd₂O₃,5,zakhidna,tvz_z_12_tveh,1.104182389825159,-5.7375,7745,11786.021147397048,265.4824699450336,6.0707846336833955e-05,1.3710874708476536e-06,0.004408157238818362,5.151116016446421e-05,0.0008342530083095001,2.7299659822751006e-05,0.33356602438460314,0.007516480571006985
262,3,-6,-20.287452830524526,-5.7375,звичайний твел UO₂,5,zakhidna,tvz_z_12_tveh,3.312547169475477,-5.7375,7750,37123.05425732564,1055.4182399025963,0.00019167755651391266,5.456295543979336e-06,0.005229304279172666,6.336432740778739e-05,0.0003372169015274906,8.896403260560675e-06,1.0506505517652853,0.029877359440951427
263,5,-7,-18.079088050874205,-5.7375,звичайний твел UO₂,5,zakhidna,tvz_z_12_tveh,5.520911949125795,-5.7375,7755,38247.40651521542,1051.536753315576,0.00019748297939648358,5.435999629705788e-06,0.00543145683000274,6.27029480031685e-05,0.0003449808025753034,9.002996646536755e-06,1.0824717837130131,0.02976796972582965
264,7,-8,-15.870723271223888,-5.7375,звичайний твел UO₂,5,zakhidna,tvz_z_12_tveh,7.729276728776114,-5.7375,7760,36706.66144350154,1068.832922509229,0.00018949656716696334,5.525063147433898e-06,0.005622095123303698,5.9564788587054985e-05,0.00034229378440512817,9.754240679189366e-06,1.0388658711039667,0.030256774566697443
265,9,-9,-13.66235849157357,-5.7375,звичайний твел UO₂,5,zakhidna,tvz_z_12_tveh,9.937641508426431,-5.7375,7765,39705.17274021505,908.1309268990353,0.0002049851412529035,4.695806803390138e-06,0.005926274997206716,5.489713743067371e-05,0.0003692897209678326,8.751238302867532e-06,1.1237292427039693,0.025711192565424295
266,-10,0,-34.64182389825159,-6.375,звичайний твел UO₂,5,zakhidna,tvz_z_12_tveh,-11.04182389825159,-6.375,7770,40869.98159255983,1270.4841810697662,0.00021112201084157124,6.567711593088362e-06,0.0038369761642701086,5.950125261104085e-05,0.00034108163077221205,1.0003982721986646e-05,1.1566954705076968,0.035964169075884955
267,-8,-1,-32.43345911860128,-6.375,звичайний твел UO₂,5,zakhidna,tvz_z_12_tveh,-8.833459118601272,-6.375,7775,32478.31161305993,896.5487796721097,0.00016773403980084855,4.635409318226304e-06,0.003779407335595428,4.6210584684053356e-05,0.0002778910769328304,7.137793182065366e-06,0.9191958123955437,0.02538036095524088
268,-6,-2,-30.225094338950957,-6.375,звичайний твел UO₂,5,zakhidna,tvz_z_12_tveh,-6.625094338950954,-6.375,7780,30106.295334545757,866.4210549416966,0.00015546055552496355,4.479582602423721e-06,0.003896916012944931,4.8216197465069294e-05,0.0002674086519127799,6.71612425146658e-06,0.8520633993526334,0.024526983265688824
269,-4,-3,-28.016729559300636,-6.375,звичайний твел UO₂,5,zakhidna,tvz_z_12_tveh,-4.416729559300636,-6.375,7785,30342.42607445052,973.4250105567335,0.0001566738325934047,5.032877151319685e-06,0.004081538186626145,4.902837987326789e-05,0.0002664006474475329,7.820163979696061e-06,0.8587463325630851,0.0275548471324691
270,-2,-4,-25.80836477965032,-6.375,звичайний твел UO₂,5,zakhidna,tvz_z_12_tveh,-2.208364779650318,-6.375,7790,31061.998308538914,777.5955881992265,0.0001603677783220758,4.0196087189519855e-06,0.0043164923114421515,4.843872778838671e-05,0.0002810969622073509,7.1705174639926884e-06,0.8791115471151922,0.022014115899760513
271,0,-5,-23.6,-6.375,звичайний твел UO₂,5,zakhidna,tvz_z_12_tveh,0.0,-6.375,7795,30515.747095071696,905.0023744157952,0.00015753054579714266,4.67940328657927e-06,0.004613480964450385,5.170212842850932e-05,0.00027877379302953625,7.657613373801233e-06,0.8636516354696268,0.025618812247962
272,2,-6,-21.391635220349684,-6.375,звичайний твел UO₂,5,zakhidna,tvz_z_12_tveh,2.208364779650318,-6.375,7800,31185.5215915542,813.9627035780887,0.00016098616465109498,4.207067184395709e-06,0.004928482855040942,5.9498001978827806e-05,0.00029133725228269676,6.579896607441829e-06,0.882607482674704,0.02304312247268775
274,6,-8,-16.974905661049046,-6.375,звичайний твел UO₂,5,zakhidna,tvz_z_12_tveh,6.625094338950954,-6.375,7808,36025.78574255397,936.5733324161653,0.0001859880580573167,4.8428786512346345e-06,0.005497505200813269,5.770346447901732e-05,0.000330904023052181,7.950311066969245e-06,1.01959583944317,0.02651426445817595
275,8,-9,-14.76654088139873,-6.375,звичайний твел UO₂,5,zakhidna,tvz_z_12_tveh,8.833459118601272,-6.375,7813,37240.15208248212,1089.733116097281,0.00019225683706310088,5.633110831648154e-06,0.005749483096745483,7.251033707033671e-05,0.0003446954735583568,9.662696308377134e-06,1.0539646350774603,0.030848353660121314
276,10,-10,-12.558176101748412,-6.375,звичайний твел UO₂,5,zakhidna,tvz_z_12_tveh,11.04182389825159,-6.375,7818,43540.80270490961,1086.1462589067562,0.00022482300119237855,5.614638164219098e-06,0.006055048050281559,5.9258652753890966e-05,0.00040003578464016765,9.814055673411115e-06,1.2322846086186305,0.03074940468304945
277,-9,-1,-33.53764150842643,-7.012499999999999,звичайний твел UO₂,5,zakhidna,tvz_z_12_tveh,-9.937641508426431,-7.012499999999999,7823,40235.15645313572,1207.8108718069711,0.00020784444791303484,6.245495453183561e-06,0.0037184683984079958,4.6715969353660325e-05,0.0003328388528081747,9.487379546995132e-06,1.1387287542351856,0.03419053827603769
278,-7,-2,-31.329276728776115,-7.012499999999999,звичайний твел UO₂,5,zakhidna,tvz_z_12_tveh,-7.729276728776114,-7.012499999999999,7828,32441.624569722626,1063.185060194951,0.00016753707212628684,5.497038358109237e-06,0.003730166723631912,5.0828893598166195e-05,0.00027429909046507454,9.01672163336046e-06,0.9181575017528419,0.030095460681137737
279,-5,-3,-29.120911949125798,-7.012499999999999,звичайний твел UO₂,5,zakhidna,tvz_z_12_tveh,-5.520911949125795,-7.012499999999999,7833,31553.47207395081,923.7476485049278,0.00016292997971557402,4.7767359880889326e-06,0.003921610723906046,5.480809777749545e-05,0.00027482710825138724,7.936898720368772e-06,0.8930211564708469,0.026149602993152336
281,-1,-5,-24.70418238982516,-7.012499999999999,звичайний твел UO₂,5,zakhidna,tvz_z_12_tveh,-1.104182389825159,-7.012499999999999,7841,31274.249273221092,979.617209928921,0.0001614648936979664,5.0648310465672744e-06,0.0044750611328072416,5.334966607649601e-05,0.0002874821115758526,9.14322901109579e-06,0.8851186388703659,0.027730383367027503
282,1,-6,-22.495817610174843,-7.012499999999999,звичайний твел UO₂,5,zakhidna,tvz_z_12_tveh,1.104182389825159,-7.012499999999999,7846,30626.3025589721,848.4075266651889,0.00015810706709397713,4.3865383170622114e-06,0.004655780122455282,5.625749722480483e-05,0.0002877444924065458,7.339570859894585e-06,0.8667805579538188,0.02401748988280352
283,3,-7,-20.287452830524526,-7.012499999999999,звичайний твел UO₂,5,zakhidna,tvz_z_12_tveh,3.312547169475477,-7.012499999999999,7851,35577.83280069018,1024.4446506839988,0.00018369223056415132,5.296849999884165e-06,0.005093592852893647,5.8489536084190204e-05,0.0003207442865412475,8.434348916838748e-06,1.006917949249337,0.02900036917135896
284,5,-8,-18.079088050874205,-7.012499999999999,звичайний твел UO₂,5,zakhidna,tvz_z_12_tveh,5.520911949125795,-7.012499999999999,7856,37776.03232833159,1047.6185944408326,0.0001950392961322233,5.417068437356162e-06,0.005492249633728658,6.336327061691018e-05,0.0003485711438002869,8.884999071208358e-06,1.0691310293099812,0.029656921247917356
285,7,-9,-15.870723271223888,-7.012499999999999,звичайний твел UO₂,5,zakhidna,tvz_z_12_tveh,7.729276728776114,-7.012499999999999,7861,37618.4372746947,1089.000201141953,0.00019422430790887873,5.628969468535974e-06,0.005561355131852633,6.197891971517622e-05,0.0003361460751960245,8.699652940263763e-06,1.0646708001243288,0.03082775658240253
286,9,-10,-13.66235849157357,-7.012499999999999,звичайний твел UO₂,5,zakhidna,tvz_z_12_tveh,9.937641508426431,-7.012499999999999,7866,41942.08804657855,1062.918129511231,0.00021657511080823264,5.495214396113976e-06,0.005805822920756365,6.081032606654939e-05,0.00038887994513581137,9.014487141539627e-06,1.187038050341187,0.03009151527486122
287,-8,-2,-32.43345911860128,-7.6499999999999995,звичайний твел UO₂,5,zakhidna,tvz_z_12_tveh,-8.833459118601272,-7.6499999999999995,7871,41840.07649092927,1280.7372202782487,0.00021614780030741667,6.620456593169903e-06,0.003681123968201533,6.0376109448998644e-05,0.0003434903891705789,1.0373264898217343e-05,1.1841509361375329,0.036254631768810025
288,-6,-3,-30.225094338950957,-7.6499999999999995,звичайний твел UO₂,5,zakhidna,tvz_z_12_tveh,-6.625094338950954,-7.6499999999999995,7876,35396.05366374416,1077.5591198451607,0.00018280803558673025,5.572041790415326e-06,0.0037995757083090645,5.1896096686006375e-05,0.00029634542952999696,8.351050600864939e-06,1.001773266131189,0.030503210663547272
289,-4,-4,-28.016729559300636,-7.6499999999999995,звичайний твел UO₂,5,zakhidna,tvz_z_12_tveh,-4.416729559300636,-7.6499999999999995,7881,32701.5728723005,906.2898037548196,0.0001688628340878179,4.68598130658601e-06,0.004101398662084327,5.174984492400762e-05,0.00027852758197338776,7.04455271811257e-06,0.9255145156892693,0.02565606832848053
290,-2,-5,-25.80836477965032,-7.6499999999999995,звичайний твел UO₂,5,zakhidna,tvz_z_12_tveh,-2.208364779650318,-7.6499999999999995,7886,32367.75746888422,1097.0551317091201,0.000167128886184284,5.6713279662128e-06,0.004258867175796072,5.565503239048986e-05,0.0002983177313474196,8.635036680107054e-06,0.9160669272619821,0.031053856325038334
292,2,-7,-21.391635220349684,-7.6499999999999995,звичайний твел UO₂,5,zakhidna,tvz_z_12_tveh,2.208364779650318,-7.6499999999999995,7894,32808.73234925269,913.9885991985526,0.00016938490351454198,4.7256153027169185e-06,0.004899028859979168,6.24293854669877e-05,0.0003067903379627675,8.715636885149364e-06,0.9285473255116045,0.025873946116510192
293,4,-8,-19.183270440699367,-7.6499999999999995,звичайний твел UO₂,5,zakhidna,tvz_z_12_tveh,4.416729559300636,-7.6499999999999995,7899,38224.20347478507,1112.2840071727185,0.00019736273844362152,5.749933038580675e-06,0.005323538634130403,6.61509102848131e-05,0.00034950533704171686,9.206353321322574e-06,1.081815095094081,0.031486807561725144
294,6,-9,-16.974905661049046,-7.6499999999999995,звичайний твел UO₂,5,zakhidna,tvz_z_12_tveh,6.625094338950954,-7.6499999999999995,7904,38236.70504496331,1039.38585361572,0.00019742490014449843,5.372916209476817e-06,0.0054561854044802415,5.375926460992526e-05,0.00035414062630151685,9.573376015083202e-06,1.082168912468984,0.02942416093779348
295,8,-10,-14.76654088139873,-7.6499999999999995,звичайний твел UO₂,5,zakhidna,tvz_z_12_tveh,8.833459118601272,-7.6499999999999995,7909,40506.10882262747,1095.031053002577,0.00020914854979594828,5.661995164847391e-06,0.005685497517194218,5.829654250360714e-05,0.0003701686119735636,9.230987669727706e-06,1.146397203456398,0.030999519904054567
296,-7,-3,-31.329276728776115,-8.2875,звичайний твел UO₂,5,zakhidna,tvz_z_12_tveh,-7.729276728776114,-8.2875,7914,44072.78665010888,1259.2734222094193,0.00022768188363393344,6.511246115716597e-06,0.0037302434914558923,5.4341266148645976e-05,0.0003508539638237454,9.922046581973797e-06,1.2473407303935136,0.035648119937013625
297,-5,-4,-29.120911949125798,-8.2875,звичайний твел UO₂,5,zakhidna,tvz_z_12_tveh,-5.520911949125795,-8.2875,7919,35603.155080818324,1200.0216511883025,0.00018387497374317555,6.204071422710919e-06,0.0038386717814900013,5.136028054798167e-05,0.00030249880940002205,9.834393184642496e-06,1.0076346162402632,0.03396854763942115
298,-3,-5,-26.912547169475477,-8.2875,звичайний твел UO₂,5,zakhidna,tvz_z_12_tveh,-3.312547169475477,-8.2875,7924,32597.957135192315,1062.8649075013068,0.00016833275670091917,5.494109258598719e-06,0.004039461389473134,6.0852585432715875e-05,0.0002835598579233841,8.916284043775995e-06,0.9225820002068504,0.030086453306746738
299,-1,-6,-24.70418238982516,-8.2875,звичайний твел UO₂,5,zakhidna,tvz_z_12_tveh,-1.104182389825159,-8.2875,7929,30599.22844830902,1017.3088924093545,0.00015798156750832117,5.2589354535660225e-06,0.004341368770778285,5.0923837432425095e-05,0.0002854710900180552,9.803893625670233e-06,0.8660143109443581,0.02879670360313143
300,1,-7,-22.495817610174843,-8.2875,звичайний твел UO₂,5,zakhidna,tvz_z_12_tveh,1.104182389825159,-8.2875,7934,32097.94560902062,913.078696353474,0.00016572355849618674,4.721001447196055e-06,0.00466929086512316,5.519076953488252e-05,0.00030176841152657974,9.237609114728423e-06,0.9084307565559424,0.025847926377055786
301,3,-8,-20.287452830524526,-8.2875,звичайний твел UO₂,5,zakhidna,tvz_z_12_tveh,3.312547169475477,-8.2875,7939,34341.795694401335,994.4716867606634,0.000177291264870474,5.141802761096012e-06,0.005074082197334885,5.401902190137073e-05,0.0003028953550464426,8.346839222448785e-06,0.9719358311638221,0.02815180976462096
302,5,-9,-18.079088050874205,-8.2875,звичайний твел UO₂,5,zakhidna,tvz_z_12_tveh,5.520911949125795,-8.2875,7944,37185.655558015125,1072.222832628245,0.000191982457736429,5.54332739186974e-06,0.005385585574840247,5.4401311613788934e-05,0.00034090030314587276,8.544006204318141e-06,1.0524222834405597,0.03035287275133699
303,7,-10,-15.870723271223888,-8.2875,звичайний твел UO₂,5,zakhidna,tvz_z_12_tveh,7.729276728776114,-8.2875,7949,39063.97342197985,1197.4922266513327,0.00020170108702286847,6.1909163337527e-06,0.005571643197668024,5.877738937788698e-05,0.00036172307688239926,1.0212629775977663e-05,1.1055821254752622,0.0338981434711359
304,-6,-4,-30.225094338950957,-8.924999999999999,звичайний твел UO₂,5,zakhidna,tvz_z_12_tveh,-6.625094338950954,-8.924999999999999,7954,44426.77100478893,1353.3008304414388,0.00022951609079677844,6.997778572394801e-06,0.003782825241231954,4.812813554047865e-05,0.0003564180904900688,1.0566076514652131e-05,1.2573591371491344,0.03830881221534858
305,-4,-5,-28.016729559300636,-8.924999999999999,звичайний твел UO₂,5,zakhidna,tvz_z_12_tveh,-4.416729559300636,-8.924999999999999,7959,36620.51501383449,1093.0580159094116,0.00018913223272370593,5.65182154443599e-06,0.003973481800366875,5.085914318660919e-05,0.00030046464090321875,7.991528797192181e-06,1.0364277690761834,0.030942206201649426
306,-2,-6,-25.80836477965032,-8.924999999999999,звичайний твел UO₂,5,zakhidna,tvz_z_12_tveh,-2.208364779650318,-8.924999999999999,7964,30806.427548113035,918.6133283835358,0.00015906397665309984,4.750223039064055e-06,0.004087400686596898,4.744242058239528e-05,0.0002653473914763891,8.130709878761037e-06,0.871878425653923,0.02600404979568453
307,0,-7,-23.6,-8.924999999999999,звичайний твел UO₂,5,zakhidna,tvz_z_12_tveh,0.0,-8.924999999999999,7969,30303.921529878862,965.4227612343666,0.00015646538436162033,4.991150258456082e-06,0.00435202763801207,5.844554171620832e-05,0.00028101305633867894,8.454850824411825e-06,0.8576565833005578,0.027328398207462266
308,2,-8,-21.391635220349684,-8.924999999999999,звичайний твел UO₂,5,zakhidna,tvz_z_12_tveh,2.208364779650318,-8.924999999999999,7974,31628.26473268363,1127.7574753935858,0.00016328742586460212,5.830913088859139e-06,0.004758770805884388,6.220060839614621e-05,0.00027970990127498276,8.504281503816599e-06,0.8951379259484047,0.03192242016370533
309,4,-9,-19.183270440699367,-8.924999999999999,звичайний твел UO₂,5,zakhidna,tvz_z_12_tveh,4.416729559300636,-8.924999999999999,7979,36290.206971790256,1053.0461979321644,0.0001873617602848361,5.443843035867314e-06,0.005145157002134144,6.532015494246509e-05,0.0003336441281403489,8.974773592712876e-06,1.027079445411306,0.029809927178342497
310,6,-10,-16.974905661049046,-8.924999999999999,звичайний твел UO₂,5,zakhidna,tvz_z_12_tveh,6.625094338950954,-8.924999999999999,7984,40209.09425470436,1056.9736613405,0.00020762056592212174,5.4650679289890746e-06,0.005466364316048493,5.407450058243744e-05,0.00038111738790259073,1.0328762048434416e-05,1.1379911461986183,0.029922595526160882
311,-5,-5,-29.120911949125798,-9.5625,звичайний твел UO₂,5,zakhidna,tvz_z_12_tveh,-5.520911949125795,-9.5625,7989,45284.41227180295,1265.4180591635923,0.00023394236493820152,6.542311047744417e-06,0.0038868945165511644,4.7293936473079024e-05,0.00036442923951326034,9.366042346878914e-06,1.2816319586728953,0.035822448089628284
312,-3,-6,-26.912547169475477,-9.5625,звичайний твел UO₂,5,zakhidna,tvz_z_12_tveh,-3.312547169475477,-9.5625,7994,35540.53611795477,1184.2071205772404,0.00018352882698936322,6.122161241214713e-06,0.003956051881255992,4.883896276358966e-05,0.00030477007005414786,9.04668656348116e-06,1.0058623846930548,0.03352102353792693
313,-1,-7,-24.70418238982516,-9.5625,звичайний твел UO₂,5,zakhidna,tvz_z_12_tveh,-1.104182389825159,-9.5625,7999,30773.28380876217,994.4236979771937,0.00015888225587693994,5.141814971381173e-06,0.0042721415635178575,5.517726639251985e-05,0.00027734693684912696,8.667310548833614e-06,0.8709403970155688,0.028149183844722092
314,1,-8,-22.495817610174843,-9.5625,звичайний твел UO₂,5,zakhidna,tvz_z_12_tveh,1.104182389825159,-9.5625,8004,30250.306773968216,916.5435734220345,0.0001561651055417889,4.7388751118104145e-06,0.004563023165349049,5.353755617937934e-05,0.0002804272376911087,9.827758575775599e-06,0.8561391873317397,0.02594528354863821
315,3,-9,-20.287452830524526,-9.5625,звичайний твел UO₂,5,zakhidna,tvz_z_12_tveh,3.312547169475477,-9.5625,8009,34077.53987651527,1008.944493804229,0.00017593273725460045,5.217263875160821e-06,0.004987603780975059,5.534668139963235e-05,0.00031283411716958307,8.702977766125451e-06,0.9644569066404071,0.028561227208850546
316,5,-10,-18.079088050874205,-9.5625,звичайний твел UO₂,5,zakhidna,tvz_z_12_tveh,5.520911949125795,-9.5625,8014,37317.98242103358,1151.0157356338825,0.0001926786299808146,5.951327665223057e-06,0.005268394301822711,5.068045477531672e-05,0.000346311663756169,9.908593382519975e-06,1.056167376467658,0.03258242393336642
317,-4,-6,-28.016729559300636,-10.2,звичайний твел UO₂,5,zakhidna,tvz_z_12_tveh,-4.416729559300636,-10.2,8019,45557.9369912165,1149.0419899469973,0.00023535255605648694,5.939780397084635e-06,0.0038865744766673426,5.437746246316974e-05,0.0003595598158023832,8.631028922670209e-06,1.2893732101168436,0.03252979966204327
318,-2,-7,-25.80836477965032,-10.2,звичайний твел UO₂,5,zakhidna,tvz_z_12_tveh,-2.208364779650318,-10.2,8024,38248.59410782263,1150.885717162759,0.0001975431266760717,5.95040023944518e-06,0.0040950036107340595,5.2956903618253396e-05,0.000319791322884593,8.97559393744622e-06,1.0825053947628849,0.032579076509010096
319,0,-8,-23.6,-10.2,твег UO₂-Gd₂O₃,5,zakhidna,tvz_z_12_tveh,0.0,-10.2,8029,10956.286591784543,300.4937642390328,5.644666439843417e-05,1.55276132361022e-06,0.0038718106549842997,4.3438722620922735e-05,0.0007494323363751373,2.5823690820050693e-05,0.31008301399892146,0.00850669294076473
320,2,-9,-21.391635220349684,-10.2,звичайний твел UO₂,5,zakhidna,tvz_z_12_tveh,2.208364779650318,-10.2,8034,31709.389713633613,1078.9091435495004,0.0001637066108926152,5.578145764286504e-06,0.004638042740470495,5.544751057755706e-05,0.0002932157076985918,9.558629426414852e-06,0.8974339117637482,0.030540166523769476
321,4,-10,-19.183270440699367,-10.2,звичайний твел UO₂,5,zakhidna,tvz_z_12_tveh,4.416729559300636,-10.2,8039,36459.23513147519,1114.0686192913338,0.00018824173839036864,5.76002472361561e-06,0.0051663892243008006,6.04038891131576e-05,0.0003350983948760696,8.39414358992595e-06,1.0318632524764748,0.03153666186370218
322,-3,-7,-26.912547169475477,-10.837499999999999,звичайний твел UO₂,5,zakhidna,tvz_z_12_tveh,-3.312547169475477,-10.837499999999999,8044,43849.509505353,1180.9463718438785,0.00022651364867173722,6.107091068390201e-06,0.003922584226163575,4.989467089543489e-05,0.00035862695556973886,1.0045123686314073e-05,1.2410215775105566,0.03343178558624114
323,-1,-8,-24.70418238982516,-10.837499999999999,звичайний твел UO₂,5,zakhidna,tvz_z_12_tveh,-1.104182389825159,-10.837499999999999,8049,34164.95231989126,1131.0322729984803,0.0001764301944264415,5.847049178535732e-06,0.004121459412450916,5.415839295646699e-05,0.0002964521377616992,9.624300849686358e-06,0.9669308391791342,0.03201588982684248
324,1,-9,-22.495817610174843,-10.837499999999999,звичайний твел UO₂,5,zakhidna,tvz_z_12_tveh,1.104182389825159,-10.837499999999999,8054,30559.9040832802,890.17590300503,0.00015776302520889143,4.602278431952944e-06,0.004427342397925367,5.4203851448113454e-05,0.000274434505849816,7.778400567060753e-06,0.8649013592586224,0.025199305335663263
325,3,-10,-20.287452830524526,-10.837499999999999,звичайний твел UO₂,5,zakhidna,tvz_z_12_tveh,3.312547169475477,-10.837499999999999,8059,35406.67639432479,972.1847491694408,0.00018280378267583958,5.0266169458645956e-06,0.004926404571404313,5.008977370371115e-05,0.0003225200889252468,8.482033919244205e-06,1.0020739088980377,0.027521610634680775
326,-2,-8,-25.80836477965032,-11.475,звичайний твел UO₂,5,zakhidna,tvz_z_12_tveh,-2.208364779650318,-11.475,8064,45966.79816690633,1275.4809801607605,0.00023746745057216863,6.59489007982764e-06,0.003944520077732766,4.788700018191078e-05,0.0003726100922685563,1.055222531073815e-05,1.300944731599324,0.03610744276895609
327,0,-9,-23.6,-11.475,звичайний твел UO₂,5,zakhidna,tvz_z_12_tveh,0.0,-11.475,8069,33871.19851013738,1009.688724783812,0.0001749018404884662,5.220952168439605e-06,0.004234855833269598,4.988137279466705e-05,0.0002902594281150839,8.086072774849068e-06,0.9586170673606379,0.028582210351728265
328,2,-10,-21.391635220349684,-11.475,звичайний твел UO₂,5,zakhidna,tvz_z_12_tveh,2.208364779650318,-11.475,8074,33867.56296715533,980.0954097958987,0.00017486555859010623,5.066262729312023e-06,0.004561170285106137,5.812977599124169e-05,0.0003047414682416104,9.387281734778197e-06,0.9585141748234673,0.027744850033749862
329,-1,-9,-24.70418238982516,-12.112499999999999,звичайний твел UO₂,5,zakhidna,tvz_z_12_tveh,-1.104182389825159,-12.112499999999999,8079,44804.960506141135,1132.0587624801715,0.00023144946713575,5.852649405178733e-06,0.004046253797727334,4.669706858353563e-05,0.00037134839202442347,9.453549542155905e-06,1.2680625939690733,0.03204896404407251
330,1,-10,-22.495817610174843,-12.112499999999999,звичайний твел UO₂,5,zakhidna,tvz_z_12_tveh,1.104182389825159,-12.112499999999999,8084,36246.12499240514,912.3059755489555,0.00018717415388149638,4.717515539596092e-06,0.0043381316393951725,5.560668658921332e-05,0.0003091628490218344,7.744364114653478e-06,1.025831844509644,0.025827748437437237
331,0,-10,-23.6,-12.75,звичайний твел UO₂,5,zakhidna,tvz_z_12_tveh,0.0,-12.75,8089,44128.04800544773,1182.8612696747598,0.0002279487064591696,6.115573771405494e-06,0.004220830473005122,4.9774610533213146e-05,0.0003682062765771403,9.040248198522219e-06,1.2489047281474592,0.03348607882641927
1,0,10,-11.8,33.188199529312755,звичайний твел UO₂,6,pivnichno_zakhidna,tvz_z_12_tveh,0.0,12.75,8096,39720.38581156502,1325.7347890593435,0.00020518129125769697,6.854160276517059e-06,0.003778630409407782,5.8446399836921645e-05,0.00032686608077973233,9.712575129277088e-06,1.1241598005373066,0.03752718608643996
2,-1,10,-12.90418238982516,32.55069952931275,звичайний твел UO₂,6,pivnichno_zakhidna,tvz_z_12_tveh,-1.104182389825159,12.112499999999999,8101,31950.027811519754,1044.7725595184727,0.0001650031458266291,5.401988583521738e-06,0.0037944143685013964,5.3808290625222805e-05,0.00027317082129775955,7.758442847107644e-06,0.9042444114755259,0.029574283369095743
3,1,9,-10.695817610174842,32.55069952931275,звичайний твел UO₂,6,pivnichno_zakhidna,tvz_z_12_tveh,1.104182389825159,12.112499999999999,8106,41624.83054945244,1291.9200792440968,0.0002150314607392286,6.6797062228306e-06,0.0037571394238736966,5.2138034192554984e-05,0.0003440678238073002,1.0742898957369498e-05,1.1780590810436529,0.03657098753022137
4,-2,10,-14.008364779650318,31.91319952931275,звичайний твел UO₂,6,pivnichno_zakhidna,tvz_z_12_tveh,-2.208364779650318,11.475,8111,29792.51311799354,1044.925019780685,0.0001538235477844901,5.401868476405914e-06,0.004050508363180819,5.491403381809273e-05,0.0002726368582106969,8.72627686764558e-06,0.843182786872057,0.029577905650010183
5,0,9,-11.8,31.91319952931275,звичайний твел UO₂,6,pivnichno_zakhidna,tvz_z_12_tveh,0.0,11.475,8116,30574.17165525729,1013.3733172479826,0.0001578836863026605,5.238958629950383e-06,0.0037514711567964787,5.468829353620677e-05,0.0002651887966142658,8.366831090328904e-06,0.8653051577248309,0.02868533079264714
6,2,8,-9.591635220349684,31.91319952931275,звичайний твел UO₂,6,pivnichno_zakhidna,tvz_z_12_tveh,2.208364779650318,11.475,8121,42859.936897838736,1150.6420717785295,0.000221406674922837,5.94831765228709e-06,0.0037631836051176416,5.01438295292138e-05,0.0003522771782467727,9.772837800124212e-06,1.2130148569726982,0.03257394629047277
7,-3,10,-15.112547169475478,31.27569952931275,звичайний твел UO₂,6,pivnichno_zakhidna,tvz_z_12_tveh,-3.312547169475477,10.837499999999999,8126,29781.128430886478,1035.0391595361573,0.00015377270952117176,5.3513240287689105e-06,0.004023145364631282,5.936270663541024e-05,0.00027085326774696207,9.465353720940242e-06,0.842860579337413,0.029298158136298103
8,-1,9,-12.90418238982516,31.27569952931275,звичайний твел UO₂,6,pivnichno_zakhidna,tvz_z_12_tveh,-1.104182389825159,10.837499999999999,8131,26260.768633592957,823.0485143900493,0.00013557729623211678,4.254723545591295e-06,0.0038536302623893514,5.9308110443929056e-05,0.000230609985207336,7.329966156563997e-06,0.7432279376425586,0.02329833071743161
9,1,8,-10.695817610174842,31.27569952931275,звичайний твел UO₂,6,pivnichno_zakhidna,tvz_z_12_tveh,1.104182389825159,10.837499999999999,8136,31466.93180450336,887.0265005945108,0.00016248845749228596,4.586239705592907e-06,0.0038317730636728527,5.020571178732572e-05,0.00026579679675719267,7.079952911772864e-06,0.8905719080546303,0.025110535866892054
10,3,7,-8.487452830524523,31.27569952931275,звичайний твел UO₂,6,pivnichno_zakhidna,tvz_z_12_tveh,3.312547169475477,10.837499999999999,8141,45889.1971970524,1328.0366302777993,0.00023707018057602986,6.8666221053702776e-06,0.0037969964398186402,5.443860049253325e-05,0.0003647951936990121,1.1168206363283733e-05,1.2987484817641297,0.0375944792601914
11,-4,10,-16.21672955930064,30.63819952931275,звичайний твел UO₂,6,pivnichno_zakhidna,tvz_z_12_tveh,-4.416729559300636,10.2,8146,30884.42381166863,1035.536505784432,0.00015946051921189496,5.353561229895999e-06,0.004184685072613769,5.0190439784520486e-05,0.0002812501583182213,8.39757274915517e-06,0.8740858630261901,0.029312582489747607
12,-2,9,-14.008364779650318,30.63819952931275,звичайний твел UO₂,6,pivnichno_zakhidna,tvz_z_12_tveh,-2.208364779650318,10.2,8151,27316.600343428858,898.9191694270615,0.0001410184589970379,4.647629921462453e-06,0.003966853239227697,5.5468599420827e-05,0.0002491885549884565,8.061437595726358e-06,0.7731099123535017,0.025445567227885
13,0,8,-11.8,30.63819952931275,твег UO₂-Gd₂O₃,6,pivnichno_zakhidna,tvz_z_12_tveh,0.0,10.2,8156,10031.881398912708,243.3998181943964,5.1691354949034707e-05,1.2571546534342282e-06,0.0034581620837625684,5.045190758741909e-05,0.0007386463350556685,2.4151365301673032e-05,0.2839206508697123,0.006890905375869046
14,2,7,-9.591635220349684,30.63819952931275,звичайний твел UO₂,6,pivnichno_zakhidna,tvz_z_12_tveh,2.208364779650318,10.2,8161,33233.853453790856,1073.055159721255,0.00017162992872144618,5.547372134515953e-06,0.0038791792629897627,5.473417613907669e-05,0.0002851376940813688,8.989981565679798e-06,0.9405790328154816,0.03037501633782087
15,4,6,-7.383270440699365,30.63819952931275,звичайний твел UO₂,6,pivnichno_zakhidna,tvz_z_12_tveh,4.416729559300636,10.2,8166,45196.42289178631,1361.7463703330384,0.00023348921068145167,7.041081022564151e-06,0.003809108700194498,4.9296823068595115e-05,0.00035691685266135275,1.0884462251389905e-05,1.2791416977686292,0.038548062299450916
16,-5,10,-17.320911949125794,30.00069952931275,звичайний твел UO₂,6,pivnichno_zakhidna,tvz_z_12_tveh,-5.520911949125795,9.5625,8171,28258.46802426577,996.226714195401,0.0001458885988532737,5.150159993444775e-06,0.0040810095864062075,5.906818396011225e-05,0.00025627933830166483,7.525766316431845e-06,0.799766495933661,0.028199394450148775
17,-3,9,-15.112547169475478,30.00069952931275,звичайний твел UO₂,6,pivnichno_zakhidna,tvz_z_12_tveh,-3.312547169475477,9.5625,8176,29620.99110923578,935.0758512747161,0.00015292660892685686,4.83451174592306e-06,0.004187866197576046,5.1667110733508814e-05,0.0002622991549671864,7.853326069418456e-06,0.8383283993022177,0.0264694549764315
18,-1,8,-12.90418238982516,30.00069952931275,звичайний твел UO₂,6,pivnichno_zakhidna,tvz_z_12_tveh,-1.104182389825159,9.5625,8181,26851.23218205107,879.1349660266467,0.00013862156147972015,4.544782248969084e-06,0.003982199747985387,5.6194601787436714e-05,0.0002540608283011368,7.98044996198411e-06,0.759939139492616,0.024885583730815376
19,1,7,-10.695817610174842,30.00069952931275,звичайний твел UO₂,6,pivnichno_zakhidna,tvz_z_12_tveh,1.104182389825159,9.5625,8186,28354.270633309647,959.1369478165908,0.000146398410613448,4.9585609879547445e-06,0.003892344858027517,5.5557898287077416e-05,0.00024628578645877983,7.4399141686797e-06,0.8024778855557215,0.0271498849000078
20,3,6,-8.487452830524523,30.00069952931275,звичайний твел UO₂,6,pivnichno_zakhidna,tvz_z_12_tveh,3.312547169475477,9.5625,8191,34748.110011105455,1097.5008298515836,0.0001794668260598903,5.674350727025137e-06,0.0037527250417680605,5.574814775048527e-05,0.0002941006432646212,9.150406042965522e-06,0.9834352718638307,0.03106725827499352
21,5,5,-6.279088050874206,30.00069952931275,звичайний твел UO₂,6,pivnichno_zakhidna,tvz_z_12_tveh,5.520911949125795,9.5625,8196,44826.64788485944,1163.2435925630953,0.00023157670712945074,6.013252032225447e-06,0.0038751913020104475,5.723889718864537e-05,0.00036943792673754957,1.0024175748024562e-05,1.2686763865804997,0.03293130309626124
22,-6,10,-18.425094338950956,29.36319952931275,звичайний твел UO₂,6,pivnichno_zakhidna,tvz_z_12_tveh,-6.625094338950954,8.924999999999999,8201,29398.357233463692,1022.3036339734432,0.00015178719871154582,5.286185443086434e-06,0.004104740160013941,5.475052212367754e-05,0.000273769407797469,8.738540703953062e-06,0.8320274521118224,0.028937657070773226
23,-4,9,-16.21672955930064,29.36319952931275,звичайний твел UO₂,6,pivnichno_zakhidna,tvz_z_12_tveh,-4.416729559300636,8.924999999999999,8206,29566.776518155137,890.4367434093582,0.00015265151785503548,4.604386681923796e-06,0.0041786816587901674,5.5406196256442356e-05,0.0002615602518802627,8.008570071769357e-06,0.8367940268974642,0.025206322009868075
24,-2,8,-14.008364779650318,29.36319952931275,звичайний твел UO₂,6,pivnichno_zakhidna,tvz_z_12_tveh,-2.208364779650318,8.924999999999999,8211,27529.544334940085,783.116319700376,0.00014211612865003606,4.049367025425576e-06,0.004176582792160613,5.407591929561576e-05,0.00024871401798721814,6.993878287555827e-06,0.7791366180395571,0.022168881104459012
25,0,7,-11.8,29.36319952931275,звичайний твел UO₂,6,pivnichno_zakhidna,tvz_z_12_tveh,0.0,8.924999999999999,8216,27045.561264665786,860.155967241947,0.00013963559962504923,4.446668577694737e-06,0.0039334528306603075,5.2344041936699494e-05,0.0002470087960009155,8.330485735645773e-06,0.7654390091008098,0.024348607514931567
26,2,6,-9.591635220349684,29.36319952931275,звичайний твел UO₂,6,pivnichno_zakhidna,tvz_z_12_tveh,2.208364779650318,8.924999999999999,8221,30650.48244216586,842.734271459773,0.00015825658702959462,4.357231773552255e-06,0.004010460495115501,4.3856835961824776e-05,0.00026243875051544394,6.8255029725744225e-06,0.8674648930153427,0.0238569762740991
27,4,5,-7.383270440699365,29.36319952931275,звичайний твел UO₂,6,pivnichno_zakhidna,tvz_z_12_tveh,4.416729559300636,8.924999999999999,8226,35167.868319521076,1010.4707458356354,0.00018162330017498695,5.224132705802453e-06,0.0039023402932406555,5.4875430394630355e-05,0.00029721448671073613,8.547767121401286e-06,0.9953152021973621,0.02860481897864057
28,6,4,-5.1749056610490465,29.36319952931275,звичайний твел UO₂,6,pivnichno_zakhidna,tvz_z_12_tveh,6.625094338950954,8.924999999999999,8231,48103.16969039701,1186.645523398357,0.00024851202965289,6.135093011407452e-06,0.003962421286820957,5.4529111492295e-05,0.000383459224964124,8.860557930172704e-06,1.3614079656956453,0.03359482820355173
29,-7,10,-19.529276728776114,28.72569952931275,звичайний твел UO₂,6,pivnichno_zakhidna,tvz_z_12_tveh,-7.729276728776114,8.2875,8236,31302.105172520554,1132.4230026373111,0.00016163468566985715,5.854907356934003e-06,0.004027186022930928,5.7701952221810295e-05,0.0002830413408813149,9.049637712037791e-06,0.885907011932723,0.03205434494661834
30,-5,9,-17.320911949125794,28.72569952931275,звичайний твел UO₂,6,pivnichno_zakhidna,tvz_z_12_tveh,-5.520911949125795,8.2875,8241,29333.906633605482,863.0743615441314,0.00015144876079914253,4.461646708590044e-06,0.004129135325903762,4.9775213711473936e-05,0.0002690080591663927,8.034757652882249e-06,0.8302033818768344,0.024431999042753404
31,-3,8,-15.112547169475478,28.72569952931275,звичайний твел UO₂,6,pivnichno_zakhidna,tvz_z_12_tveh,-3.312547169475477,8.2875,8246,29041.196012516055,978.7054428975025,0.00014993518250897714,5.059009740435872e-06,0.004211978324862595,5.433845003420507e-05,0.00026377853147648055,8.95730325370899e-06,0.8219191342116661,0.027703836892787333
32,-1,7,-12.90418238982516,28.72569952931275,звичайний твел UO₂,6,pivnichno_zakhidna,tvz_z_12_tveh,-1.104182389825159,8.2875,8251,28174.28009553649,867.9650315213983,0.00014545626705554394,4.489200504110282e-06,0.004051633293612237,4.653029137679903e-05,0.0002600033359482995,7.328150886043549e-06,0.7973838230760273,0.024569966542591016
33,1,6,-10.695817610174842,28.72569952931275,звичайний твел UO₂,6,pivnichno_zakhidna,tvz_z_12_tveh,1.104182389825159,8.2875,8256,30520.61135909921,835.553528082911,0.00015758988440756723,4.31834109987067e-06,0.004145735578735433,5.348185506347716e-05,0.0002669240028327616,7.64205012509944e-06,0.8637893030669375,0.02365374844705117
34,3,5,-8.487452830524523,28.72569952931275,звичайний твел UO₂,6,pivnichno_zakhidna,tvz_z_12_tveh,3.312547169475477,8.2875,8261,32844.60246792602,834.7721960442652,0.00016961750907362727,4.3161107642531304e-06,0.003929227858597543,4.6320376887523953e-05,0.00027929478220385065,7.03570358015034e-06,0.9295625156873585,0.02363259823702197
35,5,4,-6.279088050874206,28.72569952931275,звичайний твел UO₂,6,pivnichno_zakhidna,tvz_z_12_tveh,5.520911949125795,8.2875,8266,37427.11121153099,1169.7203034344811,0.00019331263152459253,6.047401835411127e-06,0.003945046237382687,5.1332820364071714e-05,0.00031829874105537733,1.034952276207834e-05,1.0592559214767734,0.03311173038176246
36,7,3,-4.070723271223887,28.72569952931275,звичайний твел UO₂,6,pivnichno_zakhidna,tvz_z_12_tveh,7.729276728776114,8.2875,8271,46031.72771764483,1421.9323756588587,0.000237798403123121,7.3517569410639095e-06,0.003980814536886542,5.246381331445781e-05,0.00037339322897490617,1.1022144928898005e-05,1.3027823570230406,0.0402513829842603
37,-8,10,-20.633459118601273,28.08819952931275,звичайний твел UO₂,6,pivnichno_zakhidna,tvz_z_12_tveh,-8.833459118601272,7.6499999999999995,8276,31145.207196127376,1050.0571966956566,0.00016082196342449433,5.428475989950318e-06,0.003982378619676211,4.602885051374175e-05,0.00026886938492539476,8.666613923032496e-06,0.8814665113121196,0.029723559168885565
38,-6,9,-18.425094338950956,28.08819952931275,звичайний твел UO₂,6,pivnichno_zakhidna,tvz_z_12_tveh,-6.625094338950954,7.6499999999999995,8281,27520.987405239983,941.7928745361205,0.00014208187047039868,4.868373123475009e-06,0.004019613803568681,5.9113160724360404e-05,0.00024965744097473164,7.268031838175237e-06,0.7788944412281206,0.026658831272087558
39,-4,8,-16.21672955930064,28.08819952931275,звичайний твел UO₂,6,pivnichno_zakhidna,tvz_z_12_tveh,-4.416729559300636,7.6499999999999995,8286,30488.99160598999,867.895694572075,0.00015742366802705293,4.486554987341722e-06,0.004147537316249323,5.6075021944955125e-05,0.0002695058482482369,7.37409440006838e-06,0.8628944060355509,0.02456885362440106
40,-2,7,-14.008364779650318,28.08819952931275,звичайний твел UO₂,6,pivnichno_zakhidna,tvz_z_12_tveh,-2.208364779650318,7.6499999999999995,8291,27450.586755135857,787.4945092777366,0.00014172009575666341,4.071036073085665e-06,0.004129335189848208,4.90104194123578e-05,0.0002551173493613105,8.17651207459333e-06,0.7769019736535556,0.022292732794135597
42,2,5,-9.591635220349684,28.08819952931275,звичайний твел UO₂,6,pivnichno_zakhidna,tvz_z_12_tveh,2.208364779650318,7.6499999999999995,8299,30686.817724181084,1018.2137399352068,0.00015844967904426148,5.265036595290557e-06,0.004074376959163114,5.305391135848902e-05,0.00027738302054493725,9.424158074879004e-06,0.8684932481671904,0.028822336620837743
43,4,4,-7.383270440699365,28.08819952931275,звичайний твел UO₂,6,pivnichno_zakhidna,tvz_z_12_tveh,4.416729559300636,7.6499999999999995,8304,34289.73488691543,1015.0782549673438,0.00017706658001264265,5.247506440380576e-06,0.004158764107603714,5.6241282210410435e-05,0.00030224322890575004,8.548183256136017e-06,0.9704624147867303,0.028734863722860157
44,6,3,-5.1749056610490465,28.08819952931275,звичайний твел UO₂,6,pivnichno_zakhidna,tvz_z_12_tveh,6.625094338950954,7.6499999999999995,8309,36525.027607886994,1094.1242220004497,0.00018862943007129203,5.6564343038928805e-06,0.00405179400790994,5.1839833400509874e-05,0.00030789359681324097,8.792627411666056e-06,1.0337253002801097,0.030972340660695992
45,8,2,-2.9665408813987284,28.08819952931275,звичайний твел UO₂,6,pivnichno_zakhidna,tvz_z_12_tveh,8.833459118601272,7.6499999999999995,8314,44778.812149296085,1043.669740750035,0.00023131977498553276,5.395952786904717e-06,0.003984713783462747,5.6111734339801016e-05,0.00036756121179299674,8.810860440971452e-06,1.2673225474913083,0.029548195142817844
46,-9,10,-21.73764150842643,27.45069952931275,звичайний твел UO₂,6,pivnichno_zakhidna,tvz_z_12_tveh,-9.937641508426431,7.012499999999999,8319,33816.413829335994,1116.7731589176697,0.00017464747977655873,5.77379472416755e-06,0.0038047027573695795,5.2281430151565595e-05,0.0002925001614987457,9.666542392146869e-06,0.9570665603707421,0.03161228709755062
47,-7,9,-19.529276728776114,27.45069952931275,звичайний твел UO₂,6,pivnichno_zakhidna,tvz_z_12_tveh,-7.729276728776114,7.012499999999999,8324,29721.762326567616,857.3375939607773,0.00015345313714002057,4.432541976354227e-06,0.004000028061324262,5.791414405355098e-05,0.00026633945980942256,7.986944108839985e-06,0.8411804096556185,0.024269819174316247
48,-5,8,-17.320911949125794,27.45069952931275,звичайний твел UO₂,6,pivnichno_zakhidna,tvz_z_12_tveh,-5.520911949125795,7.012499999999999,8329,28541.428115196926,881.2181553482412,0.00014736206789347516,4.55592591261485e-06,0.004082152706985502,5.267380176687385e-05,0.00026856428309812366,8.501882418613367e-06,0.807774785704315,0.0249451078651806
49,-3,7,-15.112547169475478,27.45069952931275,звичайний твел UO₂,6,pivnichno_zakhidna,tvz_z_12_tveh,-3.312547169475477,7.012499999999999,8334,29222.97721039087,859.6043925654428,0.000150879225534532,4.44489363355536e-06,0.004273716975160645,6.0188313576375925e-05,0.00027612454658572496,6.882523804022451e-06,0.8270638756578805,0.024333773383995994
50,-1,6,-12.90418238982516,27.45069952931275,звичайний твел UO₂,6,pivnichno_zakhidna,tvz_z_12_tveh,-1.104182389825159,7.012499999999999,8339,28493.68514457854,883.8901243957308,0.00014710959958909295,4.570115202183649e-06,0.004162582254441713,5.03148520774391e-05,0.00026446105484175404,8.451062521059265e-06,0.8064235720332786,0.025020697609799993
51,1,5,-10.695817610174842,27.45069952931275,звичайний твел UO₂,6,pivnichno_zakhidna,tvz_z_12_tveh,1.104182389825159,7.012499999999999,8344,30967.175230414377,991.9821890890291,0.00015989047999883993,5.129109688271521e-06,0.004226422841559282,5.681592346443858e-05,0.0002842497994754006,8.545899338968035e-06,0.876427880015469,0.028080162872158757
53,5,3,-6.279088050874206,27.45069952931275,звичайний твел UO₂,6,pivnichno_zakhidna,tvz_z_12_tveh,5.520911949125795,7.012499999999999,8352,31403.842013985028,1001.8661915252472,0.0001621671993030634,5.179267010263996e-06,0.004042882064787295,4.39222436483425e-05,0.0002769629534245908,8.139324408956457e-06,0.8887863512208802,0.028359994052281165
54,7,2,-4.070723271223887,27.45069952931275,звичайний твел UO₂,6,pivnichno_zakhidna,tvz_z_12_tveh,7.729276728776114,7.012499999999999,8357,36733.32083526359,1057.5200344407297,0.00018970434135820354,5.4676222673431495e-06,0.004025876033351535,5.324881269075326e-05,0.00031684113594555066,1.0016552547940366e-05,1.0396203808075695,0.029936682295850163
55,9,1,-1.8623584915735698,27.45069952931275,звичайний твел UO₂,6,pivnichno_zakhidna,tvz_z_12_tveh,9.937641508426431,7.012499999999999,8362,44171.86436705222,1217.265440065588,0.00022818712115705767,6.293769537175582e-06,0.003986049953665741,5.133328702720085e-05,0.000373435207454261,1.0281144134694665e-05,1.250144811578553,0.03445954476846521
56,-10,10,-22.84182389825159,26.81319952931275,звичайний твел UO₂,6,pivnichno_zakhidna,tvz_z_12_tveh,-11.04182389825159,6.375,8367,38329.00663735023,1108.4115397124817,0.00019798517501189164,5.730297961447401e-06,0.0037514191837193112,5.530879701529558e-05,0.00032026976783430843,8.803180211109561e-06,1.0847812168957134,0.03137727380877889
57,-8,9,-20.633459118601273,26.81319952931275,звичайний твел UO₂,6,pivnichno_zakhidna,tvz_z_12_tveh,-8.833459118601272,6.375,8372,29300.75041104,982.6124976984302,0.00015128273835974995,5.080986379548788e-06,0.003935608240272824,5.165900657028426e-05,0.000250956181010428,8.119944961820596e-06,0.8292649999406013,0.027814478753420087
58,-6,8,-18.425094338950956,26.81319952931275,звичайний твел UO₂,6,pivnichno_zakhidna,tvz_z_12_tveh,-6.625094338950954,6.375,8377,26479.05043909015,860.9793114333891,0.00013670095425980932,4.450911097433025e-06,0.004010962630759888,5.632887011836427e-05,0.00024398009089580356,7.72595638908659e-06,0.7494057132586555,0.02437171412715838
60,-2,6,-14.008364779650318,26.81319952931275,звичайний твел UO₂,6,pivnichno_zakhidna,tvz_z_12_tveh,-2.208364779650318,6.375,8385,26957.46732052151,860.3775927634389,0.00013916670821640916,4.448561567857916e-06,0.004208057033100715,5.659903433382391e-05,0.00024962177632954107,8.056533652990954e-06,0.7629457888398692,0.024354848728023407
61,0,5,-11.8,26.81319952931275,звичайний твел UO₂,6,pivnichno_zakhidna,tvz_z_12_tveh,0.0,6.375,8390,27917.53072900457,831.0429415626473,0.00014412444001914856,4.297393852284199e-06,0.004233195065219028,5.7188929136451665e-05,0.0002545672076045518,7.004942782741678e-06,0.7901173448993585,0.023525130082755207
62,2,4,-9.591635220349684,26.81319952931275,звичайний твел UO₂,6,pivnichno_zakhidna,tvz_z_12_tveh,2.208364779650318,6.375,8395,29887.73562288896,928.7950092169067,0.00015430393666520623,4.80118690363113e-06,0.004276129476058875,5.013415705837337e-05,0.00027162967116821184,7.676125512799988e-06,0.8458777584822957,0.026291822800762116
63,4,3,-7.383270440699365,26.81319952931275,звичайний твел UO₂,6,pivnichno_zakhidna,tvz_z_12_tveh,4.416729559300636,6.375,8400,30935.32638098069,925.0028390327504,0.00015973099143989596,4.78281917853097e-06,0.004144033802108859,5.4876296471778735e-05,0.0002772180795425238,8.500813160303144e-06,0.8755264991377361,0.02618489263824108
64,6,2,-5.1749056610490465,26.81319952931275,звичайний твел UO₂,6,pivnichno_zakhidna,tvz_z_12_tveh,6.625094338950954,6.375,8405,31496.058562388043,1062.6587408288212,0.00016263048332497743,5.493166739037904e-06,0.0041018646480516,6.2180014312309e-05,0.00027775812663856196,8.846810463140669e-06,0.8913962487468199,0.03008025878461031
65,8,1,-2.9665408813987284,26.81319952931275,звичайний твел UO₂,6,pivnichno_zakhidna,tvz_z_12_tveh,8.833459118601272,6.375,8410,33221.104397284886,1171.557740573487,0.00017155977952584616,6.056548469717276e-06,0.003959418139360849,5.497778210231332e-05,0.00029162548596327537,9.033934613725984e-06,0.9402182111233968,0.03316234657292382
66,10,0,-0.7581761017484112,26.81319952931275,звичайний твел UO₂,6,pivnichno_zakhidna,tvz_z_12_tveh,11.04182389825159,6.375,8415,44533.803130742046,1170.0026548682113,0.00023004085788061153,6.049211066965872e-06,0.004228503725103041,5.061536539828713e-05,0.0003710677129577158,9.947467816143637e-06,1.2603883427045222,0.03312242144905982
67,-9,9,-21.73764150842643,26.17569952931275,звичайний твел UO₂,6,pivnichno_zakhidna,tvz_z_12_tveh,-9.937641508426431,5.7375,8420,33179.137632911494,887.4546014609955,0.00017134710166969786,4.587717426626678e-06,0.0037898371138127738,5.1549970068520314e-05,0.00028196740075684746,7.137278664710257e-06,0.9390304746877287,0.02512332580551451
68,-7,8,-19.529276728776114,26.17569952931275,звичайний твел UO₂,6,pivnichno_zakhidna,tvz_z_12_tveh,-7.729276728776114,5.7375,8425,27351.21605646026,878.6127275545792,0.00014120570853526595,4.543125322316974e-06,0.003934511284330851,5.609453095400332e-05,0.0002408693810402049,6.560224925609154e-06,0.7740896005479075,0.024870973459277853
69,-5,7,-17.320911949125794,26.17569952931275,звичайний твел UO₂,6,pivnichno_zakhidna,tvz_z_12_tveh,-5.520911949125795,5.7375,8430,28193.233232365023,858.5046747057813,0.0001455610722198118,4.4383433949694605e-06,0.004103316195513265,5.077718582195381e-05,0.00025171266891515544,7.349664501734015e-06,0.7979202316249723,0.024302282524180048
70,-3,6,-15.112547169475478,26.17569952931275,звичайний твел UO₂,6,pivnichno_zakhidna,tvz_z_12_tveh,-3.312547169475477,5.7375,8435,29029.089236434524,940.6071319762499,0.00014987961624235034,4.862718380570627e-06,0.004269784113675745,5.404146016709095e-05,0.00026971958585307934,7.560909238883322e-06,0.8215764902340993,0.026625770136909675
71,-1,5,-12.90418238982516,26.17569952931275,твег UO₂-Gd₂O₃,6,pivnichno_zakhidna,tvz_z_12_tveh,-1.104182389825159,5.7375,8440,10318.428763231668,217.37769025215547,5.315384605876942e-05,1.1230595711428418e-06,0.0038862684452279387,4.790742291124619e-05,0.0007148581553232772,2.4522994025273446e-05,0.29203046705945085,0.006154845467558445
72,1,4,-10.695817610174842,26.17569952931275,звичайний твел UO₂,6,pivnichno_zakhidna,tvz_z_12_tveh,1.104182389825159,5.7375,8445,29496.483436227914,862.466606095588,0.0001522761877096616,4.458155071794398e-06,0.004360635956565665,5.9051439856107206e-05,0.0002822015792053847,9.105955316041766e-06,0.8348046036996802,0.024414862440651195
73,3,3,-8.487452830524523,26.17569952931275,звичайний твел UO₂,6,pivnichno_zakhidna,tvz_z_12_tveh,3.312547169475477,5.7375,8450,31543.259116138088,952.0936002949218,0.00016286541823050643,4.922051892358401e-06,0.004334138052804153,4.607678945623448e-05,0.000291742365041738,8.973053976866403e-06,0.8927321110252132,0.026951667649491074
74,5,2,-6.279088050874206,26.17569952931275,звичайний твел UO₂,6,pivnichno_zakhidna,tvz_z_12_tveh,5.520911949125795,5.7375,8455,31003.50731750932,1023.2646480567231,0.0001600718111582666,5.289318677988311e-06,0.004293235322937464,5.82240079254687e-05,0.00027719604007468506,8.541427652681588e-06,0.8774561447452104,0.028965365430418995
75,7,1,-4.070723271223887,26.17569952931275,звичайний твел UO₂,6,pivnichno_zakhidna,tvz_z_12_tveh,7.729276728776114,5.7375,8460,29572.768664217714,1017.1850789550631,0.00015268768388041948,5.258345182152107e-06,0.004077100522484307,5.656552146762602e-05,0.0002619681249506496,8.223275431099156e-06,0.8369636156258934,0.028792870532699785
76,9,0,-1.8623584915735698,26.17569952931275,звичайний твел UO₂,6,pivnichno_zakhidna,tvz_z_12_tveh,9.937641508426431,5.7375,8465,35009.99176663251,1044.4230650433237,0.00018080034036462798,5.400238305160637e-06,0.00414500125905769,5.6896159894297325e-05,0.0002981803111854661,8.488688781945168e-06,0.9908470060663707,0.02956545844568097
77,-10,9,-22.84182389825159,25.53819952931275,звичайний твел UO₂,6,pivnichno_zakhidna,tvz_z_12_tveh,-11.04182389825159,5.1,8470,40478.19040588426,1115.051089196782,0.00020909006341362482,5.764710564669731e-06,0.0037916125603533277,5.17045839470821e-05,0.0003281428203448416,8.788323553610758e-06,1.145607061035671,0.03156596669443669
78,-8,8,-20.633459118601273,25.53819952931275,твег UO₂-Gd₂O₃,6,pivnichno_zakhidna,tvz_z_12_tveh,-8.833459118601272,5.1,8475,10125.380112523124,246.32270874442486,5.216698151646501e-05,1.2721615401249904e-06,0.003501467790019073,4.7757724173101555e-05,0.0007270650032922244,2.9038205717817857e-05,0.28656683602363836,0.006973643440549038
79,-6,7,-18.425094338950956,25.53819952931275,звичайний твел UO₂,6,pivnichno_zakhidna,tvz_z_12_tveh,-6.625094338950954,5.1,8480,27524.68787715758,933.7939237846268,0.00014209820253711174,4.827444492863407e-06,0.004092079924503164,5.15360780910571e-05,0.0002567282291312045,8.857284730167526e-06,0.7789991713733038,0.026432484855968406
80,-4,6,-16.21672955930064,25.53819952931275,звичайний твел UO₂,6,pivnichno_zakhidna,tvz_z_12_tveh,-4.416729559300636,5.1,8485,27393.499010834086,874.0611479544706,0.0001414078130408927,4.517398670521842e-06,0.004246642344427751,5.652900027601413e-05,0.0002645045509467976,9.50442471334575e-06,0.775286285740758,0.024742193836453527
81,-2,5,-14.008364779650318,25.53819952931275,звичайний твел UO₂,6,pivnichno_zakhidna,tvz_z_12_tveh,-2.208364779650318,5.1,8490,28589.47106608737,936.419795524172,0.0001476061161567657,4.841766496015189e-06,0.004346831688434912,5.976443125093454e-05,0.0002651961151490445,8.170497480689177e-06,0.8091344893674779,0.02650713577283389
82,0,4,-11.8,25.53819952931275,звичайний твел UO₂,6,pivnichno_zakhidna,tvz_z_12_tveh,0.0,5.1,8495,28246.950239487443,871.3641629911342,0.00014582980912964847,4.505676313685104e-06,0.0043728975582729285,5.2475927512612614e-05,0.0002639749012422237,7.596739955855999e-06,0.7994405214907021,0.02466617437709192
83,2,3,-9.591635220349684,25.53819952931275,звичайний твел UO₂,6,pivnichno_zakhidna,tvz_z_12_tveh,2.208364779650318,5.1,8500,30716.19145117967,972.0434212460622,0.00015858371259230885,5.024775202251682e-06,0.004418260641207437,5.553068209478931e-05,0.0002925476694022792,9.549441596924368e-06,0.8693245785384618,0.02751588032650586
84,4,2,-7.383270440699365,25.53819952931275,звичайний твел UO₂,6,pivnichno_zakhidna,tvz_z_12_tveh,4.416729559300636,5.1,8505,28604.35700075741,909.3787460544692,0.00014767089261213728,4.700914721824175e-06,0.004315908773229658,5.025788595918161e-05,0.00026568836649522965,8.419010814947084e-06,0.8095557886325169,0.02574197037868048
85,6,1,-5.1749056610490465,25.53819952931275,звичайний твел UO₂,6,pivnichno_zakhidna,tvz_z_12_tveh,6.625094338950954,5.1,8510,29397.860956646684,786.9656046003072,0.00015176724606101211,4.06765390472825e-06,0.0043575913860468924,5.552819034168473e-05,0.0002687230418582651,8.225850076704168e-06,0.8320134065672936,0.022278530642304555
86,8,0,-2.9665408813987284,25.53819952931275,твег UO₂-Gd₂O₃,6,pivnichno_zakhidna,tvz_z_12_tveh,8.833459118601272,5.1,8515,11310.100393249128,266.85798309838754,5.827510312224742e-05,1.378763532106723e-06,0.0037670208193351243,5.0725485420720824e-05,0.0008424464712204003,2.8036762367784662e-05,0.32009659378560035,0.007555171990391163
87,10,-1,-0.7581761017484112,25.53819952931275,звичайний твел UO₂,6,pivnichno_zakhidna,tvz_z_12_tveh,11.04182389825159,5.1,8520,35852.30137016756,910.8762211880467,0.0001851440215480628,4.7095880113726754e-06,0.004318512870587773,5.064840786588407e-05,0.00031006945833309994,7.676381340906285e-06,1.0146859133819415,0.0257871268801041
88,-9,8,-21.73764150842643,24.90069952931275,звичайний твел UO₂,6,pivnichno_zakhidna,tvz_z_12_tveh,-9.937641508426431,4.4624999999999995,8525,30959.125778106212,1013.2112367643739,0.00015986564156983827,5.239304592421273e-06,0.0038417301182188403,4.902324174535917e-05,0.0002712917778075895,7.521374651300505e-06,0.8762000657453833,0.02868087129281085
89,-7,7,-19.529276728776114,24.90069952931275,звичайний твел UO₂,6,pivnichno_zakhidna,tvz_z_12_tveh,-7.729276728776114,4.4624999999999995,8530,28142.64434333994,915.5799165764623,0.00014529096673194085,4.733799098815378e-06,0.0040593382343382155,5.9703289989198555e-05,0.0002511985042885488,7.70544078339809e-06,0.7964884732411128,0.025917286515326134
90,-5,6,-17.320911949125794,24.90069952931275,звичайний твел UO₂,6,pivnichno_zakhidna,tvz_z_12_tveh,-5.520911949125795,4.4624999999999995,8535,28695.486350466996,963.5951610779324,0.00014815375083878404,4.982179741296915e-06,0.004196497768150777,5.503904454559597e-05,0.00027195296673841203,8.242628613460515e-06,0.8121349164405554,0.027276149105229748
91,-3,5,-15.112547169475478,24.90069952931275,звичайний твел UO₂,6,pivnichno_zakhidna,tvz_z_12_tveh,-3.312547169475477,4.4624999999999995,8540,28417.852986225345,874.4349124464352,0.00014672136615034474,4.521329844707324e-06,0.00432384680677611,4.6147795819750706e-05,0.0002696573762845621,8.386843493414446e-06,0.8042773828091091,0.024753124873189418
92,-1,4,-12.90418238982516,24.90069952931275,звичайний твел UO₂,6,pivnichno_zakhidna,tvz_z_12_tveh,-1.104182389825159,4.4624999999999995,8545,28319.41227670546,880.7317752875704,0.00014619358839164563,4.5534884479407265e-06,0.004337051890703171,5.371736393960031e-05,0.0002687373964428716,8.903173259768023e-06,0.8014913301029845,0.02493126740162322
93,1,3,-10.695817610174842,24.90069952931275,звичайний твел UO₂,6,pivnichno_zakhidna,tvz_z_12_tveh,1.104182389825159,4.4624999999999995,8550,31941.05927998047,913.0909453567672,0.00016491190146165257,4.720810900585545e-06,0.0044799883742661865,5.6911421739733906e-05,0.0002943987319521391,7.579741377916485e-06,0.9039905855768011,0.02584821325444328
94,3,2,-8.487452830524523,24.90069952931275,звичайний твел UO₂,6,pivnichno_zakhidna,tvz_z_12_tveh,3.312547169475477,4.4624999999999995,8555,29290.667121517017,938.8435308700842,0.00015120829025578743,4.853527443597627e-06,0.004432027929139075,4.9763718897625516e-05,0.000266885180667314,8.237000900228504e-06,0.8289796243454928,0.026575954302909537
95,5,1,-6.279088050874206,24.90069952931275,звичайний твел UO₂,6,pivnichno_zakhidna,tvz_z_12_tveh,5.520911949125795,4.4624999999999995,8560,30698.807399700458,974.1598504458709,0.00015849702539438834,5.03521420522977e-06,0.0043808882369409385,5.189771642021167e-05,0.000277558776068119,8.486873842612782e-06,0.868832577983983,0.02757576176587012
96,7,0,-4.070723271223887,24.90069952931275,звичайний твел UO₂,6,pivnichno_zakhidna,tvz_z_12_tveh,7.729276728776114,4.4624999999999995,8565,31123.990494903388,887.6070528645322,0.00016069392878668203,4.588584133089157e-06,0.0044032292569815695,5.3868410744859234e-05,0.00027403637286289775,7.012942379742816e-06,0.8808660397374182,0.025126831368060116
97,9,-1,-1.8623584915735698,24.90069952931275,звичайний твел UO₂,6,pivnichno_zakhidna,tvz_z_12_tveh,9.937641508426431,4.4624999999999995,8570,31381.649285323012,969.1549846008713,0.00016202823390737596,5.0109846549511735e-06,0.004340186854888025,5.375573334431451e-05,0.0002920525885536593,7.848783347482678e-06,0.8881582562787911,0.027434379359903643
98,-10,8,-22.84182389825159,24.26319952931275,звичайний твел UO₂,6,pivnichno_zakhidna,tvz_z_12_tveh,-11.04182389825159,3.8249999999999997,8575,43075.70239411508,1331.5953787430872,0.0002225218317535143,6.883320582829928e-06,0.0038969528977713577,6.290927946295238e-05,0.0003476843408268086,1.1226842423650687e-05,1.219121416420724,0.03769415530375378
99,-8,7,-20.633459118601273,24.26319952931275,звичайний твел UO₂,6,pivnichno_zakhidna,tvz_z_12_tveh,-8.833459118601272,3.8249999999999997,8580,28726.16431894445,878.8216114147214,0.0001483215548447018,4.542765309602097e-06,0.0038463547024809425,5.2038287513483296e-05,0.00025324596577201003,7.3753716302903006e-06,0.813003159238803,0.024877360282131094
101,-4,5,-16.21672955930064,24.26319952931275,звичайний твел UO₂,6,pivnichno_zakhidna,tvz_z_12_tveh,-4.416729559300636,3.8249999999999997,8588,29519.46215968977,1010.9827625211221,0.00015239921860137051,5.2279236259817535e-06,0.0042669178904687615,4.547132837571528e-05,0.000271345286754495,8.170100061308375e-06,0.8354549437368095,0.028617345311057793
102,-2,4,-14.008364779650318,24.26319952931275,звичайний твел UO₂,6,pivnichno_zakhidna,tvz_z_12_tveh,-2.208364779650318,3.8249999999999997,8593,30468.35305503696,1095.9748540608591,0.00015730743243901098,5.666430116623908e-06,0.004507159353621411,5.2367402571284334e-05,0.0002741104975219228,8.47185299402232e-06,0.8623102971743529,0.031022696590496533
103,0,3,-11.8,24.26319952931275,звичайний твел UO₂,6,pivnichno_zakhidna,tvz_z_12_tveh,0.0,3.8249999999999997,8598,31300.20401361441,875.0292206142165,0.00016160171296705222,4.525205399419037e-06,0.0045812728420799465,6.182897695520957e-05,0.0002842655297206973,6.47868172386029e-06,0.8858532056472841,0.024771008973603494
104,2,2,-9.591635220349684,24.26319952931275,звичайний твел UO₂,6,pivnichno_zakhidna,tvz_z_12_tveh,2.208364779650318,3.8249999999999997,8603,31016.511476594158,830.7387457991356,0.00016013053321688024,4.295718792060393e-06,0.004550917696403438,5.1492927029849993e-05,0.00028739594341407594,7.530656450759373e-06,0.8778241863083593,0.023517715667537395
105,4,1,-7.383270440699365,24.26319952931275,твег UO₂-Gd₂O₃,6,pivnichno_zakhidna,tvz_z_12_tveh,4.416729559300636,3.8249999999999997,8608,10979.982149086523,232.54472869165718,5.6559577883901225e-05,1.2025379563747767e-06,0.004053494628603678,4.596256859695702e-05,0.0007233866869201302,2.5552900070091675e-05,0.31075364174902903,0.006584255942246192
107,8,-1,-2.9665408813987284,24.26319952931275,звичайний твел UO₂,6,pivnichno_zakhidna,tvz_z_12_tveh,8.833459118601272,3.8249999999999997,8616,31121.88757460996,867.7295022856941,0.00016067398727256975,4.487139071575148e-06,0.004494006237609097,5.255975345914384e-05,0.0002826913590817815,7.598817415996606e-06,0.8808065232345116,0.024564395046249528
108,10,-2,-0.7581761017484112,24.26319952931275,звичайний твел UO₂,6,pivnichno_zakhidna,tvz_z_12_tveh,11.04182389825159,3.8249999999999997,8621,33527.88497614872,852.2018182217561,0.0001731274977138296,4.406529461264192e-06,0.00445659850169406,4.9550589212075416e-05,0.0002952663706040865,7.300570119375434e-06,0.9489006644102396,0.02412603389594262
109,-9,7,-21.73764150842643,23.62569952931275,звичайний твел UO₂,6,pivnichno_zakhidna,tvz_z_12_tveh,-9.937641508426431,3.1875,8626,33559.538019556974,940.4657203490701,0.00017330011563318964,4.862698261443693e-06,0.003879848655539563,4.5373039213889555e-05,0.0002912562461758824,8.000056683835058e-06,0.9497965036181725,0.026623404846628177
110,-7,6,-19.529276728776114,23.62569952931275,звичайний твел UO₂,6,pivnichno_zakhidna,tvz_z_12_tveh,-7.729276728776114,3.1875,8631,29367.543323849484,1000.6659674589669,0.00015162888738144516,5.1726837019464955e-06,0.004074506628385942,5.594364823872614e-05,0.0002605263971317464,7.75314738764478e-06,0.8311553619299693,0.02832536078573728
111,-5,5,-17.320911949125794,23.62569952931275,звичайний твел UO₂,6,pivnichno_zakhidna,tvz_z_12_tveh,-5.520911949125795,3.1875,8636,28578.100392482378,944.6164541722695,0.00014753819546735772,4.88380555054405e-06,0.004249311702117759,4.935503093046297e-05,0.0002624505001512001,7.784945596022206e-06,0.8088126784406554,0.02673907141812566
112,-3,4,-15.112547169475478,23.62569952931275,звичайний твел UO₂,6,pivnichno_zakhidna,tvz_z_12_tveh,-3.312547169475477,3.1875,8641,28758.502833368413,715.1495654193682,0.00014846991671828074,3.6972706140639447e-06,0.004380675188566608,5.6204328708849886e-05,0.00027153622621259066,8.114524080727878e-06,0.8139183985342362,0.020246321165337672
113,-1,3,-12.90418238982516,23.62569952931275,звичайний твел UO₂,6,pivnichno_zakhidna,tvz_z_12_tveh,-1.104182389825159,3.1875,8646,30546.002425493403,857.2409386286832,0.00015769899780818423,4.4320420512628354e-06,0.004526799883798124,5.934881156873746e-05,0.0002832559657590464,7.2011126994632525e-06,0.8645079168354073,0.024267398741159702
115,3,1,-8.487452830524523,23.62569952931275,звичайний твел UO₂,6,pivnichno_zakhidna,tvz_z_12_tveh,3.312547169475477,3.1875,8654,29717.984102607592,949.7200184142148,0.00015340456146517546,4.909521739338738e-06,0.004655551267467113,5.612742616983504e-05,0.00027804197214855434,7.972432150694587e-06,0.8410734789849691,0.02688386615368964
116,5,0,-6.279088050874206,23.62569952931275,звичайний твел UO₂,6,pivnichno_zakhidna,tvz_z_12_tveh,5.520911949125795,3.1875,8659,28872.660514546886,914.9506564234488,0.00014904767085569386,4.7308331838214105e-06,0.00456004108685966,5.978864035082126e-05,0.0002711977380054757,8.356726332695951e-06,0.8171492703770276,0.02589972740189508
117,7,-1,-4.070723271223887,23.62569952931275,звичайний твел UO₂,6,pivnichno_zakhidna,tvz_z_12_tveh,7.729276728776114,3.1875,8664,33958.86049757807,1082.2969493680139,0.00017533295471253336,5.5961355034965225e-06,0.004647152268960753,5.004904531666767e-05,0.0003020512307531162,8.899858034898582e-06,0.9610980624542791,0.030636772518325948
118,9,-2,-1.8623584915735698,23.62569952931275,звичайний твел UO₂,6,pivnichno_zakhidna,tvz_z_12_tveh,9.937641508426431,3.1875,8669,30235.173803147674,863.1348671312207,0.0001560904129463813,4.463138190928234e-06,0.004553334161045927,5.8484458247666285e-05,0.0002823739472826455,8.051434900972233e-06,0.8557108964903601,0.024434048625283342
119,-10,7,-22.84182389825159,22.98819952931275,звичайний твел UO₂,6,pivnichno_zakhidna,tvz_z_12_tveh,-11.04182389825159,2.55,8674,44404.61317973204,1157.5753116934861,0.0002293985676480995,5.984826509866506e-06,0.0037750151429022803,4.9205787568635444e-05,0.0003540943325028627,9.85973415218825e-06,1.2567320300431144,0.03277074970804754
120,-8,6,-20.633459118601273,22.98819952931275,звичайний твел UO₂,6,pivnichno_zakhidna,tvz_z_12_tveh,-8.833459118601272,2.55,8679,30573.775470876026,1046.6413907162155,0.00015785306923552314,5.411474349784423e-06,0.004030896363241133,5.487089931427776e-05,0.0002759418608480228,9.822330676508079e-06,0.865293944979891,0.029626719081213948
121,-6,5,-18.425094338950956,22.98819952931275,звичайний твел UO₂,6,pivnichno_zakhidna,tvz_z_12_tveh,-6.625094338950954,2.55,8684,26755.27714357823,756.5968613967149,0.00013811046857876308,3.912522062349708e-06,0.004135951490290627,4.630639833339307e-05,0.00025204960235777993,7.632202910104879e-06,0.7572234358380264,0.021418214368076515
122,-4,4,-16.21672955930064,22.98819952931275,звичайний твел UO₂,6,pivnichno_zakhidna,tvz_z_12_tveh,-4.416729559300636,2.55,8689,28109.83029376881,931.2609756562631,0.0001451243534578772,4.814706545054698e-06,0.0042937991542012785,5.1202228587329704e-05,0.000267894052106443,7.418908535333511e-06,0.7955597754284657,0.026360999462048215
124,0,2,-11.8,22.98819952931275,звичайний твел UO₂,6,pivnichno_zakhidna,tvz_z_12_tveh,0.0,2.55,8697,32294.0289193096,875.3868662005108,0.00016673949431447542,4.524614372126079e-06,0.004642073115274381,5.433867774483827e-05,0.0002898877090604399,7.384451461551865e-06,0.9139802740261119,0.024781520304668993
125,2,1,-9.591635220349684,22.98819952931275,звичайний твел UO₂,6,pivnichno_zakhidna,tvz_z_12_tveh,2.208364779650318,2.55,8702,31796.547273926906,922.0054937889631,0.00016415512159823935,4.7674965646596594e-06,0.004722360252658312,4.756232877685019e-05,0.00029435381316436486,8.292260781060579e-06,0.8999006306435557,0.0261003985017683
126,4,0,-7.383270440699365,22.98819952931275,звичайний твел UO₂,6,pivnichno_zakhidna,tvz_z_12_tveh,4.416729559300636,2.55,8707,30997.27330728265,972.2540084111782,0.00016001539577818256,5.025574587652146e-06,0.004743566179718589,6.508492408830093e-05,0.00029123815935375716,9.971689186601834e-06,0.8772797108171462,0.02752193601246119
127,6,-1,-5.1749056610490465,22.98819952931275,звичайний твел UO₂,6,pivnichno_zakhidna,tvz_z_12_tveh,6.625094338950954,2.55,8712,34270.77742359901,1142.8245580631983,0.00017694818216383378,5.909490138481621e-06,0.004778224789498367,6.07306368237508e-05,0.00031517046349073937,9.634884647592456e-06,0.9699258837902394,0.03234960973672965
128,8,-2,-2.9665408813987284,22.98819952931275,звичайний твел UO₂,6,pivnichno_zakhidna,tvz_z_12_tveh,8.833459118601272,2.55,8717,30092.357097794244,843.0343510856022,0.00015533801899863614,4.3584692707821735e-06,0.004656987890718905,5.573353255656701e-05,0.00028911543919509164,8.699477325691516e-06,0.8516689216775988,0.023865248699634647
129,10,-3,-0.7581761017484112,22.98819952931275,звичайний твел UO₂,6,pivnichno_zakhidna,tvz_z_12_tveh,11.04182389825159,2.55,8722,35487.27196499609,909.1974471128584,0.00018322779623754565,4.699826017640711e-06,0.004834124558728809,5.992776175689311e-05,0.00031899692156203794,8.352573905743072e-06,1.0043549114310912,0.02573947321113441
130,-9,6,-21.73764150842643,22.350699529312752,звичайний твел UO₂,6,pivnichno_zakhidna,tvz_z_12_tveh,-9.937641508426431,1.9124999999999999,8727,35769.1677125492,1066.5408762838276,0.00018472866721158657,5.51453041662478e-06,0.0039600320486908955,4.9757213672055186e-05,0.00029776060459628536,7.931946702188225e-06,1.012333078331206,0.03019157443630043
131,-7,5,-19.529276728776114,22.350699529312752,звичайний твел UO₂,6,pivnichno_zakhidna,tvz_z_12_tveh,-7.729276728776114,1.9124999999999999,8732,31100.14528655597,1045.8622212734847,0.00016056506146599334,5.4060564281765925e-06,0.004183340859324511,5.640011883992905e-05,0.0002707384744352658,7.896602643990536e-06,0.8801911765881333,0.029604839219513863
132,-5,4,-17.320911949125794,22.350699529312752,твег UO₂-Gd₂O₃,6,pivnichno_zakhidna,tvz_z_12_tveh,-5.520911949125795,1.9124999999999999,8737,10272.984020755925,241.78816146583534,5.292376969568511e-05,1.249199674136537e-06,0.003829079871173764,4.94032047968774e-05,0.0006777230751561639,2.2708995756571748e-05,0.29074429746182007,0.006845417348487403
133,-3,3,-15.112547169475478,22.350699529312752,звичайний твел UO₂,6,pivnichno_zakhidna,tvz_z_12_tveh,-3.312547169475477,1.9124999999999999,8742,33404.50933243457,1014.7364203066993,0.00017248608639481395,5.246397239718071e-06,0.004638272324506906,5.5436992412860646e-05,0.00029084511158686976,7.911562577501312e-06,0.9454089073138502,0.02872487081878389
134,-1,2,-12.90418238982516,22.350699529312752,звичайний твел UO₂,6,pivnichno_zakhidna,tvz_z_12_tveh,-1.104182389825159,1.9124999999999999,8747,32987.09927214924,936.6894605056682,0.00017032555740489184,4.843712027872015e-06,0.004667662888848008,5.0343592447825054e-05,0.00029887311158573204,8.242582284815146e-06,0.9335954367111551,0.026516335267714266
135,1,1,-10.695817610174842,22.350699529312752,звичайний твел UO₂,6,pivnichno_zakhidna,tvz_z_12_tveh,1.104182389825159,1.9124999999999999,8752,35695.99950961631,1147.5889927561007,0.00018432083161177182,5.93244050600045e-06,0.004893615166913864,5.728039355296609e-05,0.0003204539678848757,9.466009550067096e-06,1.0102622839334647,0.0324849003935195
136,3,0,-8.487452830524523,22.350699529312752,звичайний твел UO₂,6,pivnichno_zakhidna,tvz_z_12_tveh,3.312547169475477,1.9124999999999999,8757,33420.46645502564,886.0154610103381,0.00017256261856077163,4.58054957871106e-06,0.004824707302078605,4.9277172425227887e-05,0.00031290505220081386,8.48603832555302e-06,0.9458605231625538,0.0250827048581931
137,5,-1,-6.279088050874206,22.350699529312752,звичайний твел UO₂,6,pivnichno_zakhidna,tvz_z_12_tveh,5.520911949125795,1.9124999999999999,8762,32737.97303172626,883.5293955666559,0.00016902157685592435,4.567732697321968e-06,0.004797103393693136,5.2983594019824666e-05,0.0003047631313520365,9.296055967708194e-06,0.9265447069908772,0.02501208657204434
138,7,-2,-4.070723271223887,22.350699529312752,звичайний твел UO₂,6,pivnichno_zakhidna,tvz_z_12_tveh,7.729276728776114,1.9124999999999999,8767,35222.29512440837,1021.1738610118224,0.00018185153044050743,5.280112082100956e-06,0.004932678406642074,5.5890242836384256e-05,0.0003125830493863269,8.167502488978676e-06,0.9968555806422302,0.028907687527804305
139,9,-3,-1.8623584915735698,22.350699529312752,звичайний твел UO₂,6,pivnichno_zakhidna,tvz_z_12_tveh,9.937641508426431,1.9124999999999999,8772,34844.65176922629,1082.1888516487481,0.0001799045742833942,5.5943657085112495e-06,0.004834788053040088,6.667642122192303e-05,0.00030652644530223915,8.402183207026705e-06,0.9861675807610178,0.030634019355597873
140,-10,6,-22.84182389825159,21.71319952931275,звичайний твел UO₂,6,pivnichno_zakhidna,tvz_z_12_tveh,-11.04182389825159,1.275,8777,46510.125781268325,1316.529632934572,0.00024028549349212848,6.8068040557711614e-06,0.003859960910585534,5.146199541330839e-05,0.0003765208603754849,1.025356276650816e-05,1.3163219000257633,0.03726912181055573
141,-8,5,-20.633459118601273,21.71319952931275,звичайний твел UO₂,6,pivnichno_zakhidna,tvz_z_12_tveh,-8.833459118601272,1.275,8782,33544.057595351806,1064.114089148657,0.0001732078531087293,5.502105864377307e-06,0.0040976080606504595,5.347077211879538e-05,0.00029402909554880917,9.287667883410643e-06,0.9493583792084733,0.030122120208352515
142,-6,4,-18.425094338950956,21.71319952931275,звичайний твел UO₂,6,pivnichno_zakhidna,tvz_z_12_tveh,-6.625094338950954,1.275,8787,27631.77391873122,734.4411606767333,0.0001426414539208214,3.796292683545862e-06,0.004216346507123895,5.474113255146255e-05,0.0002641036597259553,7.125165228717925e-06,0.782029902839681,0.02079167446393981
143,-4,3,-16.21672955930064,21.71319952931275,звичайний твел UO₂,6,pivnichno_zakhidna,tvz_z_12_tveh,-4.416729559300636,1.275,8792,27168.772126181997,805.4650620428249,0.00014024672055681675,4.164515041176935e-06,0.004507429095720439,5.3060025685697096e-05,0.00026391037914166426,8.742403164076122e-06,0.7689261025586424,0.022801112867361313
144,-2,2,-14.008364779650318,21.71319952931275,звичайний твел UO₂,6,pivnichno_zakhidna,tvz_z_12_tveh,-2.208364779650318,1.275,8797,33491.5313439231,943.557609408472,0.0001729321862989887,4.877916987407105e-06,0.004732050081565448,5.218328844721335e-05,0.00030719448061328626,8.548094596527402e-06,0.9478717899137673,0.02671086346316334
145,0,1,-11.8,21.71319952931275,звичайний твел UO₂,6,pivnichno_zakhidna,tvz_z_12_tveh,0.0,1.275,8802,34402.954299215686,1073.854362721887,0.0001776342846635344,5.552277862475173e-06,0.004851603709220786,5.486843443085201e-05,0.0003174186661075663,9.076700048867607e-06,0.9736667318986589,0.030398030704856974
146,2,0,-9.591635220349684,21.71319952931275,звичайний твел UO₂,6,pivnichno_zakhidna,tvz_z_12_tveh,2.208364779650318,1.275,8807,35075.05897997868,934.5694456197854,0.0001810924099028014,4.831388247099113e-06,0.00492183401268718,4.983753860387668e-05,0.00033579823590549766,9.399981045087175e-06,0.9926885275944786,0.026457174414377397
147,4,-1,-7.383270440699365,21.71319952931275,звичайний твел UO₂,6,pivnichno_zakhidna,tvz_z_12_tveh,4.416729559300636,1.275,8812,33204.67037928946,1078.1744844124346,0.0001714257768824183,5.5749139397928225e-06,0.00492390549138451,5.95424537180384e-05,0.0003067490982505824,9.010346422068593e-06,0.9397530982597049,0.030519866340567376
148,6,-2,-5.1749056610490465,21.71319952931275,звичайний твел UO₂,6,pivnichno_zakhidna,tvz_z_12_tveh,6.625094338950954,1.275,8817,34063.3667951973,970.8457457036509,0.00017586015814068987,5.019826319791396e-06,0.005037260749467474,5.8358172980715376e-05,0.0003273405978274414,9.035806871182445e-06,0.9640557824332304,0.02748320241599704
149,8,-3,-2.9665408813987284,21.71319952931275,звичайний твел UO₂,6,pivnichno_zakhidna,tvz_z_12_tveh,8.833459118601272,1.275,8822,35092.42023534712,1145.353407062257,0.0001811754377530354,5.921327371036388e-06,0.005038493076697557,5.4700114675181075e-05,0.0003175376439010283,9.428201824651587e-06,0.9931798829771943,0.032421438530435345
150,10,-4,-0.7581761017484112,21.71319952931275,звичайний твел UO₂,6,pivnichno_zakhidna,tvz_z_12_tveh,11.04182389825159,1.275,8827,35327.006515373,1009.19130478084,0.00018239131774309907,5.217258983253992e-06,0.0048818647677537534,5.5964144028215036e-05,0.00032079448392534284,8.430835155085268e-06,0.999819105139178,0.028568677192681906
151,-9,5,-21.73764150842643,21.07569952931275,звичайний твел UO₂,6,pivnichno_zakhidna,tvz_z_12_tveh,-9.937641508426431,0.6375,8832,35542.35595525922,1122.9630384535008,0.0001835651979596316,5.805707333029939e-06,0.0039480700795068895,5.36103439665798e-05,0.00029801172179876815,8.887592179882502e-06,1.0059138894279505,0.03178801993272896
152,-7,4,-19.529276728776114,21.07569952931275,звичайний твел UO₂,6,pivnichno_zakhidna,tvz_z_12_tveh,-7.729276728776114,0.6375,8837,32858.84320250653,948.3705486015846,0.00016967597413605672,4.903437745670354e-06,0.0042313275722553195,5.363207380097746e-05,0.00029392144164137955,8.889448086234088e-06,0.9299655546060002,0.02684680553201252
153,-5,3,-17.320911949125794,21.07569952931275,звичайний твел UO₂,6,pivnichno_zakhidna,tvz_z_12_tveh,-5.520911949125795,0.6375,8842,30055.85026307356,971.419161219556,0.0001551748756322383,5.022474974087146e-06,0.004390983400444821,6.0129479484336783e-05,0.0002722225659722121,8.640414744966498e-06,0.8506357112694083,0.0274979918170624
154,-3,2,-15.112547169475478,21.07569952931275,звичайний твел UO₂,6,pivnichno_zakhidna,tvz_z_12_tveh,-3.312547169475477,0.6375,8847,32943.94109157253,930.9998267477508,0.00017009515880338005,4.81355203801752e-06,0.004690823398808728,5.239483388765138e-05,0.00030409991010846483,8.223426233300976e-06,0.9323739810108297,0.026355330128510643
155,-1,1,-12.90418238982516,21.07569952931275,звичайний твел UO₂,6,pivnichno_zakhidna,tvz_z_12_tveh,-1.104182389825159,0.6375,8852,33949.87973222167,1047.64724178914,0.00017528810670399103,5.416819721572634e-06,0.004862205795451592,5.491399652972394e-05,0.00030529781378196147,1.0698540296350527e-05,0.9608438903160824,0.02965631028370957
156,1,0,-10.695817610174842,21.07569952931275,звичайний твел UO₂,6,pivnichno_zakhidna,tvz_z_12_tveh,1.104182389825159,0.6375,8857,33434.49994406608,824.1668112074311,0.00017262306625157183,4.2617443884108295e-06,0.004888012768869161,5.515050544217157e-05,0.0003033361166452908,6.95088807564688e-06,0.9462576966521413,0.02333279402344613
158,5,-2,-6.279088050874206,21.07569952931275,звичайний твел UO₂,6,pivnichno_zakhidna,tvz_z_12_tveh,5.520911949125795,0.6375,8865,34616.772228288646,991.3588670307248,0.0001787346995522295,5.125259376661466e-06,0.005004675685907913,5.452860319883744e-05,0.0003142345182521956,7.4210402297656465e-06,0.9797181716212805,0.0280638352565048
160,9,-4,-1.8623584915735698,21.07569952931275,звичайний твел UO₂,6,pivnichno_zakhidna,tvz_z_12_tveh,9.937641508426431,0.6375,8873,34340.71730743695,1103.5916969035852,0.00017729223996638643,5.705781338138942e-06,0.005000503299964684,6.282049684871652e-05,0.00031713973040644087,9.343364268417039e-06,0.9719053108340213,0.03123946963146691
161,-10,5,-22.84182389825159,20.43819952931275,звичайний твел UO₂,6,pivnichno_zakhidna,tvz_z_12_tveh,-11.04182389825159,0.0,8878,43712.78038873031,1197.5990214866458,0.00022581572549505642,6.191700727995943e-06,0.00385687264994665,5.404441239335684e-05,0.0003577055470787131,1.0601961334149833e-05,1.2371518926288592,0.03390290904006847
162,-8,4,-20.633459118601273,20.43819952931275,звичайний твел UO₂,6,pivnichno_zakhidna,tvz_z_12_tveh,-8.833459118601272,0.0,8883,34403.05986069952,870.3509022435044,0.00017765505878214067,4.500843171993888e-06,0.0042029359089726485,4.5600816093242806e-05,0.00030896193040846946,7.741425579516087e-06,0.9736697194823439,0.024639907697296494
163,-6,3,-18.425094338950956,20.43819952931275,звичайний твел UO₂,6,pivnichno_zakhidna,tvz_z_12_tveh,-6.625094338950954,0.0,8888,30476.07759880684,957.1570629399453,0.0001573464837950956,4.948072181836421e-06,0.004415177599895283,5.822241257002746e-05,0.0002755062000754288,8.611705038295516e-06,0.8625289159366375,0.02709456767984483
164,-4,2,-16.21672955930064,20.43819952931275,звичайний твел UO₂,6,pivnichno_zakhidna,tvz_z_12_tveh,-4.416729559300636,0.0,8893,30919.68804928395,1007.6037872690616,0.000159627080308922,5.210968643392405e-06,0.004551301687854828,5.502416590098664e-05,0.0002832645934342871,8.41524840555172e-06,0.8750839056562845,0.028522185606609605
165,-2,1,-14.008364779650318,20.43819952931275,звичайний твел UO₂,6,pivnichno_zakhidna,tvz_z_12_tveh,-2.208364779650318,0.0,8898,33923.29449617273,997.2135554826153,0.0001751481852355523,5.155120567672648e-06,0.004853415586036099,5.6953220115591764e-05,0.00030575602498213514,8.148748942715934e-06,0.9600914793552274,0.028229236519461964
167,2,-1,-9.591635220349684,20.43819952931275,звичайний твел UO₂,6,pivnichno_zakhidna,tvz_z_12_tveh,2.208364779650318,0.0,8906,34885.70983864198,902.2206246461291,0.0001801078209044251,4.6658382474178284e-06,0.005149759874659442,5.503870312983576e-05,0.0003248050541153832,7.475380242030128e-06,0.9873295994620384,0.025541819834458367
168,4,-2,-7.383270440699365,20.43819952931275,звичайний твел UO₂,6,pivnichno_zakhidna,tvz_z_12_tveh,4.416729559300636,0.0,8911,34804.4546816327,959.5338396274132,0.00017969890943496662,4.960078038283637e-06,0.005064060880939457,5.0522600352452655e-05,0.0003302447261403028,8.153454811363243e-06,0.9850299294253594,0.027163419803970402
169,6,-3,-5.1749056610490465,20.43819952931275,звичайний твел UO₂,6,pivnichno_zakhidna,tvz_z_12_tveh,6.625094338950954,0.0,8916,34849.76444715623,920.0944218221559,0.00017993309676397066,4.756338763973868e-06,0.005130444016207484,6.270798739168994e-05,0.0003248199342956732,9.003404869000913e-06,0.9863122789275763,0.026047524134765417
170,8,-4,-2.9665408813987284,20.43819952931275,звичайний твел UO₂,6,pivnichno_zakhidna,tvz_z_12_tveh,8.833459118601272,0.0,8921,37498.45983070206,1116.768110512694,0.00019360525982202125,5.773806769276531e-06,0.0052634746424998526,5.781705125923847e-05,0.0003388748544719417,9.21323905805578e-06,1.0612752183153407,0.03161342025099561
171,10,-5,-0.7581761017484112,20.43819952931275,звичайний твел UO₂,6,pivnichno_zakhidna,tvz_z_12_tveh,11.04182389825159,0.0,8926,36342.277498535244,987.4317999829725,0.00018763086735923702,5.105322850208207e-06,0.005218785773585912,5.345580757722182e-05,0.0003296226740742926,8.960193564066592e-06,1.0285531368612635,0.027953391023739897
172,-9,4,-21.73764150842643,19.80069952931275,звичайний твел UO₂,6,pivnichno_zakhidna,tvz_z_12_tveh,-9.937641508426431,-0.6375,8931,36722.41911544734,1190.959871476547,0.00018966973520036226,6.157678510606428e-06,0.00398780092133577,5.571046029173562e-05,0.00029598995908534795,8.996931729411892e-06,1.0393118421334413,0.03371249513807353
174,-5,2,-17.320911949125794,19.80069952931275,звичайний твел UO₂,6,pivnichno_zakhidna,tvz_z_12_tveh,-5.520911949125795,-0.6375,8939,31359.175882974345,959.1133512743007,0.00016190875353866833,4.959506765193754e-06,0.004436481206584694,5.9943317778692986e-05,0.00028698819406629625,9.081583527278867e-06,0.8875222177563677,0.027150232462404257
176,-1,0,-12.90418238982516,19.80069952931275,звичайний твел UO₂,6,pivnichno_zakhidna,tvz_z_12_tveh,-1.104182389825159,-0.6375,8947,34407.164071796615,903.2084402231025,0.00017764056302401815,4.670091183832554e-06,0.004972087401385659,5.2816995139961955e-05,0.00031756465360314524,8.993756442019483e-06,0.9737858761871192,0.02556956960336867
177,1,-1,-10.695817610174842,19.80069952931275,звичайний твел UO₂,6,pivnichno_zakhidna,tvz_z_12_tveh,1.104182389825159,-0.6375,8952,36857.363419138084,1042.1601314646555,0.00019030099359196835,5.388227542667256e-06,0.005226555961615304,5.237019667810422e-05,0.00033644624383876614,9.31161465035314e-06,1.0431310135342506,0.02950211842890713
178,3,-2,-8.487452830524523,19.80069952931275,звичайний твел UO₂,6,pivnichno_zakhidna,tvz_z_12_tveh,3.312547169475477,-0.6375,8957,35460.13087006898,1009.8017103387999,0.00018308077097940487,5.22028694120092e-06,0.005147983492449782,5.985763084302014e-05,0.00032108511597356195,8.515586098301526e-06,1.0035867686440503,0.028585999375331086
179,5,-3,-6.279088050874206,19.80069952931275,звичайний твел UO₂,6,pivnichno_zakhidna,tvz_z_12_tveh,5.520911949125795,-0.6375,8962,33019.61054797366,942.823619463884,0.00017046817562335072,4.874563558637156e-06,0.005075440627525387,5.923610168783447e-05,0.0003121399537968187,9.156826927816161e-06,0.9345155654712175,0.02668991456269917
180,7,-4,-4.070723271223887,19.80069952931275,звичайний твел UO₂,6,pivnichno_zakhidna,tvz_z_12_tveh,7.729276728776114,-0.6375,8967,36666.32365250972,1117.5957996555812,0.00018931251991961189,5.7776750826964066e-06,0.005208490924498307,5.886456323280995e-05,0.0003277359917853354,8.470864607329947e-06,1.0377242376039648,0.031636540639543784
181,9,-5,-1.8623584915735698,19.80069952931275,звичайний твел UO₂,6,pivnichno_zakhidna,tvz_z_12_tveh,9.937641508426431,-0.6375,8972,37195.92767387927,1103.8519208493033,0.00019204613046480543,5.70769902230003e-06,0.005249202547028049,5.433953774743131e-05,0.000335825548189432,8.737737661299883e-06,1.0527130031675964,0.031247837233584614
182,-10,4,-22.84182389825159,19.163199529312752,звичайний твел UO₂,6,pivnichno_zakhidna,tvz_z_12_tveh,-11.04182389825159,-1.275,8977,47701.27306623441,1242.6905307946004,0.0002464414280456834,6.425553039983186e-06,0.003885758421211764,4.4404061437077855e-05,0.00037891203510782097,1.0290602093774015e-05,1.3500335538004895,0.03518035948916416
183,-8,3,-20.633459118601273,19.163199529312752,звичайний твел UO₂,6,pivnichno_zakhidna,tvz_z_12_tveh,-8.833459118601272,-1.275,8982,34710.53612055525,1052.9000540362201,0.000179251402716879,5.443908614762515e-06,0.0041211736152036976,4.8930527382274916e-05,0.00030202439215327515,8.93172269198109e-06,0.9823718618177472,0.029805213910883963
184,-6,2,-18.425094338950956,19.163199529312752,звичайний твел UO₂,6,pivnichno_zakhidna,tvz_z_12_tveh,-6.625094338950954,-1.275,8987,33127.116708517424,982.8385569863633,0.00017104470577157066,5.081467043652953e-06,0.004495510959618209,5.750579580865308e-05,0.00030161583178768764,8.324467760978285e-06,0.9375581870753164,0.02782219451228213
185,-4,1,-16.21672955930064,19.163199529312752,звичайний твел UO₂,6,pivnichno_zakhidna,tvz_z_12_tveh,-4.416729559300636,-1.275,8992,32271.63801101343,941.1382015100868,0.00016660864496729585,4.865664939628691e-06,0.004669952070194583,5.5887429332713304e-05,0.0002938578447083227,8.160988712433614e-06,0.9133465702367408,0.02664194378779544
186,-2,0,-14.008364779650318,19.163199529312752,звичайний твел UO₂,6,pivnichno_zakhidna,tvz_z_12_tveh,-2.208364779650318,-1.275,8997,33828.25885207384,935.3023146867868,0.00017466225161186897,4.8359336593787296e-06,0.004895234980882619,5.4225266565656935e-05,0.0003058117784519854,7.942734331074856e-06,0.9574017962483973,0.026477411927458477
187,0,-1,-11.8,19.163199529312752,звичайний твел UO₂,6,pivnichno_zakhidna,tvz_z_12_tveh,0.0,-1.275,9002,37667.487851415615,990.2160384619161,0.0001945024408868063,5.1202266384157026e-06,0.005091688362273019,5.516461461491202e-05,0.0003438494115908967,9.631261023488332e-06,1.0660590214473646,0.02803270715209225
188,2,-2,-9.591635220349684,19.163199529312752,звичайний твел UO₂,6,pivnichno_zakhidna,tvz_z_12_tveh,2.208364779650318,-1.275,9007,36102.60371670016,1016.9221823575366,0.00018639540528623242,5.257148340179921e-06,0.005191317008103819,5.900289857976961e-05,0.00033069031675549176,8.331031779385017e-06,1.0217699290631332,0.028787719837768847
189,4,-3,-7.383270440699365,19.163199529312752,звичайний твел UO₂,6,pivnichno_zakhidna,tvz_z_12_tveh,4.416729559300636,-1.275,9012,33612.75095230628,781.0801140571267,0.00017352128638835432,4.038468450514311e-06,0.0051917942650965615,5.3620265484236766e-05,0.00031904491349106354,8.147787716563493e-06,0.9513025272542281,0.02211385037464017
190,6,-4,-5.1749056610490465,19.163199529312752,звичайний твел UO₂,6,pivnichno_zakhidna,tvz_z_12_tveh,6.625094338950954,-1.275,9017,32852.96628542574,1026.517009245497,0.00016960056138332587,5.307275079962006e-06,0.005125656379515686,6.43736793642404e-05,0.0003138092223316872,9.231600083730467e-06,0.9297992270691869,0.029058021429017766
191,8,-5,-2.9665408813987284,19.163199529312752,звичайний твел UO₂,6,pivnichno_zakhidna,tvz_z_12_tveh,8.833459118601272,-1.275,9022,36175.262916986554,998.946435610993,0.00018677013616088037,5.16524606428711e-06,0.00534705424050183,5.9485715084157887e-05,0.0003307517152007934,9.097743484210345e-06,1.0238263177520208,0.02827912689267172
192,10,-6,-0.7581761017484112,19.163199529312752,звичайний твел UO₂,6,pivnichno_zakhidna,tvz_z_12_tveh,11.04182389825159,-1.275,9027,37503.457338172135,1039.528980639224,0.00019363057258576453,5.3743032237000675e-06,0.005399619577515973,6.30978065111596e-05,0.0003326879026279526,8.750198155713869e-06,1.0614166569465613,0.029427920735261022
193,-9,3,-21.73764150842643,18.52569952931275,звичайний твел UO₂,6,pivnichno_zakhidna,tvz_z_12_tveh,-9.937641508426431,-1.9124999999999999,9032,37550.779007832745,1041.0039026226152,0.00019393443747540265,5.381581986463846e-06,0.004080076580138179,5.3808634971657465e-05,0.0003134024567658111,8.352230511755124e-06,1.0627559470274566,0.029469671846554614
194,-7,2,-19.529276728776114,18.52569952931275,звичайний твел UO₂,6,pivnichno_zakhidna,tvz_z_12_tveh,-7.729276728776114,-1.9124999999999999,9037,32780.7082439684,1060.9383079290756,0.0001692660521567702,5.484520362816269e-06,0.0043502768343157755,5.61899102204887e-05,0.0002901031552526741,7.684950510755273e-06,0.9277541919112392,0.030031997972197494
195,-5,1,-17.320911949125794,18.52569952931275,звичайний твел UO₂,6,pivnichno_zakhidna,tvz_z_12_tveh,-5.520911949125795,-1.9124999999999999,9042,32238.76824331849,1000.1100945340463,0.00016644210477777667,5.170072565555206e-06,0.00462344365314568,6.365950894176141e-05,0.0002912245838488206,8.473407063867104e-06,0.9124162954989539,0.0283105909984749
196,-3,0,-15.112547169475478,18.52569952931275,звичайний твел UO₂,6,pivnichno_zakhidna,tvz_z_12_tveh,-3.312547169475477,-1.9124999999999999,9047,34273.00695454724,1026.83202353785,0.00017695531160327757,5.309627259720059e-06,0.00481886147866926,6.363460620929333e-05,0.0003155348105093912,8.912423602551264e-06,0.9699889836069922,0.029067438934284043
197,-1,-1,-12.90418238982516,18.52569952931275,звичайний твел UO₂,6,pivnichno_zakhidna,tvz_z_12_tveh,-1.104182389825159,-1.9124999999999999,9052,35595.33279781861,847.2473176756704,0.00018378151306707883,4.381147652603407e-06,0.00508743374885889,5.267117034368174e-05,0.00032902014053353036,8.101897558580522e-06,1.007413231278435,0.023986769543728623
198,1,-2,-10.695817610174842,18.52569952931275,звичайний твел UO₂,6,pivnichno_zakhidna,tvz_z_12_tveh,1.104182389825159,-1.9124999999999999,9057,38163.83866943253,1134.956201403832,0.00019706483118248866,5.868351224184957e-06,0.005242773805320921,5.7886046381095146e-05,0.00035798324065238526,9.581854558554132e-06,1.080106660340539,0.032128307826637705
199,3,-3,-8.487452830524523,18.52569952931275,звичайний твел UO₂,6,pivnichno_zakhidna,tvz_z_12_tveh,3.312547169475477,-1.9124999999999999,9062,34290.2215375809,914.43914332995,0.00017702560119345703,4.728992418288183e-06,0.0052091058222106966,5.623729999145847e-05,0.00031158894753062055,7.442196245418121e-06,0.9704761878935079,0.025887284094932152
200,5,-4,-6.279088050874206,18.52569952931275,твег UO₂-Gd₂O₃,6,pivnichno_zakhidna,tvz_z_12_tveh,5.520911949125795,-1.9124999999999999,9067,13324.50251995943,281.15184421424556,6.8650539832158e-05,1.4523031086483505e-06,0.00486803622260019,5.8288826182372815e-05,0.0008796063042452554,2.878725081982217e-05,0.37710787015404995,0.00796053995597485
201,7,-5,-4.070723271223887,18.52569952931275,звичайний твел UO₂,6,pivnichno_zakhidna,tvz_z_12_tveh,7.729276728776114,-1.9124999999999999,9072,36670.43324635691,1139.918694090185,0.00018931639142575916,5.892603898713691e-06,0.0054453571050597305,6.293503701383202e-05,0.00034082118876411707,8.536123873575411e-06,1.0378405466504443,0.03226819311840965
202,9,-6,-1.8623584915735698,18.52569952931275,звичайний твел UO₂,6,pivnichno_zakhidna,tvz_z_12_tveh,9.937641508426431,-1.9124999999999999,9077,38863.9091924253,1217.1989065174787,0.00020065946514814757,6.293799280696755e-06,0.005572845610888616,6.162402365984961e-05,0.00034994379955137977,1.0423547899065524e-05,1.0999199406853752,0.03445569720831888
203,-10,3,-22.84182389825159,17.88819952931275,звичайний твел UO₂,6,pivnichno_zakhidna,tvz_z_12_tveh,-11.04182389825159,-2.55,9082,46575.46998729887,1339.0708667931528,0.00024060558781304663,6.923044880920324e-06,0.004011431720368849,4.605423369011884e-05,0.00037107466144969373,1.0022658471091737e-05,1.3181712609550869,0.03790695466112995
204,-8,2,-20.633459118601273,17.88819952931275,звичайний твел UO₂,6,pivnichno_zakhidna,tvz_z_12_tveh,-8.833459118601272,-2.55,9087,32668.78638952827,1005.7179705494035,0.00016868988689419388,5.1994797955783545e-06,0.004251636390564869,5.164926783382375e-05,0.00029504587417725485,8.800987128331653e-06,0.9245865980676127,0.028469423344803693
205,-6,1,-18.425094338950956,17.88819952931275,звичайний твел UO₂,6,pivnichno_zakhidna,tvz_z_12_tveh,-6.625094338950954,-2.55,9092,31908.196833855865,1105.9680924117813,0.00016474089382984458,5.7176138534685255e-06,0.0044998451972367605,6.511299002858072e-05,0.0002903465136898944,9.351763621648998e-06,0.9030605180528889,0.03130592275588799
206,-4,0,-16.21672955930064,17.88819952931275,звичайний твел UO₂,6,pivnichno_zakhidna,tvz_z_12_tveh,-4.416729559300636,-2.55,9097,31826.598589508,848.7842132272513,0.00016431494614565467,4.387226008984176e-06,0.00471419326599834,5.4540595368168424e-05,0.0002893777269369095,7.763799450182567e-06,0.9007511380150046,0.024028627392431223
207,-2,-1,-14.008364779650318,17.88819952931275,звичайний твел UO₂,6,pivnichno_zakhidna,tvz_z_12_tveh,-2.208364779650318,-2.55,9102,35234.36799759458,1011.1908761890234,0.00018191758984008717,5.227425004882379e-06,0.005047204816948348,5.545077880038221e-05,0.00032651673658230974,8.842999418784057e-06,0.9971972651056519,0.02862522038424073
208,0,-2,-11.8,17.88819952931275,звичайний твел UO₂,6,pivnichno_zakhidna,tvz_z_12_tveh,0.0,-2.55,9107,36113.440242445016,997.2356375397783,0.00018646178212475484,5.155447457384868e-06,0.00512541641726589,5.806831900583893e-05,0.00033587356037848156,9.19735310702199e-06,1.0220766226254174,0.02823069604340826
210,4,-4,-7.383270440699365,17.88819952931275,звичайний твел UO₂,6,pivnichno_zakhidna,tvz_z_12_tveh,4.416729559300636,-2.55,9115,35215.096424978416,992.5308382140133,0.00018180302180032792,5.134190464447681e-06,0.005373257908688959,5.67484419828855e-05,0.0003405032882127041,9.771456680859863e-06,0.9966518442396259,0.028097224888474576
211,6,-5,-5.1749056610490465,17.88819952931275,звичайний твел UO₂,6,pivnichno_zakhidna,tvz_z_12_tveh,6.625094338950954,-2.55,9120,36126.54642993855,955.9107809193201,0.00018650611802625592,4.942192154593821e-06,0.005550538140241732,6.411593957275893e-05,0.00034384671598648096,8.366003941648371e-06,1.0224475517797422,0.027061438906946664
212,8,-6,-2.9665408813987284,17.88819952931275,звичайний твел UO₂,6,pivnichno_zakhidna,tvz_z_12_tveh,8.833459118601272,-2.55,9125,36442.95225310808,1096.230275446008,0.00018814280574964423,5.669228544354004e-06,0.005521609687188692,5.906649647818554e-05,0.0003373761920970143,9.751523339724272e-06,1.0314024171415872,0.031031903479532615
213,10,-7,-0.7581761017484112,17.88819952931275,звичайний твел UO₂,6,pivnichno_zakhidna,tvz_z_12_tveh,11.04182389825159,-2.55,9130,39712.08837077527,1033.5740862187804,0.00020504853224307957,5.342661027028443e-06,0.005478312665463617,5.795541525985376e-05,0.0003557824595514843,7.563837197681063e-06,1.1239249677381633,0.02926032396235827
214,-9,2,-21.73764150842643,17.25069952931275,звичайний твел UO₂,6,pivnichno_zakhidna,tvz_z_12_tveh,-9.937641508426431,-3.1875,9135,36262.27767301962,1001.8212349573338,0.00018727537147112124,5.180061752985634e-06,0.004054492797160442,4.950790851926148e-05,0.0003084400918600529,7.858425158719816e-06,1.0262889950092353,0.028360502734084806
215,-7,1,-19.529276728776114,17.25069952931275,звичайний твел UO₂,6,pivnichno_zakhidna,tvz_z_12_tveh,-7.729276728776114,-3.1875,9140,31735.12654545042,894.5059447024655,0.00016385159462535385,4.623075773453718e-06,0.004396673044298578,6.31480036381708e-05,0.0002877138368807812,8.251354226998397e-06,0.8981623113281155,0.025322270045804757
216,-5,0,-17.320911949125794,17.25069952931275,звичайний твел UO₂,6,pivnichno_zakhidna,tvz_z_12_tveh,-5.520911949125795,-3.1875,9145,28714.12383322899,796.236448201499,0.0001482229956574063,4.116405923498693e-06,0.004577378110564654,5.4268103984878464e-05,0.0002662351531740323,7.020829243814605e-06,0.8126623914002307,0.02254057235973504
217,-3,-1,-15.112547169475478,17.25069952931275,звичайний твел UO₂,6,pivnichno_zakhidna,tvz_z_12_tveh,-3.312547169475477,-3.1875,9150,32452.599491532073,925.8266580145131,0.00016753279516786785,4.785975372827485e-06,0.00493004338905827,6.542780891270037e-05,0.00030585889618122114,8.948453060734494e-06,0.9184681121776941,0.026208766966724348
219,1,-3,-10.695817610174842,17.25069952931275,звичайний твел UO₂,6,pivnichno_zakhidna,tvz_z_12_tveh,1.104182389825159,-3.1875,9158,39582.259330862944,1299.817505829104,0.00020437597822872924,6.719718807943302e-06,0.00533599370527473,6.657134720795749e-05,0.00035483450515959205,1.0165459673902961e-05,1.1202505676881696,0.03679376244637751
220,3,-4,-8.487452830524523,17.25069952931275,звичайний твел UO₂,6,pivnichno_zakhidna,tvz_z_12_tveh,3.312547169475477,-3.1875,9163,35556.906644569666,1014.7186822450257,0.0001835691865111229,5.246187463292814e-06,0.0053832383467460505,6.207099742539703e-05,0.0003248526491338678,8.5643797784612e-06,1.0063257006341788,0.02872516271733161
221,5,-5,-6.279088050874206,17.25069952931275,звичайний твел UO₂,6,pivnichno_zakhidna,tvz_z_12_tveh,5.520911949125795,-3.1875,9168,35295.074701144775,835.5471146141653,0.00018220557930074435,4.319543594389996e-06,0.005576283149787487,6.378183407448377e-05,0.0003338627185387918,8.632139577902885e-06,0.9989153762055294,0.023655607708920244
222,7,-6,-4.070723271223887,17.25069952931275,звичайний твел UO₂,6,pivnichno_zakhidna,tvz_z_12_tveh,7.729276728776114,-3.1875,9173,38086.80938827986,988.12508998589,0.00019664406487766557,5.108239113418437e-06,0.005612681766325762,6.636063038075613e-05,0.0003624353436080347,8.905920379271347e-06,1.0779265903445694,0.027973720366779923
223,9,-7,-1.8623584915735698,17.25069952931275,звичайний твел UO₂,6,pivnichno_zakhidna,tvz_z_12_tveh,9.937641508426431,-3.1875,9178,36895.949487911894,967.829759438234,0.00019049229219866745,5.003787802403188e-06,0.005550079624104785,5.62236856396113e-05,0.0003400369136000435,7.822923304750944e-06,1.0442230700812858,0.027398991650776486
224,-10,2,-22.84182389825159,16.61319952931275,звичайний твел UO₂,6,pivnichno_zakhidna,tvz_z_12_tveh,-11.04182389825159,-3.8249999999999997,9183,45266.227561182524,1165.527064339851,0.000233832656140682,6.026526004054505e-06,0.004026790029580295,5.587151080294987e-05,0.00037120015119543,9.146947021700709e-06,1.2811172979956083,0.03299609555513973
225,-8,1,-20.633459118601273,16.61319952931275,звичайний твел UO₂,6,pivnichno_zakhidna,tvz_z_12_tveh,-8.833459118601272,-3.8249999999999997,9188,32907.87126962743,972.592782620935,0.0001699260793545406,5.028328078811589e-06,0.0042513462371235955,5.048424355471521e-05,0.0002881495944207104,8.327909195326607e-06,0.9313531388660533,0.027532203341412393
227,-4,-1,-16.21672955930064,16.61319952931275,твег UO₂-Gd₂O₃,6,pivnichno_zakhidna,tvz_z_12_tveh,-4.416729559300636,-3.8249999999999997,9196,11389.983987524458,237.48564823913128,5.8662725229749344e-05,1.2273629211453025e-06,0.0043071135487473145,5.191380568681609e-05,0.0007855416089134437,2.3064952724103593e-05,0.32235744608025785,0.006724244059058
228,-2,-2,-14.008364779650318,16.61319952931275,звичайний твел UO₂,6,pivnichno_zakhidna,tvz_z_12_tveh,-2.208364779650318,-3.8249999999999997,9201,34373.758179831726,958.8291640349381,0.0001774656167905079,4.956526274412442e-06,0.005151984679098345,6.580837575735044e-05,0.0003270890744182526,9.07291447283329e-06,0.9728404281487699,0.02714331260040817
229,0,-3,-11.8,16.61319952931275,звичайний твел UO₂,6,pivnichno_zakhidna,tvz_z_12_tveh,0.0,-3.8249999999999997,9206,36366.642761798066,946.7021144854453,0.0001877703370028419,4.893797573997444e-06,0.005358786684966843,6.501887210240075e-05,0.0003241189348301273,7.4707034371386025e-06,1.0292427185188917,0.026800988571451387
230,2,-4,-9.591635220349684,16.61319952931275,звичайний твел UO₂,6,pivnichno_zakhidna,tvz_z_12_tveh,2.208364779650318,-3.8249999999999997,9211,37878.62423114909,1125.9768018542734,0.00019557707200650195,5.820545498474101e-06,0.005416041073970185,5.5354222554751984e-05,0.00034679163933465243,8.864374875201519e-06,1.0720345684033625,0.03187412534525835
231,4,-5,-7.383270440699365,16.61319952931275,звичайний твел UO₂,6,pivnichno_zakhidna,tvz_z_12_tveh,4.416729559300636,-3.8249999999999997,9216,36965.87145626453,908.9927948035742,0.00019084168284686136,4.70059659879155e-06,0.00561891649975711,6.527223337844237e-05,0.00035208565852540047,8.552681578257228e-06,1.046201990083961,0.025734322376777627
233,8,-7,-2.9665408813987284,16.61319952931275,звичайний твел UO₂,6,pivnichno_zakhidna,tvz_z_12_tveh,8.833459118601272,-3.8249999999999997,9224,33790.53316430883,987.3696206994101,0.00017442754361648183,5.1045389980711815e-06,0.0054898549125706395,7.182881107844452e-05,0.00031920666325781227,8.899485778918628e-06,0.9563340900626053,0.027950648122483292
234,10,-8,-0.7581761017484112,16.61319952931275,звичайний твел UO₂,6,pivnichno_zakhidna,tvz_z_12_tveh,11.04182389825159,-3.8249999999999997,9229,40719.55591383569,1238.103399434235,0.00021024992697058097,6.400753293727393e-06,0.005709166328104609,6.278462666691737e-05,0.0003759355362065104,1.2671171899765577e-05,1.1524381477870052,0.035047866327743774
235,-9,1,-21.73764150842643,15.975699529312752,звичайний твел UO₂,6,pivnichno_zakhidna,tvz_z_12_tveh,-9.937641508426431,-4.4624999999999995,9234,33372.96753988455,1009.3293758714417,0.00017232474219001288,5.217330516016274e-06,0.004123645470653859,5.6575368827094327e-05,0.0002855835104238084,8.34379866027456e-06,0.9445162167093369,0.028571862180740815
236,-7,0,-19.529276728776114,15.975699529312752,звичайний твел UO₂,6,pivnichno_zakhidna,tvz_z_12_tveh,-7.729276728776114,-4.4624999999999995,9239,31037.446588410174,1049.9334267111226,0.00016024656110904983,5.428652028768947e-06,0.0044028407616003165,5.838830169850443e-05,0.0002813616092742306,9.190364600217825e-06,0.8784166883861328,0.02972002220626063
237,-5,-1,-17.320911949125794,15.975699529312752,звичайний твел UO₂,6,pivnichno_zakhidna,tvz_z_12_tveh,-5.520911949125795,-4.4624999999999995,9244,31780.013067712207,1002.5852837426071,0.00016407239046760456,5.183748515582004e-06,0.004714599885491248,5.826665142836273e-05,0.0002930062605277046,8.67286326636254e-06,0.8994326822694253,0.02838047050320838
238,-3,-2,-15.112547169475478,15.975699529312752,звичайний твел UO₂,6,pivnichno_zakhidna,tvz_z_12_tveh,-3.312547169475477,-4.4624999999999995,9249,33145.44695025367,1069.4121786401831,0.00017111941868125632,5.527932064169773e-06,0.005078778238317831,6.523530011839899e-05,0.0003088092551044744,9.793283510663003e-06,0.938076966550213,0.03027190253555383
239,-1,-3,-12.90418238982516,15.975699529312752,звичайний твел UO₂,6,pivnichno_zakhidna,tvz_z_12_tveh,-1.104182389825159,-4.4624999999999995,9254,34752.940231850094,1012.0055051598695,0.00017941764667812044,5.231893352567545e-06,0.005286018039588691,6.170875831704556e-05,0.00033266866277301864,9.49907137773095e-06,0.9835719759737708,0.02864808984068378
240,1,-4,-10.695817610174842,15.975699529312752,звичайний твел UO₂,6,pivnichno_zakhidna,tvz_z_12_tveh,1.104182389825159,-4.4624999999999995,9259,35410.71528187521,989.3750522461695,0.00018281397498596044,5.114996606440541e-06,0.005377003820217991,5.824500106480431e-05,0.00033362018606404646,9.746836061585116e-06,1.0021882168265812,0.02800800775633322
241,3,-5,-8.487452830524523,15.975699529312752,звичайний твел UO₂,6,pivnichno_zakhidna,tvz_z_12_tveh,3.312547169475477,-4.4624999999999995,9264,37985.43575686382,1042.2411770066835,0.0001961125654509571,5.387884033109538e-06,0.005604872989700741,6.80828281001941e-05,0.0003479137957451068,9.531009463864516e-06,1.0750575305672294,0.029504851201993112
242,5,-6,-6.279088050874206,15.975699529312752,звичайний твел UO₂,6,pivnichno_zakhidna,tvz_z_12_tveh,5.520911949125795,-4.4624999999999995,9269,37352.49086770616,1085.0597748465077,0.00019283616971788387,5.610072903404838e-06,0.0056652706749072326,6.315199323825115e-05,0.0003509528524247732,9.492005728831096e-06,1.0571440288272886,0.030716161178002153
243,7,-7,-4.070723271223887,15.975699529312752,звичайний твел UO₂,6,pivnichno_zakhidna,tvz_z_12_tveh,7.729276728776114,-4.4624999999999995,9274,37290.11033684008,1026.0238542542882,0.00019251625850530963,5.305306475998049e-06,0.005644297172785783,6.637031256314403e-05,0.0003467634861102038,8.881462273918736e-06,1.0553785453431024,0.029045713114251453
244,9,-8,-1.8623584915735698,15.975699529312752,звичайний твел UO₂,6,pivnichno_zakhidna,tvz_z_12_tveh,9.937641508426431,-4.4624999999999995,9279,35997.0916867733,1026.4618207549615,0.00018582472330130106,5.306639658555614e-06,0.005695056861204365,6.117583111334328e-05,0.0003323226309815822,8.877617551302206e-06,1.0187837450144797,0.029057604257333683
245,-10,1,-22.84182389825159,15.338199529312751,звичайний твел UO₂,6,pivnichno_zakhidna,tvz_z_12_tveh,-11.04182389825159,-5.1,9284,44579.49872001691,1151.1650675037183,0.0002302829465402225,5.9521226846912634e-06,0.004099614068348149,4.545318922796614e-05,0.00036293282352691555,8.366313773626828e-06,1.2616816117268415,0.03258945285411153
246,-8,0,-20.633459118601273,15.338199529312751,твег UO₂-Gd₂O₃,6,pivnichno_zakhidna,tvz_z_12_tveh,-8.833459118601272,-5.1,9289,11061.548743437024,241.25974302320793,5.698553760371158e-05,1.245983645898329e-06,0.0038525777111048337,4.741346186849209e-05,0.0008407123111922415,2.6362735622413755e-05,0.31306212603391403,0.006830845682769114
247,-6,-1,-18.425094338950956,15.338199529312751,звичайний твел UO₂,6,pivnichno_zakhidna,tvz_z_12_tveh,-6.625094338950954,-5.1,9294,32053.33073935839,991.1261127416489,0.0001654990838498949,5.125192215642114e-06,0.004556669145060503,4.852636103038413e-05,0.00029690782703320696,8.21351094583379e-06,0.9071680738816496,0.028056313665860116
248,-4,-2,-16.21672955930064,15.338199529312751,звичайний твел UO₂,6,pivnichno_zakhidna,tvz_z_12_tveh,-4.416729559300636,-5.1,9299,32198.637437607595,847.9702702549461,0.00016623781562727266,4.3846416418037615e-06,0.004870471477566247,5.1848544305195915e-05,0.0002997241641276074,8.010694266782578e-06,0.911280520062195,0.02400574995860303
249,-2,-3,-14.008364779650318,15.338199529312751,звичайний твел UO₂,6,pivnichno_zakhidna,tvz_z_12_tveh,-2.208364779650318,-5.1,9304,34548.12816472923,1022.7840418730351,0.00017835019954974944,5.287752993486371e-06,0.005282804135972386,6.041810743953021e-05,0.00032461961000083733,9.425257990068088e-06,0.9777754186690532,0.028952998654116154
250,0,-4,-11.8,15.338199529312751,звичайний твел UO₂,6,pivnichno_zakhidna,tvz_z_12_tveh,0.0,-5.1,9309,35412.9067486388,1158.9312434479957,0.00018282261324001283,5.9907654852283105e-06,0.005411950115493547,6.17009616161707e-05,0.0003253710468738904,9.831753905794734e-06,1.0022502393570656,0.03280575366845627
251,2,-5,-9.591635220349684,15.338199529312751,звичайний твел UO₂,6,pivnichno_zakhidna,tvz_z_12_tveh,2.208364779650318,-5.1,9314,34933.60428112981,923.6296924341851,0.00018034404336624121,4.776165483639637e-06,0.00543995627391749,5.926032362162957e-05,0.0003297757656188882,8.84778800618568e-06,0.9886851000649123,0.026147585740585913
252,4,-6,-7.383270440699365,15.338199529312751,звичайний твел UO₂,6,pivnichno_zakhidna,tvz_z_12_tveh,4.416729559300636,-5.1,9319,40771.90296599846,1000.7892182342878,0.0002105091873500095,5.17502425546076e-06,0.005799276010506563,5.583638048929754e-05,0.00037251008662351484,9.385988646005547e-06,1.1539196654136763,0.028333185714982105
253,6,-7,-5.1749056610490465,15.338199529312751,звичайний твел UO₂,6,pivnichno_zakhidna,tvz_z_12_tveh,6.625094338950954,-5.1,9324,39765.63717490409,1031.5944819247818,0.00020531635671697593,5.333680616491795e-06,0.005780003527257776,5.149127584683166e-05,0.0003627882179390137,8.937409879537775e-06,1.1254404971505423,0.029204335801657207
254,8,-8,-2.9665408813987284,15.338199529312751,твег UO₂-Gd₂O₃,6,pivnichno_zakhidna,tvz_z_12_tveh,8.833459118601272,-5.1,9329,14475.37307808142,308.38872913603626,7.45836597224757e-05,1.5946160986636049e-06,0.005244011469160828,5.708322595621673e-05,0.0009480410575555456,2.580397215565556e-05,0.4096796186562003,0.008731654129548988
255,10,-9,-0.7581761017484112,15.338199529312751,звичайний твел UO₂,6,pivnichno_zakhidna,tvz_z_12_tveh,11.04182389825159,-5.1,9334,40561.4188792591,1120.2949526704729,0.00020942755563733067,5.7917980416242296e-06,0.005822559767802224,6.614378737381313e-05,0.00037644685810079903,1.0619084527535395e-05,1.1479625795462902,0.03171437300401367
256,-9,0,-21.73764150842643,14.70069952931275,звичайний твел UO₂,6,pivnichno_zakhidna,tvz_z_12_tveh,-9.937641508426431,-5.7375,9339,31779.02727726781,1022.7889472424786,0.00016408978860308002,5.28853093602076e-06,0.004127568690737592,4.8280825303206884e-05,0.0002784765355223845,8.162345488358556e-06,0.8994047825910435,0.02895216293992184
257,-7,-1,-19.529276728776114,14.70069952931275,звичайний твел UO₂,6,pivnichno_zakhidna,tvz_z_12_tveh,-7.729276728776114,-5.7375,9344,29244.033294418947,900.4748863500043,0.00015097637958004436,4.654953911980505e-06,0.004422543128925736,5.3378454789042115e-05,0.0002711690083474035,8.352792084441804e-06,0.8276598014712246,0.02549024609864831
258,-5,-2,-17.320911949125794,14.70069952931275,звичайний твел UO₂,6,pivnichno_zakhidna,tvz_z_12_tveh,-5.520911949125795,-5.7375,9349,33013.74507367522,1033.9297986496454,0.0001704557209904229,5.345614698394362e-06,0.004826921502620226,5.163014111832349e-05,0.00031357448557737497,9.192683864653563e-06,0.9343495617861408,0.029267831649691465
259,-3,-3,-15.112547169475478,14.70069952931275,звичайний твел UO₂,6,pivnichno_zakhidna,tvz_z_12_tveh,-3.312547169475477,-5.7375,9354,34906.21520021239,906.3056420943292,0.00018022928716925258,4.6861302125521586e-06,0.005060045006117627,5.759456478311196e-05,0.000316375918159039,8.506382633518384e-06,0.9879099388193218,0.0256574089049134
260,-1,-4,-12.90418238982516,14.70069952931275,звичайний твел UO₂,6,pivnichno_zakhidna,tvz_z_12_tveh,-1.104182389825159,-5.7375,9359,34277.121776166576,989.010544786013,0.00017696393707786266,5.112513898809354e-06,0.005395419913431332,6.119054309885413e-05,0.00032299271206567864,8.397157162309372e-06,0.9701054406090158,0.02799726060782422
261,1,-5,-10.695817610174842,14.70069952931275,твег UO₂-Gd₂O₃,6,pivnichno_zakhidna,tvz_z_12_tveh,1.104182389825159,-5.7375,9364,13609.786203566511,268.932929913087,7.012346370982982e-05,1.3901186045722444e-06,0.004906974961381692,5.5507712040795475e-05,0.000902598048787927,2.5716187003745635e-05,0.3851819218609422,0.00761503289992878
262,3,-6,-8.487452830524523,14.70069952931275,звичайний твел UO₂,6,pivnichno_zakhidna,tvz_z_12_tveh,3.312547169475477,-5.7375,9369,38622.09700985211,1013.8179568718003,0.00019939993160565938,5.241809534776666e-06,0.0057145493578604845,6.773696913642827e-05,0.0003599135562855658,8.039483804660119e-06,1.0930762122226516,0.02870089356608548
263,5,-7,-6.279088050874206,14.70069952931275,звичайний твел UO₂,6,pivnichno_zakhidna,tvz_z_12_tveh,5.520911949125795,-5.7375,9374,42092.744030883,1099.340202893805,0.00021734207410074367,5.683320658595363e-06,0.005993705964066495,6.634475765690416e-05,0.0003908327280250159,1.024396387159443e-05,1.1913018911323843,0.03112209178060369
264,7,-8,-4.070723271223887,14.70069952931275,звичайний твел UO₂,6,pivnichno_zakhidna,tvz_z_12_tveh,7.729276728776114,-5.7375,9379,37942.255402594776,1082.1242957852212,0.0001958779363686773,5.595007232151153e-06,0.005842903629880561,5.5578323436781754e-05,0.0003520904357448564,8.561322157201135e-06,1.0738354473107246,0.030633323349143395
265,9,-9,-1.8623584915735698,14.70069952931275,звичайний твел UO₂,6,pivnichno_zakhidna,tvz_z_12_tveh,9.937641508426431,-5.7375,9384,38398.960375545015,1181.368644031518,0.00019824680280336105,6.1073525128601e-06,0.005822721609304252,6.115643148871457e-05,0.00035686811957182037,9.769758787639396e-06,1.086761036043215,0.03344167423624279
266,-10,0,-22.84182389825159,14.063199529312751,звичайний твел UO₂,6,pivnichno_zakhidna,tvz_z_12_tveh,-11.04182389825159,-6.375,9389,43095.13939048608,1108.570626926954,0.00022261454869696449,5.731882252757229e-06,0.00414103397721215,4.407340199821475e-05,0.0003576104963045745,8.920459342342392e-06,1.2196715190825445,0.03138367489424698
267,-8,-1,-20.633459118601273,14.063199529312751,звичайний твел UO₂,6,pivnichno_zakhidna,tvz_z_12_tveh,-8.833459118601272,-6.375,9394,32383.21497703339,945.6251791444714,0.00016720480780733947,4.888880025813104e-06,0.004497943485652481,6.005477857391742e-05,0.0002956891541313513,9.30221511477653e-06,0.9165044031052483,0.026768946395940393
268,-6,-2,-18.425094338950956,14.063199529312751,звичайний твел UO₂,6,pivnichno_zakhidna,tvz_z_12_tveh,-6.625094338950954,-6.375,9399,32591.982356786473,937.480208091384,0.0001682671838825206,4.847077210942078e-06,0.004827541468162167,6.090219469462944e-05,0.00030513936646348603,8.681630013584598e-06,0.9224129030149745,0.026538559569720996
269,-4,-3,-16.21672955930064,14.063199529312751,звичайний твел UO₂,6,pivnichno_zakhidna,tvz_z_12_tveh,-4.416729559300636,-6.375,9404,35310.7070919527,1019.0941551034806,0.00018231355426644535,5.268394269379536e-06,0.005155028184191547,5.5197355429066164e-05,0.00032767569575840015,8.764413988281994e-06,0.9993578015489268,0.02884887469356414
270,-2,-4,-14.008364779650318,14.063199529312751,звичайний твел UO₂,6,pivnichno_zakhidna,tvz_z_12_tveh,-2.208364779650318,-6.375,9409,35862.343724197875,1116.2949894340707,0.00018514960732474072,5.772543301851828e-06,0.0053032503291778185,5.988080039651896e-05,0.00033909417594412636,9.838720112751882e-06,1.014970130427496,0.03159944945145652
271,0,-5,-11.8,14.063199529312751,звичайний твел UO₂,6,pivnichno_zakhidna,tvz_z_12_tveh,0.0,-6.375,9414,35702.21506309095,1018.8335098508841,0.00018432294216298798,5.2675654553388665e-06,0.005458635815830607,5.905150813460704e-05,0.00033207058250158246,8.424332598612764e-06,1.0104381955015806,0.028841647736162494
272,2,-6,-9.591635220349684,14.063199529312751,звичайний твел UO₂,6,pivnichno_zakhidna,tvz_z_12_tveh,2.208364779650318,-6.375,9419,36261.18675012539,944.4657034010254,0.00018719460597259346,4.8824428618108235e-06,0.005626568795173309,6.417749012496952e-05,0.00033910496670927417,8.049195422404394e-06,1.026258119889618,0.026737667977291633
274,6,-8,-5.1749056610490465,14.063199529312751,звичайний твел UO₂,6,pivnichno_zakhidna,tvz_z_12_tveh,6.625094338950954,-6.375,9427,40087.40816526983,1106.8010729774421,0.00020696548045165037,5.722023378566962e-06,0.00598059768390718,6.504819353924842e-05,0.0003741181798873359,1.0357567517977725e-05,1.1345472065884683,0.031332381166062045
275,8,-9,-2.9665408813987284,14.063199529312751,звичайний твел UO₂,6,pivnichno_zakhidna,tvz_z_12_tveh,8.833459118601272,-6.375,9432,38681.34405019793,1024.5190151433799,0.0001996960074908432,5.296603384319091e-06,0.00593667968048852,6.394726221579864e-05,0.0003583984982566999,9.155752052170607e-06,1.094753012175541,0.029003694026772654
276,10,-10,-0.7581761017484112,14.063199529312751,звичайний твел UO₂,6,pivnichno_zakhidna,tvz_z_12_tveh,11.04182389825159,-6.375,9437,44868.802129296055,1182.7257408071532,0.0002316932483951089,6.1147303228732145e-06,0.005965015138746388,6.615676843134264e-05,0.00040755849981166203,1.1220686108035897e-05,1.26986942904596,0.03348254660187469
277,-9,-1,-21.73764150842643,13.425699529312752,звичайний твел UO₂,6,pivnichno_zakhidna,tvz_z_12_tveh,-9.937641508426431,-7.012499999999999,9442,37656.21613114846,1216.8839827487625,0.00019446382198506852,6.291015981583544e-06,0.004446974568022926,5.325553178389516e-05,0.0003272619162133421,9.619191959260703e-06,1.0657400110815705,0.0344463739018116
278,-7,-2,-19.529276728776114,13.425699529312752,звичайний твел UO₂,6,pivnichno_zakhidna,tvz_z_12_tveh,-7.729276728776114,-7.012499999999999,9447,32663.598263122567,816.4531897466244,0.000168640388661272,4.221471706796077e-06,0.004650628165079999,5.3478765285893845e-05,0.00028574899298470374,6.531789717752522e-06,0.9244397645707513,0.02311421525426926
279,-5,-3,-17.320911949125794,13.425699529312752,звичайний твел UO₂,6,pivnichno_zakhidna,tvz_z_12_tveh,-5.520911949125795,-7.012499999999999,9452,33448.561635536564,918.1790826852242,0.00017268534063407694,4.7473683795700365e-06,0.005030766906539847,5.273177255021731e-05,0.00031318780830253513,9.223980601894879e-06,0.9466556683222471,0.02599276587401027
281,-1,-5,-12.90418238982516,13.425699529312752,звичайний твел UO₂,6,pivnichno_zakhidna,tvz_z_12_tveh,-1.104182389825159,-7.012499999999999,9460,36603.783741319814,1069.6115856552512,0.00018897785693234366,5.529431365188706e-06,0.0054150160027219545,6.066499459184309e-05,0.000340839341838828,9.065904680803013e-06,1.0359542433641709,0.030278768918524785
282,1,-6,-10.695817610174842,13.425699529312752,звичайний твел UO₂,6,pivnichno_zakhidna,tvz_z_12_tveh,1.104182389825159,-7.012499999999999,9465,36856.67268336796,1120.1806207563202,0.00019027968606378143,5.791896978341602e-06,0.005601660788810189,5.9076458112264345e-05,0.0003445670951373442,9.888042644385054e-06,1.04311146444454,0.0317097485570188
283,3,-7,-8.487452830524523,13.425699529312752,звичайний твел UO₂,6,pivnichno_zakhidna,tvz_z_12_tveh,3.312547169475477,-7.012499999999999,9470,40921.92302697715,1123.7261166678838,0.00021128423465537928,5.8106273610455e-06,0.0058773946370542,6.459689817975044e-05,0.00038273076318828353,1.043097413889824e-05,1.1581655084079128,0.03181159876468605
284,5,-8,-6.279088050874206,13.425699529312752,звичайний твел UO₂,6,pivnichno_zakhidna,tvz_z_12_tveh,5.520911949125795,-7.012499999999999,9475,42957.567241216035,1146.2872114320521,0.00022180386815108205,5.925702493404235e-06,0.006060673171696025,5.91322052335465e-05,0.0003848995351179411,9.397113985192822e-06,1.2157779748300646,0.032450768322768296
285,7,-9,-4.070723271223887,13.425699529312752,звичайний твел UO₂,6,pivnichno_zakhidna,tvz_z_12_tveh,7.729276728776114,-7.012499999999999,9480,41003.50435739059,1139.2700814121993,0.00021170454718542073,5.8898456906742216e-06,0.006096221173862878,5.612378843707168e-05,0.0003759197929165902,8.981212922060824e-06,1.1604744097504178,0.032251443003131555
286,9,-10,-1.8623584915735698,13.425699529312752,звичайний твел UO₂,6,pivnichno_zakhidna,tvz_z_12_tveh,9.937641508426431,-7.012499999999999,9485,42903.09431772765,1063.1342664228207,0.0002215396589316045,5.496420828969525e-06,0.0060448554311741,6.191885990002376e-05,0.0003951118941607181,1.0317457683076369e-05,1.2142362911441633,0.03009804668474315
287,-8,-2,-20.633459118601273,12.788199529312752,звичайний твел UO₂,6,pivnichno_zakhidna,tvz_z_12_tveh,-8.833459118601272,-7.6499999999999995,9490,35669.43006798542,921.7328461015613,0.00018418557413517716,4.765234700261331e-06,0.004670573344887936,6.581760163937574e-05,0.00031387916756495186,7.5075118982953785e-06,1.0095103199836213,0.026094222107756106
288,-6,-3,-18.425094338950956,12.788199529312752,звичайний твел UO₂,6,pivnichno_zakhidna,tvz_z_12_tveh,-6.625094338950954,-7.6499999999999995,9495,32194.738343740555,950.0489005362872,0.0001662121430556494,4.911520834624006e-06,0.004823870953834242,4.706895152698837e-05,0.00029395944238607287,7.567591038448156e-06,0.9111701685513954,0.026894048286054833
289,-4,-4,-16.21672955930064,12.788199529312752,звичайний твел UO₂,6,pivnichno_zakhidna,tvz_z_12_tveh,-4.416729559300636,-7.6499999999999995,9500,36756.75955934571,988.4628920905706,0.00018977290513746037,5.110773933057708e-06,0.005209647350050596,6.0538017481518886e-05,0.0003350742198525318,7.931064684440827e-06,1.0402837397062972,0.02798273158370028
290,-2,-5,-14.008364779650318,12.788199529312752,звичайний твел UO₂,6,pivnichno_zakhidna,tvz_z_12_tveh,-2.208364779650318,-7.6499999999999995,9505,38178.394992255526,1019.4031615961669,0.0001971251533738566,5.269919853454945e-06,0.005475450289324211,5.53171859240826e-05,0.0003656342250723021,1.0004277603919621e-05,1.080518630985509,0.02885873997604145
292,2,-7,-9.591635220349684,12.788199529312752,звичайний твел UO₂,6,pivnichno_zakhidna,tvz_z_12_tveh,2.208364779650318,-7.6499999999999995,9513,38194.46778311551,1128.6821795079586,0.00019718442298266434,5.835843516697671e-06,0.005816186289949647,6.390850517322011e-05,0.0003597872649564219,1.0616830601151695e-05,1.0809735204584603,0.031950791446808395
293,4,-8,-7.383270440699365,12.788199529312752,звичайний твел UO₂,6,pivnichno_zakhidna,tvz_z_12_tveh,4.416729559300636,-7.6499999999999995,9518,42819.43810944427,1159.2975282872494,0.00022108445726195275,5.993865007259203e-06,0.006048839000976612,6.175229381679677e-05,0.0003885259155855203,9.413871055360285e-06,1.211868666950791,0.03281883067706052
294,6,-9,-5.1749056610490465,12.788199529312752,звичайний твел UO₂,6,pivnichno_zakhidna,tvz_z_12_tveh,6.625094338950954,-7.6499999999999995,9523,42586.29248901082,1065.296247953566,0.0002198807781085998,5.507142153999744e-06,0.006082105690099336,5.581123242534755e-05,0.0003859468704387577,9.511762717025264e-06,1.2052702180987078,0.030159077713844348
295,8,-10,-2.9665408813987284,12.788199529312752,звичайний твел UO₂,6,pivnichno_zakhidna,tvz_z_12_tveh,8.833459118601272,-7.6499999999999995,9528,43997.58739124578,1224.5314222319553,0.00022718325220845106,6.330786961771403e-06,0.006053450420781866,5.5190447924230305e-05,0.000401820584245318,1.0553555092369267e-05,1.245212453386207,0.03466506569555812
296,-7,-3,-19.529276728776114,12.150699529312751,звичайний твел UO₂,6,pivnichno_zakhidna,tvz_z_12_tveh,-7.729276728776114,-8.2875,9533,36520.29897486442,1085.659535950212,0.00018857112397722162,5.6135193172603265e-06,0.004848974054865881,5.700420797749416e-05,0.0003291055095274451,8.932159857118703e-06,1.033591471289105,0.030732824372279265
297,-5,-4,-17.320911949125794,12.150699529312751,звичайний твел UO₂,6,pivnichno_zakhidna,tvz_z_12_tveh,-5.520911949125795,-8.2875,9538,35924.93550863601,1147.2249100512122,0.00018547865399395663,5.930783104940627e-06,0.005073056342278496,5.311090284285085e-05,0.000333596155079556,9.743564505089359e-06,1.0167415927753958,0.032474675660361614
298,-3,-5,-15.112547169475478,12.150699529312751,звичайний твел UO₂,6,pivnichno_zakhidna,tvz_z_12_tveh,-3.312547169475477,-8.2875,9543,39203.01751433198,1098.2822271167463,0.00020240565300652495,5.678949832900505e-06,0.005491125321565575,6.008093738381784e-05,0.00034640920074584106,9.760860524759888e-06,1.1095173284178015,0.031090996825611884
299,-1,-6,-12.90418238982516,12.150699529312751,звичайний твел UO₂,6,pivnichno_zakhidna,tvz_z_12_tveh,-1.104182389825159,-8.2875,9548,37142.03612925265,1157.612301060293,0.00019174829808139894,5.985422986016183e-06,0.005572247312682112,5.6292797518058276e-05,0.0003631152633198302,1.1317262111262767e-05,1.0511877735702426,0.03276902001016816
300,1,-7,-10.695817610174842,12.150699529312751,звичайний твел UO₂,6,pivnichno_zakhidna,tvz_z_12_tveh,1.104182389825159,-8.2875,9553,38940.309573581566,1013.6531981337549,0.00020104208332207818,5.239844294065521e-06,0.005757644039408979,6.609268139862264e-05,0.00035563978124073133,8.898315058602025e-06,1.1020822116574913,0.028696364015345435
301,3,-8,-8.487452830524523,12.150699529312751,звичайний твел UO₂,6,pivnichno_zakhidna,tvz_z_12_tveh,3.312547169475477,-8.2875,9558,40181.41112724796,1122.526507586289,0.00020744772730893352,5.803781279372704e-06,0.0059428447215931525,6.260133641347384e-05,0.0003636899586731095,8.967766569442962e-06,1.137207662896435,0.03177736593376213
302,5,-9,-6.279088050874206,12.150699529312751,звичайний твел UO₂,6,pivnichno_zakhidna,tvz_z_12_tveh,5.520911949125795,-8.2875,9563,41354.42412359664,922.1192936861768,0.00021350702878956376,4.766763074423342e-06,0.006079753833376026,6.615092838764083e-05,0.0003783651321314117,8.881660697453455e-06,1.170406083029078,0.02610773278721166
303,7,-10,-4.070723271223887,12.150699529312751,звичайний твел UO₂,6,pivnichno_zakhidna,tvz_z_12_tveh,7.729276728776114,-8.2875,9568,43658.62126964091,1128.5585368636619,0.00022540566039751199,5.833974589002141e-06,0.00625273547044111,6.717364494863259e-05,0.00040450064972132434,1.0215116311477866e-05,1.2356190901832422,0.031949443482864055
304,-6,-4,-18.425094338950956,11.513199529312752,звичайний твел UO₂,6,pivnichno_zakhidna,tvz_z_12_tveh,-6.625094338950954,-8.924999999999999,9573,36637.63990376023,966.5754115515323,0.0001891814144601546,4.998469186741393e-06,0.004991959578771522,4.783964401280315e-05,0.0003399205684715569,8.999445207220373e-06,1.0369124348831689,0.02736339457199382
305,-4,-5,-16.21672955930064,11.513199529312752,звичайний твел UO₂,6,pivnichno_zakhidna,tvz_z_12_tveh,-4.416729559300636,-8.924999999999999,9578,35791.35431841192,995.6995139984169,0.00018477447585796712,5.147861830241445e-06,0.0053681409814877335,5.93575259238779e-05,0.0003316675667104465,9.428459316720546e-06,1.0129609999868403,0.0281871056568536
306,-2,-6,-14.008364779650318,11.513199529312752,звичайний твел UO₂,6,pivnichno_zakhidna,tvz_z_12_tveh,-2.208364779650318,-8.924999999999999,9583,38504.261466999014,1118.6180003007016,0.00019879389820951163,5.782902839440954e-06,0.005571558405625273,5.575781693488241e-05,0.000353824805143179,9.823252456400212e-06,1.0897412501460404,0.031666135075536866
307,0,-7,-11.8,11.513199529312752,звичайний твел UO₂,6,pivnichno_zakhidna,tvz_z_12_tveh,0.0,-8.924999999999999,9588,37621.373156454436,1078.7545834003079,0.00019422897629261938,5.577170809618164e-06,0.005698867588890635,5.9395423495010534e-05,0.0003564665716134606,9.792814544274194e-06,1.0647538909651149,0.030537854880558515
308,2,-8,-9.591635220349684,11.513199529312752,звичайний твел UO₂,6,pivnichno_zakhidna,tvz_z_12_tveh,2.208364779650318,-8.924999999999999,9593,39607.739348038995,1218.1952488783002,0.00020449021885265593,6.297323741735229e-06,0.005933346580658463,6.589622061445267e-05,0.00035415659338272837,1.0499805517346131e-05,1.1209716989269798,0.034484150043234456
309,4,-9,-7.383270440699365,11.513199529312752,звичайний твел UO₂,6,pivnichno_zakhidna,tvz_z_12_tveh,4.416729559300636,-8.924999999999999,9598,42064.01720691765,1122.8910475535426,0.00021717670511750114,5.806207685941231e-06,0.006039552239189459,5.369794217102822e-05,0.00038619841293776176,9.246607273279186e-06,1.1904888693039417,0.03178842881246751
310,6,-10,-5.1749056610490465,11.513199529312752,звичайний твел UO₂,6,pivnichno_zakhidna,tvz_z_12_tveh,6.625094338950954,-8.924999999999999,9603,45033.10717032718,1098.7351281933827,0.00023252409296097666,5.679922460661102e-06,0.006152517095741914,6.1034463730097845e-05,0.0004074554878505934,9.43661515185313e-06,1.2745195631868789,0.0311062370625211
311,-5,-5,-17.320911949125794,10.875699529312751,звичайний твел UO₂,6,pivnichno_zakhidna,tvz_z_12_tveh,-5.520911949125795,-9.5625,9608,37832.90452491302,976.7742095869318,0.00019534505059458197,5.048521505613535e-06,0.005238372717036224,5.638250458735038e-05,0.0003359779158466058,8.175116324114993e-06,1.0707406168267894,0.027652455095411265
312,-3,-6,-15.112547169475478,10.875699529312751,звичайний твел UO₂,6,pivnichno_zakhidna,tvz_z_12_tveh,-3.312547169475477,-9.5625,9613,37194.0581565374,970.0461796233211,0.00019202333367323166,5.015928908857991e-06,0.005489797661432166,5.781566024487761e-05,0.0003431746814119066,9.441202500649953e-06,1.0526600923964848,0.027461826524733644
313,-1,-7,-12.90418238982516,10.875699529312751,звичайний твел UO₂,6,pivnichno_zakhidna,tvz_z_12_tveh,-1.104182389825159,-9.5625,9618,35374.759123925054,860.2592742032361,0.00018262457877924108,4.447152367081958e-06,0.0055077491765792505,6.0703763016362696e-05,0.0003313406101046336,7.601951878833633e-06,1.0011705915814215,0.024354810332720384
314,1,-8,-10.695817610174842,10.875699529312751,звичайний твел UO₂,6,pivnichno_zakhidna,tvz_z_12_tveh,1.104182389825159,-9.5625,9623,36685.08066590137,1131.6687132081593,0.0001893688634352348,5.851797164473898e-06,0.005814419345609013,5.561474364068604e-05,0.00033944722123774925,9.838425608303073e-06,1.0382550954997833,0.03203475533950545
315,3,-9,-8.487452830524523,10.875699529312751,звичайний твел UO₂,6,pivnichno_zakhidna,tvz_z_12_tveh,3.312547169475477,-9.5625,9628,40048.02674285789,1103.7968480822603,0.00020675565963702107,5.70744535812301e-06,0.005998433885356215,6.545058682246184e-05,0.0003702931761419307,8.724024713345575e-06,1.1334326400740968,0.03124736201584562
316,5,-10,-6.279088050874206,10.875699529312751,звичайний твел UO₂,6,pivnichno_zakhidna,tvz_z_12_tveh,5.520911949125795,-9.5625,9633,42834.14714625631,1148.29262529949,0.00022116325531020087,5.935698923405728e-06,0.0062211134533894435,5.661223253254707e-05,0.0003995502417810337,1.1613512410198127e-05,1.2122849596818628,0.03250745992317032
317,-4,-6,-16.21672955930064,10.238199529312752,звичайний твел UO₂,6,pivnichno_zakhidna,tvz_z_12_tveh,-4.416729559300636,-10.2,9638,39638.144206927325,1147.5776906611245,0.00020465715236584484,5.933477498162361e-06,0.005418695650566131,5.273002437551016e-05,0.0003556417363824239,9.02421059610819e-06,1.1218322122227322,0.03248598496196829
318,-2,-7,-14.008364779650318,10.238199529312752,звичайний твел UO₂,6,pivnichno_zakhidna,tvz_z_12_tveh,-2.208364779650318,-10.2,9643,36876.402961649044,1163.8551806798516,0.00019037196546882188,6.017156796259445e-06,0.005582519666457158,6.2976656913556e-05,0.0003536525577146728,1.0226666837921014e-05,1.0436698675225522,0.03294557859273459
319,0,-8,-11.8,10.238199529312752,твег UO₂-Gd₂O₃,6,pivnichno_zakhidna,tvz_z_12_tveh,0.0,-10.2,9648,14703.960734882237,332.44889803440446,7.575970725370302e-05,1.717557105234028e-06,0.005199866972531605,6.241596375014796e-05,0.0009684429948121766,3.1417345467618374e-05,0.4161490687741716,0.00941244316440986
320,2,-9,-9.591635220349684,10.238199529312752,звичайний твел UO₂,6,pivnichno_zakhidna,tvz_z_12_tveh,2.208364779650318,-10.2,9653,40319.50231325115,1036.351275821077,0.00020814561559903357,5.3572539913606505e-06,0.006112809366487652,7.475052532414824e-05,0.00038002741129893763,9.446906719125879e-06,1.1411158968408321,0.02933915587411173
321,4,-10,-7.383270440699365,10.238199529312752,звичайний твел UO₂,6,pivnichno_zakhidna,tvz_z_12_tveh,4.416729559300636,-10.2,9658,45507.476284458484,1307.0676329716061,0.0002349753318878333,6.7570251474211225e-06,0.00626828165270228,6.533486042997465e-05,0.00041411872844222987,1.044996381005201e-05,1.287945079526341,0.03700101134339256
322,-3,-7,-15.112547169475478,9.600699529312752,звичайний твел UO₂,6,pivnichno_zakhidna,tvz_z_12_tveh,-3.312547169475477,-10.837499999999999,9663,40853.81524561566,986.8284191945551,0.00021094990701420153,5.101971123000438e-06,0.005608635098335959,5.783430013983678e-05,0.0003753681269653168,9.388637180913444e-06,1.1562379332258992,0.02793823373802016
323,-1,-8,-12.90418238982516,9.600699529312752,звичайний твел UO₂,6,pivnichno_zakhidna,tvz_z_12_tveh,-1.104182389825159,-10.837499999999999,9668,38613.167285360905,903.1645846585948,0.0001993618587493754,4.669331334191772e-06,0.00568841700660575,6.34020502621469e-05,0.00034583806511589033,7.423202228753632e-06,1.092823484634594,0.02557017394955461
324,1,-9,-10.695817610174842,9.600699529312752,звичайний твел UO₂,6,pivnichno_zakhidna,tvz_z_12_tveh,1.104182389825159,-10.837499999999999,9673,38648.13171328537,1042.300721890307,0.00019952368896996906,5.3896081617451615e-06,0.0058861124164254494,6.331379787676998e-05,0.0003627917852847522,8.888058576674829e-06,1.0938130421003227,0.029506800401323738
325,3,-10,-8.487452830524523,9.600699529312752,звичайний твел UO₂,6,pivnichno_zakhidna,tvz_z_12_tveh,3.312547169475477,-10.837499999999999,9678,44605.63504019186,1138.2843175879962,0.00023032122660832026,5.885081573489498e-06,0.0061761789758488315,7.812720976545261e-05,0.0004094403697680761,9.13878385585698e-06,1.2624213175447567,0.03222502109904449
326,-2,-8,-14.008364779650318,8.963199529312751,звичайний твел UO₂,6,pivnichno_zakhidna,tvz_z_12_tveh,-2.208364779650318,-11.475,9683,40904.43376935516,1137.5023925856801,0.00021120583112142028,5.881460294649796e-06,0.005712632709061021,6.075652622839399e-05,0.00038136765570791133,1.0543936912122871e-05,1.1576705303265526,0.03220138789751579
327,0,-9,-11.8,8.963199529312751,звичайний твел UO₂,6,pivnichno_zakhidna,tvz_z_12_tveh,0.0,-11.475,9688,40308.16929961535,1172.5257744856392,0.00020810357354757514,6.06050524758153e-06,0.005921526099494387,6.944783758384478e-05,0.000370660238126427,9.676064988720702e-06,1.1407951517602393,0.03319215135708213
328,2,-10,-9.591635220349684,8.963199529312751,звичайний твел UO₂,6,pivnichno_zakhidna,tvz_z_12_tveh,2.208364779650318,-11.475,9693,41837.47978529043,1217.639594390761,0.0002160144438278157,6.294970350004907e-06,0.006044937812633451,6.18223825904655e-05,0.0003820555933956443,1.0155673524309623e-05,1.184077444603315,0.034469236547149965
329,-1,-9,-12.90418238982516,8.325699529312752,звичайний твел UO₂,6,pivnichno_zakhidna,tvz_z_12_tveh,-1.104182389825159,-12.112499999999999,9698,41443.12483079048,1125.221351686755,0.00021398843817303754,5.819119094010311e-06,0.0058546304299485815,5.864759919378801e-05,0.00038128843955024735,9.536711218886014e-06,1.1729164757976576,0.03185411294379406
330,1,-10,-10.695817610174842,8.325699529312752,звичайний твел UO₂,6,pivnichno_zakhidna,tvz_z_12_tveh,1.104182389825159,-12.112499999999999,9703,45587.166199921056,1077.296007469463,0.0002353859362368195,5.568908104073128e-06,0.006164748483809532,5.485203475853376e-05,0.0004146358784685081,9.881517292363076e-06,1.2902004503552205,0.030499922776145376
331,0,-10,-11.8,7.688199529312751,звичайний твел UO₂,6,pivnichno_zakhidna,tvz_z_12_tveh,0.0,-12.75,9708,43877.90394963918,1228.6921476717794,0.00022655994391337353,6.3535555577999134e-06,0.006041131984134944,7.125562263555472e-05,0.00040593127071209483,9.934540064563727e-06,1.2418251923842023,0.0347827463641682
1,0,10,11.8,33.188199529312755,звичайний твел UO₂,7,pivnichno_skhidna,tvz_z_12_tveh,0.0,12.75,9715,40338.91999955582,1170.043092314185,0.00020837638007925252,6.049502737274446e-06,0.0037469379838688537,5.889797185876357e-05,0.0003287949628783674,8.940123751497123e-06,1.1416654529923436,0.03312191435216109
2,-1,10,10.695817610174842,32.55069952931275,звичайний твел UO₂,7,pivnichno_skhidna,tvz_z_12_tveh,-1.104182389825159,12.112499999999999,9720,44186.536622544976,1166.0270881115432,0.0002282709367867315,6.028746619389584e-06,0.0037497370436305553,4.7179673047135043e-05,0.00035008604442634,8.505945847571874e-06,1.2505600633307996,0.033009793591974715
3,1,9,12.90418238982516,32.55069952931275,звичайний твел UO₂,7,pivnichno_skhidna,tvz_z_12_tveh,1.104182389825159,12.112499999999999,9725,35344.32061234285,1225.6095292849116,0.0001825395454722206,6.337409730714325e-06,0.003916950454544129,5.526138988726719e-05,0.0003068594734758972,9.793647589903607e-06,1.000309125852684,0.034692530552973985
4,-2,10,9.591635220349684,31.91319952931275,звичайний твел UO₂,7,pivnichno_skhidna,tvz_z_12_tveh,-2.208364779650318,11.475,9730,44759.68198987222,1272.447254923571,0.0002312361182088612,6.578687829861809e-06,0.0036985504390153233,4.9273748560258905e-05,0.0003571776918294939,9.157497754461162e-06,1.2667811288781006,0.03602113715155221
5,0,9,11.8,31.91319952931275,звичайний твел UO₂,7,pivnichno_skhidna,tvz_z_12_tveh,0.0,11.475,9735,32055.008060142485,853.0194585538185,0.000165541515632649,4.4100478871582095e-06,0.003746829804849947,5.443361231123211e-05,0.0002676226519607645,6.2125586031174186e-06,0.9072155451375188,0.024148553278884283
6,2,8,14.008364779650318,31.91319952931275,звичайний твел UO₂,7,pivnichno_skhidna,tvz_z_12_tveh,2.208364779650318,11.475,9740,30384.079151694503,983.6678626809727,0.00015689180910000638,5.08482468095583e-06,0.004002893347111308,5.64132142859002e-05,0.000268131878315882,7.50396461743175e-06,0.8599251910774133,0.027844699154996606
7,-3,10,8.487452830524523,31.27569952931275,звичайний твел UO₂,7,pivnichno_skhidna,tvz_z_12_tveh,-3.312547169475477,10.837499999999999,9745,43580.23195842974,1323.2720143121726,0.00022513571441223557,6.841014367041966e-06,0.0036936757683200257,4.984912421575317e-05,0.00035581367964575625,1.0292912913401049e-05,1.2334005288411278,0.037458815677366544
8,-1,9,10.695817610174842,31.27569952931275,звичайний твел UO₂,7,pivnichno_skhidna,tvz_z_12_tveh,-1.104182389825159,10.837499999999999,9750,33148.96947218558,1048.908063752367,0.00017118965910077,5.423211905340031e-06,0.0038394474254870225,4.7847897369199454e-05,0.00028277098555545577,8.735778632683273e-06,0.9381766603842848,0.02969170864212635
9,1,8,12.90418238982516,31.27569952931275,звичайний твел UO₂,7,pivnichno_skhidna,tvz_z_12_tveh,1.104182389825159,10.837499999999999,9755,28162.84850063677,883.9890134651802,0.00014541208676578277,4.570321266458769e-06,0.0038379214644300138,5.5506590575739096e-05,0.0002463285385396021,7.202434905122719e-06,0.7970602879647809,0.0250233807240455
10,3,7,15.112547169475478,31.27569952931275,звичайний твел UO₂,7,pivnichno_skhidna,tvz_z_12_tveh,3.312547169475477,10.837499999999999,9760,29009.446813807284,977.7138236490782,0.0001497726115201558,5.053646237718443e-06,0.004114455853247824,6.112281570696584e-05,0.000253957726715563,7.694957984001947e-06,0.8210205736322953,0.027675766761066915
11,-4,10,7.383270440699365,30.63819952931275,звичайний твел UO₂,7,pivnichno_skhidna,tvz_z_12_tveh,-4.416729559300636,10.2,9765,42775.96522110854,1141.2893749540676,0.00022097656647158894,5.901502693481018e-06,0.0036840501064377947,5.168543875551225e-05,0.0003433658621507623,8.89506300583859e-06,1.2106383044434348,0.03230928460271593
12,-2,9,9.591635220349684,30.63819952931275,звичайний твел UO₂,7,pivnichno_skhidna,tvz_z_12_tveh,-2.208364779650318,10.2,9770,33550.90739944888,1133.2977133143359,0.0001732615629827381,5.860208629925143e-06,0.003797873656576549,5.314122348198381e-05,0.000279545979136954,8.467999355416803e-06,0.9495522412329767,0.03207979563475865
13,0,8,11.8,30.63819952931275,твег UO₂-Gd₂O₃,7,pivnichno_skhidna,tvz_z_12_tveh,0.0,10.2,9775,10343.721414244497,266.4325106014612,5.3298580611211436e-05,1.376789720927483e-06,0.003477242125590767,3.978185561996536e-05,0.0007430774849408983,3.002477851495592e-05,0.2927462954920479,0.007542708314805949
14,2,7,14.008364779650318,30.63819952931275,звичайний твел UO₂,7,pivnichno_skhidna,tvz_z_12_tveh,2.208364779650318,10.2,9780,28738.706515495815,938.8000301369025,0.0001483777623776024,4.852870052229976e-06,0.00398705962666726,4.8104625824218e-05,0.0002551320889305043,8.247672738307143e-06,0.8133581264146096,0.02657453822716436
15,4,6,16.21672955930064,30.63819952931275,звичайний твел UO₂,7,pivnichno_skhidna,tvz_z_12_tveh,4.416729559300636,10.2,9785,29991.733544629522,929.9420509291348,0.00015485454515399704,4.807912331480235e-06,0.004107549434699193,5.6281153426139136e-05,0.0002746781122896284,8.181273796079018e-06,0.8488210904910731,0.026324316089396033
16,-5,10,6.279088050874206,30.00069952931275,звичайний твел UO₂,7,pivnichno_skhidna,tvz_z_12_tveh,-5.520911949125795,9.5625,9790,45270.19689014677,1424.6237299173342,0.0002338749834795271,7.364789015026706e-06,0.0038044733864493548,5.5305554534595726e-05,0.00037409496830084033,1.112784247536963e-05,1.2812296372885315,0.04032727311375883
17,-3,9,8.487452830524523,30.00069952931275,звичайний твел UO₂,7,pivnichno_skhidna,tvz_z_12_tveh,-3.312547169475477,9.5625,9795,35884.09230619699,1140.2183311117,0.00018532348413966926,5.895717259375843e-06,0.0038684354906235083,5.0448433883637835e-05,0.00030307035817352834,8.55775753153003e-06,1.0155856552040698,0.03227640017296075
18,-1,8,10.695817610174842,30.00069952931275,звичайний твел UO₂,7,pivnichno_skhidna,tvz_z_12_tveh,-1.104182389825159,9.5625,9800,27951.59279897898,891.432754264606,0.00014431330102807904,4.608784134994806e-06,0.003871245498462819,4.6512083789004046e-05,0.00024691967847652075,7.156163589777439e-06,0.7910813639793839,0.025233939424019195
19,1,7,12.90418238982516,30.00069952931275,звичайний твел UO₂,7,pivnichno_skhidna,tvz_z_12_tveh,1.104182389825159,9.5625,9805,25982.214904181626,831.993148854064,0.0001341317164035703,4.301114743684878e-06,0.003910143974249388,5.5800889151192264e-05,0.0002382127929495722,7.299004083148035e-06,0.7353443559880523,0.023551336482205955
20,3,6,15.112547169475478,30.00069952931275,звичайний твел UO₂,7,pivnichno_skhidna,tvz_z_12_tveh,3.312547169475477,9.5625,9810,29763.932357134665,990.4373695908122,0.0001536798514764159,5.1210528459848875e-06,0.0041136514243523496,5.4889731222852677e-05,0.00025968314635221694,8.413766676413589e-06,0.8423738988975358,0.028036049430475073
21,5,5,17.320911949125794,30.00069952931275,звичайний твел UO₂,7,pivnichno_skhidna,tvz_z_12_tveh,5.520911949125795,9.5625,9815,30959.165686431465,959.0669235974899,0.0001598573635755022,4.958475630630613e-06,0.004181789121072492,5.762133047503174e-05,0.00027692209270254185,8.896370643710318e-06,0.8762011952242149,0.027148777690352132
22,-6,10,5.1749056610490465,29.36319952931275,звичайний твел UO₂,7,pivnichno_skhidna,tvz_z_12_tveh,-6.625094338950954,8.924999999999999,9820,47078.388486571,1379.0333644177067,0.00024322130334089806,7.130336549056343e-06,0.0038605817318888625,5.4073159965358345e-05,0.00037747464504695393,1.0073059987294213e-05,1.3324047772786787,0.039037897290337506
23,-4,9,7.383270440699365,29.36319952931275,звичайний твел UO₂,7,pivnichno_skhidna,tvz_z_12_tveh,-4.416729559300636,8.924999999999999,9825,34673.196754508754,966.8964515415347,0.00017906485560943965,4.9986815149453775e-06,0.0038587991959409787,5.4743618528682666e-05,0.0002849427818744706,7.467121027202125e-06,0.9813150892454426,0.027371691889757785
24,-2,8,9.591635220349684,29.36319952931275,звичайний твел UO₂,7,pivnichno_skhidna,tvz_z_12_tveh,-2.208364779650318,8.924999999999999,9830,30862.391794466377,1136.4478877681192,0.00015935745304508227,5.8757977081395464e-06,0.003963084562320043,4.93910752074857e-05,0.0002792930336749606,1.056284314847934e-05,0.8734623165132983,0.032168109414893925
25,0,7,11.8,29.36319952931275,звичайний твел UO₂,7,pivnichno_skhidna,tvz_z_12_tveh,0.0,8.924999999999999,9835,27592.419776463063,1084.3889084821963,0.00014245767167802298,5.607072398403038e-06,0.0039117901905934525,5.7909739747849555e-05,0.00024532863617545954,9.374486663371474e-06,0.7809161084034344,0.0306940064859783
26,2,6,14.008364779650318,29.36319952931275,звичайний твел UO₂,7,pivnichno_skhidna,tvz_z_12_tveh,2.208364779650318,8.924999999999999,9840,28564.08493654503,970.6214420893243,0.00014747020066841168,5.017493343928293e-06,0.004161916953008748,5.4197906032870904e-05,0.0002548697862392175,7.494863712850692e-06,0.808416015320974,0.02747493011327831
27,4,5,16.21672955930064,29.36319952931275,звичайний твел UO₂,7,pivnichno_skhidna,tvz_z_12_tveh,4.416729559300636,8.924999999999999,9845,29432.26588655826,949.6389756815638,0.00015195750897494038,4.909697029770915e-06,0.004121558921859557,5.5607830498551946e-05,0.00026636190395736096,9.07039530510131e-06,0.8329871292126471,0.026881476346281845
28,6,4,18.425094338950956,29.36319952931275,звичайний твел UO₂,7,pivnichno_skhidna,tvz_z_12_tveh,6.625094338950954,8.924999999999999,9850,29322.72251047983,1120.1934226108806,0.00015140233239166912,5.792767847682607e-06,0.004119221503922328,5.82905496508953e-05,0.0002687889847340586,1.0389467111094132e-05,0.8298868506708748,0.03170769527620932
29,-7,10,4.070723271223887,28.72569952931275,звичайний твел UO₂,7,pivnichno_skhidna,tvz_z_12_tveh,-7.729276728776114,8.2875,9855,47177.67319524354,1314.8230481038815,0.00024372127845147598,6.79767584795146e-06,0.003976416023090897,5.3654845587962015e-05,0.0003703643091642819,1.008963058801888e-05,1.335214716709459,0.037221092021753895
30,-5,9,6.279088050874206,28.72569952931275,звичайний твел UO₂,7,pivnichno_skhidna,tvz_z_12_tveh,-5.520911949125795,8.2875,9860,36388.48536968934,1034.9966179290866,0.00018792243065126948,5.350708963772784e-06,0.004053358196732494,5.382244059741463e-05,0.00030759107065348124,9.282019804554162e-06,1.0298609044007399,0.029299246738287904
31,-3,8,8.487452830524523,28.72569952931275,звичайний твел UO₂,7,pivnichno_skhidna,tvz_z_12_tveh,-3.312547169475477,8.2875,9865,31010.68413826365,1013.7055093847953,0.00016012820833166255,5.240706977887482e-06,0.003991726545537763,5.082091338324606e-05,0.00027385774247055375,8.674662802522854e-06,0.8776592619411498,0.028694874716919488
32,-1,7,10.695817610174842,28.72569952931275,звичайний твел UO₂,7,pivnichno_skhidna,tvz_z_12_tveh,-1.104182389825159,8.2875,9870,27031.55124081996,955.0413606985123,0.0001395615738037412,4.937328132185041e-06,0.004001575640453635,4.9599513294825634e-05,0.0002458882859145091,7.887389685793783e-06,0.7650424997192856,0.02703357547616685
33,1,6,12.90418238982516,28.72569952931275,звичайний твел UO₂,7,pivnichno_skhidna,tvz_z_12_tveh,1.104182389825159,8.2875,9875,28278.95367190021,992.1992018311767,0.0001459958689272118,5.129449984155815e-06,0.004086166963808372,5.3809449100022286e-05,0.0002588471090258921,9.262402724519762e-06,0.8003462773503839,0.028085432451957215
34,3,5,15.112547169475478,28.72569952931275,звичайний твел UO₂,7,pivnichno_skhidna,tvz_z_12_tveh,3.312547169475477,8.2875,9880,28417.69985963607,931.9159931899801,0.00014671508855461092,4.8179029920731675e-06,0.004169937242512462,5.7615912394668264e-05,0.0002587950838647907,8.890265421330791e-06,0.804273049045664,0.026379635769618905
35,5,4,17.320911949125794,28.72569952931275,звичайний твел UO₂,7,pivnichno_skhidna,tvz_z_12_tveh,5.520911949125795,8.2875,9885,29956.151680059535,816.3699054904214,0.0001546696424949039,4.2211511568034546e-06,0.004124735132199906,5.307668927918657e-05,0.0002708065136913447,8.341771441184372e-06,0.8478140584353548,0.02311073195910352
36,7,3,19.529276728776114,28.72569952931275,звичайний твел UO₂,7,pivnichno_skhidna,tvz_z_12_tveh,7.729276728776114,8.2875,9890,28829.060494126345,872.9801771796364,0.00014885113586916979,4.513722324137714e-06,0.004028844057276343,5.946384321563812e-05,0.0002649921131237517,7.666481585841666e-06,0.8159153097983992,0.024712107882809996
37,-8,10,2.9665408813987284,28.08819952931275,звичайний твел UO₂,7,pivnichno_skhidna,tvz_z_12_tveh,-8.833459118601272,7.6499999999999995,9895,44762.99845887155,1337.4497749027657,0.0002312397594127451,6.914822085286294e-06,0.003963776403694867,4.94921376336348e-05,0.00035994114574761695,1.0429259574390687e-05,1.2668749910360984,0.03786041372957718
38,-6,9,5.1749056610490465,28.08819952931275,звичайний твел UO₂,7,pivnichno_skhidna,tvz_z_12_tveh,-6.625094338950954,7.6499999999999995,9900,37170.13473608297,1155.364034080597,0.00019196155589157812,5.973211638108933e-06,0.0040953067704731965,4.312752874581381e-05,0.00030731774787927976,9.762178955363387e-06,1.0519830157010617,0.03270541232062263
39,-4,8,7.383270440699365,28.08819952931275,звичайний твел UO₂,7,pivnichno_skhidna,tvz_z_12_tveh,-4.416729559300636,7.6499999999999995,9905,33043.54793235,1041.7437878422895,0.00017064400168185094,5.3855840591634134e-06,0.0039527716510857755,6.07464053278971e-05,0.00027896824774844214,8.769968768050547e-06,0.9351930373712526,0.029488949231477556
40,-2,7,9.591635220349684,28.08819952931275,звичайний твел UO₂,7,pivnichno_skhidna,tvz_z_12_tveh,-2.208364779650318,7.6499999999999995,9910,28199.206643099507,805.8206272452221,0.00014559091489107663,4.167273794292903e-06,0.004029636852760495,4.9432067260100135e-05,0.00024867136494223085,6.490998143394507e-06,0.7980892901092393,0.022811558035924894
42,2,5,14.008364779650318,28.08819952931275,звичайний твел UO₂,7,pivnichno_skhidna,tvz_z_12_tveh,2.208364779650318,7.6499999999999995,9918,29026.56318297824,879.5809442077425,0.0001498597528389181,4.546774473986131e-06,0.004288483537613966,6.271784574764695e-05,0.0002661479737624365,9.027962555197066e-06,0.821504998286286,0.024898953432720014
43,4,4,16.21672955930064,28.08819952931275,звичайний твел UO₂,7,pivnichno_skhidna,tvz_z_12_tveh,4.416729559300636,7.6499999999999995,9923,29385.79707296188,1039.4923535143082,0.00015172314401085243,5.374154273808232e-06,0.00413546070327228,5.675708663836391e-05,0.0002666661242855345,8.424409758422787e-06,0.8316719765232564,0.029424049657155994
44,6,3,18.425094338950956,28.08819952931275,звичайний твел UO₂,7,pivnichno_skhidna,tvz_z_12_tveh,6.625094338950954,7.6499999999999995,9928,29630.7832316103,976.1887379224927,0.00015298516914162696,5.046400071187314e-06,0.004070425872606442,6.075803579441162e-05,0.0002627905337993637,7.665699310645299e-06,0.8386055343327685,0.027632813889951615
45,8,2,20.633459118601273,28.08819952931275,звичайний твел UO₂,7,pivnichno_skhidna,tvz_z_12_tveh,8.833459118601272,7.6499999999999995,9933,29174.759026963922,854.650337772316,0.00015063744037717588,4.418047153626942e-06,0.0039000184690694832,5.261544787027222e-05,0.00026238249419043,8.060807251059051e-06,0.8256992125924043,0.024193577910932622
46,-9,10,1.8623584915735698,27.45069952931275,звичайний твел UO₂,7,pivnichno_skhidna,tvz_z_12_tveh,-9.937641508426431,7.012499999999999,9938,44853.09896257261,1490.710900226001,0.00023171120538853537,7.70716171055421e-06,0.004039456406350483,5.635202953246825e-05,0.00037081258494094284,1.2398789675746757e-05,1.2694250006142882,0.042197178381061906
47,-7,9,4.070723271223887,27.45069952931275,звичайний твел UO₂,7,pivnichno_skhidna,tvz_z_12_tveh,-7.729276728776114,7.012499999999999,9943,37195.800986479306,978.1368947057905,0.0001921039563695702,5.05824384859928e-06,0.004062800588603194,4.865443605447564e-05,0.0003122746828664997,8.205218498423807e-06,1.0527094176817215,0.02769074532454056
48,-5,8,6.279088050874206,27.45069952931275,звичайний твел UO₂,7,pivnichno_skhidna,tvz_z_12_tveh,-5.520911949125795,7.012499999999999,9948,32473.359522189567,1031.8042765063142,0.00016769478053554318,5.3338827277118605e-06,0.0040464640360086904,5.4339638798642946e-05,0.0002789420907725196,8.550024227294215e-06,0.9190556591374288,0.029207501128967375
49,-3,7,8.487452830524523,27.45069952931275,звичайний твел UO₂,7,pivnichno_skhidna,tvz_z_12_tveh,-3.312547169475477,7.012499999999999,9953,30882.49557219192,1088.9963539743053,0.0001594657400970468,5.62979822675805e-06,0.004051891967509684,5.4361367576516076e-05,0.000274058475122064,8.742466134960624e-06,0.8740312903109146,0.030825348311161366
50,-1,6,10.695817610174842,27.45069952931275,звичайний твел UO₂,7,pivnichno_skhidna,tvz_z_12_tveh,-1.104182389825159,7.012499999999999,9958,26896.619180394424,946.3846371968324,0.00013884799138808905,4.893084778023882e-06,0.004088366886376877,4.5099081858604635e-05,0.0002507174023492742,8.055790126064694e-06,0.7612236748253467,0.02678857056743444
51,1,5,12.90418238982516,27.45069952931275,звичайний твел UO₂,7,pivnichno_skhidna,tvz_z_12_tveh,1.104182389825159,7.012499999999999,9963,28146.548754527266,963.2580160569812,0.00014531323527795543,4.9806421932484655e-06,0.004138443284809906,6.550487047852058e-05,0.00025320864547300024,7.725903963514094e-06,0.7965989752418331,0.027266433109357748
53,5,3,17.320911949125794,27.45069952931275,звичайний твел UO₂,7,pivnichno_skhidna,tvz_z_12_tveh,5.520911949125795,7.012499999999999,9971,29211.204332051886,1080.860290823338,0.0001508191760499174,5.587552783933898e-06,0.0041304712055859165,5.580010250798936e-05,0.00026418017601967874,9.111990088970584e-06,0.8267306815990895,0.030594614281263158
54,7,2,19.529276728776114,27.45069952931275,звичайний твел UO₂,7,pivnichno_skhidna,tvz_z_12_tveh,7.729276728776114,7.012499999999999,9976,28305.758670070918,960.7355015471237,0.00014613581211677979,4.966373857316877e-06,0.003977345162374302,6.1028041813766844e-05,0.00026562827128334064,8.702566424221273e-06,0.8011049079825218,0.027195103808576086
55,9,1,21.73764150842643,27.45069952931275,звичайний твел UO₂,7,pivnichno_skhidna,tvz_z_12_tveh,9.937641508426431,7.012499999999999,9981,32142.58360786885,1061.986572687278,0.00016598536647983064,5.489738989175182e-06,0.0038186016504516904,5.801600659892894e-05,0.00028371798031966324,9.703631439903876e-06,0.9096940938286383,0.030061448653225627
56,-10,10,0.7581761017484112,26.81319952931275,звичайний твел UO₂,7,pivnichno_skhidna,tvz_z_12_tveh,-11.04182389825159,6.375,9986,42059.18352968005,1168.0160173868273,0.00021724903413100966,6.038692825250852e-06,0.004104218990574647,5.5892330384691454e-05,0.00035323685772869004,9.825460264776387e-06,1.1903520673689088,0.03306521606321186
57,-8,9,2.9665408813987284,26.81319952931275,звичайний твел UO₂,7,pivnichno_skhidna,tvz_z_12_tveh,-8.833459118601272,6.375,9991,34371.987460833174,967.2895236317139,0.00017750086601072733,5.000099430978786e-06,0.004063406848222391,4.640994269700648e-05,0.0002916774781353469,7.62388129214191e-06,0.9727903135520573,0.027382697136378493
58,-6,8,5.1749056610490465,26.81319952931275,звичайний твел UO₂,7,pivnichno_skhidna,tvz_z_12_tveh,-6.625094338950954,6.375,9996,32265.9892943892,917.8943155395048,0.0001666053071611385,4.745880957153673e-06,0.004225298211647072,5.0845232778204954e-05,0.0002847266983901007,7.517625716440316e-06,0.9131867011915682,0.025984249059743402
60,-2,6,9.591635220349684,26.81319952931275,звичайний твел UO₂,7,pivnichno_skhidna,tvz_z_12_tveh,-2.208364779650318,6.375,10004,29670.75144478701,1009.6674786896668,0.00015319143719967558,5.219921258926965e-06,0.0042051735614806185,5.243520403036604e-05,0.0002620991281444245,7.4414767054827515e-06,0.8397367081024724,0.028580174591054205
61,0,5,11.8,26.81319952931275,звичайний твел UO₂,7,pivnichno_skhidna,tvz_z_12_tveh,0.0,6.375,10009,27861.768770750587,862.5341253027099,0.00014383836402991627,4.459351245534198e-06,0.004164683979965672,5.113552081118722e-05,0.00025027707208155446,7.3125014066608594e-06,0.7885391791643691,0.02441618299829895
62,2,4,14.008364779650318,26.81319952931275,звичайний твел UO₂,7,pivnichno_skhidna,tvz_z_12_tveh,2.208364779650318,6.375,10014,29917.830272516887,962.3533834863831,0.0001544563841938435,4.975371149289222e-06,0.004343115359303165,5.869811847594595e-05,0.00027527139696444157,8.865849927993572e-06,0.8467294922867826,0.02724141453101194
63,4,3,16.21672955930064,26.81319952931275,звичайний твел UO₂,7,pivnichno_skhidna,tvz_z_12_tveh,4.416729559300636,6.375,10019,29284.511442662264,955.5185804855546,0.0001511868873739921,4.939055236207566e-06,0.0041575688327557215,6.203159001119194e-05,0.0002620814969489334,8.160601401188545e-06,0.8288054073389823,0.027047800218036225
64,6,2,18.425094338950956,26.81319952931275,звичайний твел UO₂,7,pivnichno_skhidna,tvz_z_12_tveh,6.625094338950954,6.375,10024,26780.83669340195,890.6205765083747,0.0001382529124133302,4.6045806938608464e-06,0.0040188145708823,5.250668432404083e-05,0.00025195123787301874,7.638658961442164e-06,0.7579468179966984,0.025210567184583938
65,8,1,20.633459118601273,26.81319952931275,звичайний твел UO₂,7,pivnichno_skhidna,tvz_z_12_tveh,8.833459118601272,6.375,10029,27299.284770185302,801.9073107334203,0.00014094852652953973,4.145453248242412e-06,0.0038158636520808746,5.882961749088759e-05,0.00024577304199128335,7.410266200383722e-06,0.7726198498587411,0.022700492145488478
66,10,0,22.84182389825159,26.81319952931275,звичайний твел UO₂,7,pivnichno_skhidna,tvz_z_12_tveh,11.04182389825159,6.375,10034,39096.354434051456,1343.476938184069,0.00020195259037324867,6.945062750477481e-06,0.0037824312642171375,5.7669647502560805e-05,0.0003257047382339544,1.080172985747797e-05,1.106498567532102,0.03802903749693782
67,-9,9,1.8623584915735698,26.17569952931275,звичайний твел UO₂,7,pivnichno_skhidna,tvz_z_12_tveh,-9.937641508426431,5.7375,10039,33757.98002219846,1103.0431790813043,0.00017432679889379905,5.7027789114912275e-06,0.004180400663972497,5.588963692544324e-05,0.00029665303572543506,9.895951234876577e-06,0.9554127764098311,0.03122375321280346
68,-7,8,4.070723271223887,26.17569952931275,звичайний твел UO₂,7,pivnichno_skhidna,tvz_z_12_tveh,-7.729276728776114,5.7375,10044,31088.273146225187,814.9961937011768,0.00016051416953137033,4.214285456056186e-06,0.004174195239749352,4.976558820318912e-05,0.00027345868738102067,6.275264451255187e-06,0.8798551732328407,0.023072323596867898
69,-5,7,6.279088050874206,26.17569952931275,звичайний твел UO₂,7,pivnichno_skhidna,tvz_z_12_tveh,-5.520911949125795,5.7375,10049,32148.972096037094,1092.4324842511144,0.00016599678573725972,5.647632843176132e-06,0.004227180363560656,5.691160307200723e-05,0.00029238126049028795,1.086956063059839e-05,0.9098748997658973,0.030922978726644918
70,-3,6,8.487452830524523,26.17569952931275,звичайний твел UO₂,7,pivnichno_skhidna,tvz_z_12_tveh,-3.312547169475477,5.7375,10054,30058.471614166014,997.1222889130956,0.0001551933069393537,5.155404693807679e-06,0.004267769891373386,5.421240998207908e-05,0.00026974880692447016,7.605304697533298e-06,0.8507099003151847,0.028225308272384307
71,-1,5,10.695817610174842,26.17569952931275,твег UO₂-Gd₂O₃,7,pivnichno_skhidna,tvz_z_12_tveh,-1.104182389825159,5.7375,10059,10167.959744720645,260.14506499461874,5.2375042207506925e-05,1.3438779751554555e-06,0.003814276873314702,5.3888398590580175e-05,0.0007073990743049556,2.7228278364802963e-05,0.2877719177432671,0.00736473952635788
72,1,4,12.90418238982516,26.17569952931275,звичайний твел UO₂,7,pivnichno_skhidna,tvz_z_12_tveh,1.104182389825159,5.7375,10064,30013.700412939852,1065.4692847015472,0.00015495414379961456,5.50883902009394e-06,0.004363027170773707,5.8771604951944574e-05,0.00027864784184024094,8.767224923182114e-06,0.8494427931707832,0.030159324542172534
73,3,3,15.112547169475478,26.17569952931275,звичайний твел UO₂,7,pivnichno_skhidna,tvz_z_12_tveh,3.312547169475477,5.7375,10069,29341.2738376215,865.1625522610226,0.00015148710856694643,4.47431209775464e-06,0.004269645130600958,4.840056808801284e-05,0.0002701607461706651,8.068389218221571e-06,0.8304118872684098,0.024491088325768403
74,5,2,17.320911949125794,26.17569952931275,звичайний твел UO₂,7,pivnichno_skhidna,tvz_z_12_tveh,5.520911949125795,5.7375,10074,26749.079167277945,873.2253504757002,0.00013808684669748352,4.515556734099793e-06,0.004188100506344625,5.354265772352329e-05,0.00024836266226522857,8.053729670626586e-06,0.7570480217361967,0.02471832685617691
75,7,1,19.529276728776114,26.17569952931275,звичайний твел UO₂,7,pivnichno_skhidna,tvz_z_12_tveh,7.729276728776114,5.7375,10079,26586.053347991696,977.1749644080729,0.0001372521128597094,5.051505330705669e-06,0.004045784426523161,5.6484813914949215e-05,0.00025411650600681965,9.07988110867278e-06,0.752434091917874,0.027659770365968315
76,9,0,21.73764150842643,26.17569952931275,звичайний твел UO₂,7,pivnichno_skhidna,tvz_z_12_tveh,9.937641508426431,5.7375,10084,33825.47157789809,986.176086121409,0.0001746795045769878,5.0987877353344775e-06,0.0038593772931553405,5.6931954292318514e-05,0.00028573516833841825,8.747948436198432e-06,0.9573229112749149,0.02791688949770795
77,-10,9,0.7581761017484112,25.53819952931275,звичайний твел UO₂,7,pivnichno_skhidna,tvz_z_12_tveh,-11.04182389825159,5.1,10089,36535.14226616757,988.3484794874406,0.000188682096929879,5.109870453582293e-06,0.004232754795433095,5.3301711076649877e-05,0.000316251198197572,9.013247284268323e-06,1.0340115636686158,0.027979405175673815
78,-8,8,2.9665408813987284,25.53819952931275,твег UO₂-Gd₂O₃,7,pivnichno_skhidna,tvz_z_12_tveh,-8.833459118601272,5.1,10094,10885.088203978956,259.7847360852333,5.608697247063681e-05,1.3415402440937802e-06,0.00383162339284964,4.754663734106856e-05,0.0007522369731650972,2.4476266557328518e-05,0.3080679689836537,0.007354859898244948
79,-6,7,5.1749056610490465,25.53819952931275,звичайний твел UO₂,7,pivnichno_skhidna,tvz_z_12_tveh,-6.625094338950954,5.1,10099,31036.405404075034,874.357414282567,0.00016024609843783347,4.521219091019555e-06,0.004355808537702418,5.482184687717382e-05,0.000279076260737899,7.727862562531482e-06,0.878387220959002,0.024751898230023876
80,-4,6,7.383270440699365,25.53819952931275,звичайний твел UO₂,7,pivnichno_skhidna,tvz_z_12_tveh,-4.416729559300636,5.1,10104,30870.890746620615,951.0445291656971,0.0001593902237437375,4.916609284703646e-06,0.004347185877033231,5.397827584931996e-05,0.0002892929112717367,8.029223243072297e-06,0.8737028524538052,0.026921743807327876
81,-2,5,9.591635220349684,25.53819952931275,звичайний твел UO₂,7,pivnichno_skhidna,tvz_z_12_tveh,-2.208364779650318,5.1,10109,29991.86239478427,974.6532402854184,0.00015484012761104768,5.039355368727151e-06,0.0042968746940701,5.7206731078139e-05,0.00026876909391930005,8.12473915543976e-06,0.8488247371868768,0.027589484050311006
82,0,4,11.8,25.53819952931275,звичайний твел UO₂,7,pivnichno_skhidna,tvz_z_12_tveh,0.0,5.1,10114,27591.793326956707,949.6383784698858,0.00014244567109740147,4.909291695568465e-06,0.004262953632876283,5.021831979735403e-05,0.00025229225871440785,8.150313451500575e-06,0.780898378732946,0.026880859675356746
83,2,3,14.008364779650318,25.53819952931275,звичайний твел UO₂,7,pivnichno_skhidna,tvz_z_12_tveh,2.208364779650318,5.1,10119,29685.04241723413,926.2378072849589,0.0001532630074179475,4.7882753255094926e-06,0.004329450665219925,5.8550371976141675e-05,0.000273618432613818,7.855819878773056e-06,0.8401411688449197,0.02621939295478437
84,4,2,16.21672955930064,25.53819952931275,звичайний твел UO₂,7,pivnichno_skhidna,tvz_z_12_tveh,4.416729559300636,5.1,10124,27712.473729715464,821.3972572496451,0.00014306524791133217,4.246321461704419e-06,0.0041485566592576835,5.8703533074166145e-05,0.0002559820982254813,6.872019814154348e-06,0.784313855564859,0.023252123912021253
85,6,1,18.425094338950956,25.53819952931275,звичайний твел UO₂,7,pivnichno_skhidna,tvz_z_12_tveh,6.625094338950954,5.1,10129,28130.599167664437,1016.4197421110244,0.00014523527693711667,5.254313952918116e-06,0.004051387708205258,6.02702971024871e-05,0.00025431819891250145,8.67661372627357e-06,0.7961475726680658,0.028770769275119915
86,8,0,20.633459118601273,25.53819952931275,твег UO₂-Gd₂O₃,7,pivnichno_skhidna,tvz_z_12_tveh,8.833459118601272,5.1,10134,10047.88029068612,309.2176748085874,5.17711815422105e-05,1.5968278292824812e-06,0.0034194815099039075,5.78266706542025e-05,0.0007511333601031411,2.8258720245632842e-05,0.28437344886291754,0.008753199610248875
87,10,-1,22.84182389825159,25.53819952931275,звичайний твел UO₂,7,pivnichno_skhidna,tvz_z_12_tveh,11.04182389825159,5.1,10139,41298.20939547933,1411.7089585063493,0.0002133304579885488,7.299507287220765e-06,0.0037780115519273536,5.785353888440792e-05,0.00034227094051375275,1.1208812873789432e-05,1.1688151030761789,0.039960510967504276
88,-9,8,1.8623584915735698,24.90069952931275,звичайний твел UO₂,7,pivnichno_skhidna,tvz_z_12_tveh,-9.937641508426431,4.4624999999999995,10144,31361.54659972085,878.4901992327533,0.0001619176028846859,4.542084706894425e-06,0.004368475004089609,5.1153504122517815e-05,0.0002864357756115423,7.615101431016761e-06,0.8875893133902704,0.024868960829455753
89,-7,7,4.070723271223887,24.90069952931275,звичайний твел UO₂,7,pivnichno_skhidna,tvz_z_12_tveh,-7.729276728776114,4.4624999999999995,10149,29883.20293943687,987.992061516838,0.00015428438443603257,5.1085080149730926e-06,0.004354085685555079,5.5427402153320176e-05,0.00027550773286854545,8.868571413734589e-06,0.8457494752236795,0.02796689381556628
90,-5,6,6.279088050874206,24.90069952931275,звичайний твел UO₂,7,pivnichno_skhidna,tvz_z_12_tveh,-5.520911949125795,4.4624999999999995,10154,30906.84508934455,889.7186343777015,0.00015956947452275407,4.600258740082952e-06,0.004478627228456659,5.0434914967979534e-05,0.0002868063683983947,8.929810563863749e-06,0.8747204263247322,0.02518649678979944
91,-3,5,8.487452830524523,24.90069952931275,звичайний твел UO₂,7,pivnichno_skhidna,tvz_z_12_tveh,-3.312547169475477,4.4624999999999995,10159,30537.972485277798,825.6079331118868,0.00015766568316414345,4.268886889035543e-06,0.004464616019171738,5.0335246298716724e-05,0.0002806709132369001,7.28216702184743e-06,0.8642806547933434,0.023372349695044394
92,-1,4,10.695817610174842,24.90069952931275,звичайний твел UO₂,7,pivnichno_skhidna,tvz_z_12_tveh,-1.104182389825159,4.4624999999999995,10164,28968.129848110493,832.0316927244362,0.00014954812060063893,4.302144098596518e-06,0.004405112416989793,5.395059682895447e-05,0.0002633422897114302,7.420059467438141e-06,0.8198512276914766,0.023553497301004894
93,1,3,12.90418238982516,24.90069952931275,звичайний твел UO₂,7,pivnichno_skhidna,tvz_z_12_tveh,1.104182389825159,4.4624999999999995,10169,30052.09001869724,1051.4140940631753,0.000155151075769865,5.434997412513452e-06,0.004436481182567074,5.9015247349984465e-05,0.0002770938236031763,7.861074592578165e-06,0.850529289453968,0.029761610092629925
94,3,2,15.112547169475478,24.90069952931275,звичайний твел UO₂,7,pivnichno_skhidna,tvz_z_12_tveh,3.312547169475477,4.4624999999999995,10174,29471.31421819061,922.3712801609373,0.00015216195824320174,4.768303328496913e-06,0.004222988416811533,5.393597806353118e-05,0.000266308334164684,7.69264328481087e-06,0.834092268646775,0.02610991039510264
95,5,1,17.320911949125794,24.90069952931275,звичайний твел UO₂,7,pivnichno_skhidna,tvz_z_12_tveh,5.520911949125795,4.4624999999999995,10179,28495.288931203297,973.6310604259438,0.00014711705747520612,5.032632502691244e-06,0.004139334311794629,5.1934176539742136e-05,0.00026942014537207254,9.918678765370787e-06,0.8064689621375124,0.027560071853619167
96,7,0,19.529276728776114,24.90069952931275,звичайний твел UO₂,7,pivnichno_skhidna,tvz_z_12_tveh,7.729276728776114,4.4624999999999995,10184,27198.632686735644,826.8808880094302,0.00014042103521955883,4.274200702704665e-06,0.003940080952143417,5.471899453882459e-05,0.0002513896359084367,8.607399415490312e-06,0.7697712112128021,0.023407101903223163
97,9,-1,21.73764150842643,24.90069952931275,звичайний твел UO₂,7,pivnichno_skhidna,tvz_z_12_tveh,9.937641508426431,4.4624999999999995,10189,31770.61022635161,878.6368176003557,0.00016406705528819403,4.543024628429421e-06,0.003788638768973276,5.264965510518941e-05,0.0002642941559267514,6.572017939510243e-06,0.8991665646058518,0.02487326888309159
98,-10,8,0.7581761017484112,24.26319952931275,звичайний твел UO₂,7,pivnichno_skhidna,tvz_z_12_tveh,-11.04182389825159,3.8249999999999997,10194,33078.353302132076,984.056237026573,0.00017078529858723026,5.086806821906561e-06,0.004488673368435087,5.688585149249741e-05,0.00031718540981691266,9.686224848928698e-06,0.9361780931996997,0.02785663179117962
99,-8,7,2.9665408813987284,24.26319952931275,звичайний твел UO₂,7,pivnichno_skhidna,tvz_z_12_tveh,-8.833459118601272,3.8249999999999997,10199,30082.6736134636,1029.5518219204228,0.0001552994698845497,5.323691521333006e-06,0.0045005627883738615,5.048090941794097e-05,0.00027385857747605556,8.71988293105876e-06,0.8513948613030273,0.02914297635159516
101,-4,5,7.383270440699365,24.26319952931275,звичайний твел UO₂,7,pivnichno_skhidna,tvz_z_12_tveh,-4.416729559300636,3.8249999999999997,10207,31987.315949588803,953.7823486103676,0.00016515526183830492,4.931969633167101e-06,0.0045775185913502076,5.2512515342269084e-05,0.000284504746083321,8.270243368585135e-06,0.9052997342020717,0.02699961279877225
102,-2,4,9.591635220349684,24.26319952931275,звичайний твел UO₂,7,pivnichno_skhidna,tvz_z_12_tveh,-2.208364779650318,3.8249999999999997,10212,30502.305475437806,880.9422607367852,0.00015747697852408192,4.556216753087421e-06,0.004466898704246731,4.584081656457392e-05,0.00028700832354858907,7.13225226775569e-06,0.8632712129702529,0.024938014318729
103,0,3,11.8,24.26319952931275,звичайний твел UO₂,7,pivnichno_skhidna,tvz_z_12_tveh,0.0,3.8249999999999997,10217,31851.590854007944,935.283488767995,0.0001644484472113446,4.835653430186068e-06,0.004637879561909702,5.286205539283083e-05,0.00029366620518558536,8.375112886736312e-06,0.9014584649581143,0.026476125980964417
104,2,2,14.008364779650318,24.26319952931275,звичайний твел UO₂,7,pivnichno_skhidna,tvz_z_12_tveh,2.208364779650318,3.8249999999999997,10222,29771.619055241885,842.4002818962236,0.00015371380564241556,4.354795608087829e-06,0.004420703706640577,5.2382298237718905e-05,0.00027846714724734015,7.237499158325745e-06,0.8425914465581249,0.023847184077938725
105,4,1,16.21672955930064,24.26319952931275,твег UO₂-Gd₂O₃,7,pivnichno_skhidna,tvz_z_12_tveh,4.416729559300636,3.8249999999999997,10227,10511.379601260016,268.11315793566564,5.414620055350581e-05,1.3855185480284532e-06,0.003889223352592401,4.927332330439526e-05,0.0007069573333025655,2.4699605074510693e-05,0.29749132981693943,0.007590330826746253
107,8,-1,20.633459118601273,24.26319952931275,звичайний твел UO₂,7,pivnichno_skhidna,tvz_z_12_tveh,8.833459118601272,3.8249999999999997,10235,28208.281814507405,820.2902273986563,0.00014563959638122365,4.241440119244282e-06,0.003899524929328346,4.8954182244967096e-05,0.0002471008269782784,7.3616547622487306e-06,0.798346134111917,0.023220983205868302
108,10,-2,22.84182389825159,24.26319952931275,звичайний твел UO₂,7,pivnichno_skhidna,tvz_z_12_tveh,11.04182389825159,3.8249999999999997,10240,42057.84464009945,1367.494431596434,0.00021726589051940414,7.069764253252106e-06,0.003766332656989291,5.447598566077713e-05,0.00033564226373881853,1.009014973197983e-05,1.1903141743370784,0.03870962198734654
109,-9,7,1.8623584915735698,23.62569952931275,звичайний твел UO₂,7,pivnichno_skhidna,tvz_z_12_tveh,-9.937641508426431,3.1875,10245,31377.456052967198,849.8186707706031,0.0001619855797742056,4.394134236497073e-06,0.004579281761839883,5.650058974931463e-05,0.00029489010655275676,7.3179349997695915e-06,0.8880395801090509,0.024057715289794848
110,-7,6,4.070723271223887,23.62569952931275,звичайний твел UO₂,7,pivnichno_skhidna,tvz_z_12_tveh,-7.729276728776114,3.1875,10250,33682.780403264696,1024.1672362679112,0.00017390805292099776,5.294939397864268e-06,0.0046811217309176015,5.567007888882394e-05,0.0003018879525191486,9.18459019825782e-06,0.9532844892118641,0.0289918241883355
111,-5,5,6.279088050874206,23.62569952931275,звичайний твел UO₂,7,pivnichno_skhidna,tvz_z_12_tveh,-5.520911949125795,3.1875,10255,30309.90302895958,866.7901130216861,0.00015648220948675303,4.482065916800199e-06,0.00455491279758485,5.475799111012453e-05,0.00028726079815926287,7.78352366896975e-06,0.8578258706998644,0.024537502882771976
112,-3,4,8.487452830524523,23.62569952931275,звичайний твел UO₂,7,pivnichno_skhidna,tvz_z_12_tveh,-3.312547169475477,3.1875,10260,31119.61876913121,953.4223221608074,0.0001606632563860222,4.929343274156369e-06,0.004718245353220751,6.329984864801882e-05,0.00028670965604393143,8.088470271337432e-06,0.8807423118764813,0.02698911391362292
113,-1,3,10.695817610174842,23.62569952931275,звичайний твел UO₂,7,pivnichno_skhidna,tvz_z_12_tveh,-1.104182389825159,3.1875,10265,32879.47721985071,963.1578837503877,0.00016976207478566245,4.980153398974353e-06,0.0045942891076775965,5.459967966758405e-05,0.00029288968306568687,7.5199841701120844e-06,0.9305495351577493,0.02726522704970282
115,3,1,15.112547169475478,23.62569952931275,звичайний твел UO₂,7,pivnichno_skhidna,tvz_z_12_tveh,3.312547169475477,3.1875,10273,27847.443942042904,890.5008761628665,0.00014375854929225723,4.604393480307194e-06,0.004329988805194864,4.893471135190427e-05,0.0002617136707199978,7.637139075123722e-06,0.7881337602276258,0.025207535124945044
116,5,0,17.320911949125794,23.62569952931275,звичайний твел UO₂,7,pivnichno_skhidna,tvz_z_12_tveh,5.520911949125795,3.1875,10278,27884.30822992132,971.0828831621685,0.00014394734325363259,5.020346561475587e-06,0.004234056037618268,5.986214225061174e-05,0.00025977474531681087,9.921552992465369e-06,0.7891770872160632,0.02748777312615146
117,7,-1,19.529276728776114,23.62569952931275,звичайний твел UO₂,7,pivnichno_skhidna,tvz_z_12_tveh,7.729276728776114,3.1875,10283,30494.319899391056,1058.3198243661757,0.00015746907239650582,5.471947630061493e-06,0.004002822862797166,4.904214411944769e-05,0.0002762981990468844,9.413119688532603e-06,0.8630452065155704,0.029957161819675806
118,9,-2,21.73764150842643,23.62569952931275,звичайний твел UO₂,7,pivnichno_skhidna,tvz_z_12_tveh,9.937641508426431,3.1875,10288,33966.49348509508,910.7104799846556,0.00017541739017552747,4.708222494977778e-06,0.00379403106646577,5.689491435789379e-05,0.0002871617831686855,8.021146208395852e-06,0.9613140900066129,0.02578165298230268
119,-10,7,0.7581761017484112,22.98819952931275,звичайний твел UO₂,7,pivnichno_skhidna,tvz_z_12_tveh,-11.04182389825159,2.55,10293,36286.13620452033,876.6603608762005,0.0001873601697085961,4.531896013818201e-06,0.004773701344823028,5.17356252302007e-05,0.0003244199201877339,8.303079219447596e-06,1.0269642352282047,0.02481924777530191
120,-8,6,2.9665408813987284,22.98819952931275,звичайний твел UO₂,7,pivnichno_skhidna,tvz_z_12_tveh,-8.833459118601272,2.55,10298,33743.829919279226,1048.3845414045268,0.00017420632225449367,5.4216026337048394e-06,0.004826532117403522,6.901573295908985e-05,0.00029581213425847305,9.487153828226272e-06,0.9550123025335013,0.029677100815940837
121,-6,5,5.1749056610490465,22.98819952931275,звичайний твел UO₂,7,pivnichno_skhidna,tvz_z_12_tveh,-6.625094338950954,2.55,10303,30808.097602019025,866.4237262799816,0.00015904773407174206,4.479083129530186e-06,0.004714237302652253,5.3059185228269634e-05,0.00028903469942170477,7.75690277116514e-06,0.871925691243808,0.024527326604408577
122,-4,4,7.383270440699365,22.98819952931275,звичайний твел UO₂,7,pivnichno_skhidna,tvz_z_12_tveh,-4.416729559300636,2.55,10308,30028.746318179634,839.117421846245,0.00015502201558594933,4.337310863958746e-06,0.004648154873177823,5.400515059950209e-05,0.000279907737286367,7.654314903582694e-06,0.8498686198964726,0.02375439488887205
124,0,2,11.8,22.98819952931275,звичайний твел UO₂,7,pivnichno_skhidna,tvz_z_12_tveh,0.0,2.55,10316,33282.11330018337,897.130199190057,0.00017184010308585803,4.637597515067508e-06,0.004728434933130274,5.634091152014214e-05,0.00030500414576426583,9.442574127993325e-06,0.9419448750193299,0.02539713178332129
125,2,1,14.008364779650318,22.98819952931275,звичайний твел UO₂,7,pivnichno_skhidna,tvz_z_12_tveh,2.208364779650318,2.55,10321,31862.71190194837,1065.86179634555,0.00016451201187932168,5.5100547397297166e-06,0.004661956327534458,5.748462233375209e-05,0.00029165703977825026,8.422575779653363e-06,0.9017732110205967,0.03017101419213813
126,4,0,16.21672955930064,22.98819952931275,звичайний твел UO₂,7,pivnichno_skhidna,tvz_z_12_tveh,4.416729559300636,2.55,10326,27665.9981682378,966.1019070391451,0.0001428144097242939,4.993907625834153e-06,0.004394872748166188,6.82084641291272e-05,0.0002553733825783797,7.66703827833408e-06,0.7829985118980465,0.027346756640164786
127,6,-1,18.425094338950956,22.98819952931275,звичайний твел UO₂,7,pivnichno_skhidna,tvz_z_12_tveh,6.625094338950954,2.55,10331,30368.43010906756,970.4989676655891,0.00015679184834982687,5.0167786050288425e-06,0.00416677640560719,5.548833441456914e-05,0.0002674682170778587,8.320612000491939e-06,0.8594822944569837,0.027472059051415476
128,8,-2,20.633459118601273,22.98819952931275,звичайний твел UO₂,7,pivnichno_skhidna,tvz_z_12_tveh,8.833459118601272,2.55,10336,32017.88492918861,1053.6074608454323,0.0001653384118592781,5.446012537909146e-06,0.0039053116632134935,5.335230000602569e-05,0.0002734280278391861,7.403507016087092e-06,0.9061648924151005,0.029824305186664804
129,10,-3,22.84182389825159,22.98819952931275,звичайний твел UO₂,7,pivnichno_skhidna,tvz_z_12_tveh,11.04182389825159,2.55,10341,42685.936878512126,1285.3839807494448,0.00022051237402595958,6.645843947315683e-06,0.003728016223417005,5.161893670413914e-05,0.00034119045490498917,9.616064846993232e-06,1.208090337156913,0.03638641865848123
130,-9,6,1.8623584915735698,22.350699529312752,звичайний твел UO₂,7,pivnichno_skhidna,tvz_z_12_tveh,-9.937641508426431,1.9124999999999999,10346,33436.929453041004,787.1772404369729,0.00017263431769299725,4.069537272763243e-06,0.004846173326092795,5.128406912792658e-05,0.0003003233960367066,7.166715825583349e-06,0.9463264562139847,0.022286268197631433
131,-7,5,4.070723271223887,22.350699529312752,звичайний твел UO₂,7,pivnichno_skhidna,tvz_z_12_tveh,-7.729276728776114,1.9124999999999999,10351,33746.62771022138,1054.4501930882866,0.000174237297956228,5.4512453218784375e-06,0.004887452345563331,6.10133152325487e-05,0.00030512374226047316,9.407341387258789e-06,0.9550914851507699,0.029848736958316836
132,-5,4,6.279088050874206,22.350699529312752,твег UO₂-Gd₂O₃,7,pivnichno_skhidna,tvz_z_12_tveh,-5.520911949125795,1.9124999999999999,10356,11596.95716675694,256.48304678069366,5.973636893671181e-05,1.325925418354385e-06,0.004445409055853828,5.0880030804194604e-05,0.0007584505085618374,2.4220640046435172e-05,0.3282151668231116,0.007261786455315489
133,-3,3,8.487452830524523,22.350699529312752,звичайний твел UO₂,7,pivnichno_skhidna,tvz_z_12_tveh,-3.312547169475477,1.9124999999999999,10361,32901.11942126493,963.2194270593177,0.00016985936689268273,4.978861832302684e-06,0.004809900933235677,5.6450336479358716e-05,0.00030521958939159116,8.74788762017061e-06,0.9311620491685751,0.027266976469778503
134,-1,2,10.695817610174842,22.350699529312752,звичайний твел UO₂,7,pivnichno_skhidna,tvz_z_12_tveh,-1.104182389825159,1.9124999999999999,10366,36404.68019312737,1032.2968324079043,0.00018797615323573055,5.33780984086182e-06,0.004874818994932536,5.3487098650937264e-05,0.0003244614418894444,9.566182560723249e-06,1.0303192476195646,0.029222862206168786
135,1,1,12.90418238982516,22.350699529312752,звичайний твел UO₂,7,pivnichno_skhidna,tvz_z_12_tveh,1.104182389825159,1.9124999999999999,10371,33915.57258311234,978.3050270535588,0.0001751153524339101,5.057687780562027e-06,0.004749729336131656,5.756186012100884e-05,0.00029660952119412923,7.964676900874515e-06,0.9598729350468485,0.02769420858954708
136,3,0,15.112547169475478,22.350699529312752,звичайний твел UO₂,7,pivnichno_skhidna,tvz_z_12_tveh,3.312547169475477,1.9124999999999999,10376,31905.850718672817,1170.5443422064493,0.00016473578249216387,6.053191668651602e-06,0.004516272988954078,5.77725549997436e-05,0.00029328481765464277,1.1099494313810214e-05,0.902994118688373,0.03313327281964835
137,5,-1,17.320911949125794,22.350699529312752,звичайний твел UO₂,7,pivnichno_skhidna,tvz_z_12_tveh,5.520911949125795,1.9124999999999999,10381,30390.076336115024,915.4824421616415,0.00015689770374578671,4.733006108093301e-06,0.004314510661266973,5.73264885401303e-05,0.00027322913904838424,7.312007861086219e-06,0.8600949224006169,0.025915308108168104
138,7,-2,19.529276728776114,22.350699529312752,звичайний твел UO₂,7,pivnichno_skhidna,tvz_z_12_tveh,7.729276728776114,1.9124999999999999,10386,30567.052719048716,899.4424385521262,0.00015783397622004422,4.650258493305485e-06,0.004071061409854999,5.258122859942494e-05,0.0002654394750027699,7.60411508538823e-06,0.8651036787677474,0.025461509282343156
139,9,-3,21.73764150842643,22.350699529312752,звичайний твел UO₂,7,pivnichno_skhidna,tvz_z_12_tveh,9.937641508426431,1.9124999999999999,10391,34318.85843955562,894.439337091843,0.00017723233274063562,4.624523525663883e-06,0.0038232656500163113,4.887055375241451e-05,0.0002937541162155024,7.841966021125102e-06,0.9712866647646194,0.02532142079677652
140,-10,6,0.7581761017484112,21.71319952931275,звичайний твел UO₂,7,pivnichno_skhidna,tvz_z_12_tveh,-11.04182389825159,1.275,10396,37149.01694293207,1003.5659152181428,0.00019181545031904352,5.187924578844251e-06,0.0049770884041131554,6.027141510367748e-05,0.00033104317398357467,8.314923891389927e-06,1.051385343406313,0.02841021999825227
141,-8,5,2.9665408813987284,21.71319952931275,звичайний твел UO₂,7,pivnichno_skhidna,tvz_z_12_tveh,-8.833459118601272,1.275,10401,35310.592561152334,960.8286333067106,0.0001823120849750531,4.967720886308405e-06,0.004933921134422031,5.661227611164929e-05,0.00031744440752470594,8.232135227507338e-06,0.9993545601171263,0.02720025603680626
142,-6,4,5.1749056610490465,21.71319952931275,звичайний твел UO₂,7,pivnichno_skhidna,tvz_z_12_tveh,-6.625094338950954,1.275,10406,30591.180330302446,1001.3572137878243,0.0001579106908143265,5.177336549218906e-06,0.004942117487364216,5.56788034158637e-05,0.0002913959686078807,8.519833037805582e-06,0.8657865344374559,0.02834531872123339
143,-4,3,7.383270440699365,21.71319952931275,звичайний твел UO₂,7,pivnichno_skhidna,tvz_z_12_tveh,-4.416729559300636,1.275,10411,29594.6702124796,820.0668026408381,0.00015276621352079532,4.239449223306663e-06,0.004849614167258546,5.092381489296065e-05,0.0002804947796533771,7.059396557109486e-06,0.8375834696283782,0.02321519160023553
144,-2,2,9.591635220349684,21.71319952931275,звичайний твел UO₂,7,pivnichno_skhidna,tvz_z_12_tveh,-2.208364779650318,1.275,10416,34739.531277967966,1005.6239743681548,0.00017938126122462933,5.1995806064593675e-06,0.004863549650042565,6.103215950677862e-05,0.0003158463862101499,9.629645709829786e-06,0.9831924779751093,0.028467516875059787
145,0,1,11.8,21.71319952931275,звичайний твел UO₂,7,pivnichno_skhidna,tvz_z_12_tveh,0.0,1.275,10421,35486.7334556642,1013.3919820653093,0.00018322602037731164,5.239434002570154e-06,0.004908654749473381,6.362339235919796e-05,0.0003283174335844766,9.196491425125876e-06,1.0043396706288996,0.02868759682242927
146,2,0,14.008364779650318,21.71319952931275,звичайний твел UO₂,7,pivnichno_skhidna,tvz_z_12_tveh,2.208364779650318,1.275,10426,35312.33349823904,1163.0512124756626,0.00018233574473341632,6.0127043933663225e-06,0.0048841317570987725,6.163022475746102e-05,0.00031471123627107423,9.446531895116057e-06,0.9994038318310875,0.03292230236050871
147,4,-1,16.21672955930064,21.71319952931275,звичайний твел UO₂,7,pivnichno_skhidna,tvz_z_12_tveh,4.416729559300636,1.275,10431,31606.5870732475,966.0611134048817,0.00016318539737900732,4.994963268439811e-06,0.0045469584098958215,5.623517467566633e-05,0.00028522203332318743,8.176460009470033e-06,0.8945244084104975,0.02734691437720698
148,6,-2,18.425094338950956,21.71319952931275,звичайний твел UO₂,7,pivnichno_skhidna,tvz_z_12_tveh,6.625094338950954,1.275,10436,30738.240999301182,963.090769882062,0.00015870834791065412,4.979128434503937e-06,0.0043458990319743636,6.1013776451740644e-05,0.0002841084845693721,8.867858435199191e-06,0.8699486212085357,0.027262560461099483
149,8,-3,20.633459118601273,21.71319952931275,звичайний твел UO₂,7,pivnichno_skhidna,tvz_z_12_tveh,8.833459118601272,1.275,10441,32203.044893506143,1291.3360090863691,0.00016628982545701396,6.674904436034583e-06,0.004002027434694595,6.346686893487332e-05,0.00027908835677017545,9.697004637933792e-06,0.9114052591512687,0.03655153723905144
150,10,-4,22.84182389825159,21.71319952931275,звичайний твел UO₂,7,pivnichno_skhidna,tvz_z_12_tveh,11.04182389825159,1.275,10446,43999.06801738487,1182.978207271219,0.00022730646803396058,6.116118428017359e-06,0.0037416580789097135,5.506204798450493e-05,0.00034992937490022845,8.755846033908305e-06,1.2452543578227118,0.03348933535195321
151,-9,5,1.8623584915735698,21.07569952931275,звичайний твел UO₂,7,pivnichno_skhidna,tvz_z_12_tveh,-9.937641508426431,0.6375,10451,35983.883248829385,1020.1763750705036,0.00018577747577651953,5.2749524066925695e-06,0.005115153825726651,5.7662880435387e-05,0.000333035557099856,9.647746937891854e-06,1.0184099219847917,0.028879751755827583
152,-7,4,4.070723271223887,21.07569952931275,звичайний твел UO₂,7,pivnichno_skhidna,tvz_z_12_tveh,-7.729276728776114,0.6375,10456,35594.677542951846,954.8965609951524,0.00018377784244862246,4.938422556767915e-06,0.004999461341387738,5.2545898288289435e-05,0.000321687347263837,8.47909448879135e-06,1.0073946863633925,0.027032525714471112
153,-5,3,6.279088050874206,21.07569952931275,звичайний твел UO₂,7,pivnichno_skhidna,tvz_z_12_tveh,-5.520911949125795,0.6375,10461,31876.79543783032,933.9334607506354,0.00016456769423077547,4.827179260352681e-06,0.00498855675975591,5.557580659776194e-05,0.00029463534415594974,7.694494419844034e-06,0.9021718009276288,0.026437935552261593
154,-3,2,8.487452830524523,21.07569952931275,звичайний твел UO₂,7,pivnichno_skhidna,tvz_z_12_tveh,-3.312547169475477,0.6375,10466,35382.7376612999,949.2745560944594,0.00018269846729294755,4.90784079584265e-06,0.004988144002581645,5.568751867506717e-05,0.0003190788946740895,7.860855009631078e-06,1.001396398828774,0.02687336930378875
155,-1,1,10.695817610174842,21.07569952931275,звичайний твел UO₂,7,pivnichno_skhidna,tvz_z_12_tveh,-1.104182389825159,0.6375,10471,35890.902192548696,879.0569839974191,0.00018531420052407153,4.5447640593963685e-06,0.004947831362000852,6.068058471883577e-05,0.00033149582033056374,8.412148372835064e-06,1.0157783874831352,0.024886878304593
156,1,0,12.90418238982516,21.07569952931275,звичайний твел UO₂,7,pivnichno_skhidna,tvz_z_12_tveh,1.104182389825159,0.6375,10476,35247.475008080095,949.9942115005937,0.00018200474054358017,4.910327930287873e-06,0.004800555515095934,6.440118007887108e-05,0.00031773874349014475,8.559014707886219e-06,0.9975682175521597,0.026893676880276645
158,5,-2,17.320911949125794,21.07569952931275,звичайний твел UO₂,7,pivnichno_skhidna,tvz_z_12_tveh,5.520911949125795,0.6375,10484,30540.252113611397,941.7285545246611,0.0001576774359317431,4.868817440552886e-06,0.0044839727558859885,5.345414739390406e-05,0.0002772333781851413,8.112371943771983e-06,0.8643451724580246,0.02665802141221023
160,9,-4,21.73764150842643,21.07569952931275,звичайний твел UO₂,7,pivnichno_skhidna,tvz_z_12_tveh,9.937641508426431,0.6375,10492,34545.41592095908,987.3686741555373,0.000178401800663948,5.1050143164059525e-06,0.0038713997703440335,5.626199565048937e-05,0.0002938552565556807,8.33578775886914e-06,0.9776986571937211,0.02795090485824427
161,-10,5,0.7581761017484112,20.43819952931275,звичайний твел UO₂,7,pivnichno_skhidna,tvz_z_12_tveh,-11.04182389825159,0.0,10497,40134.5886142176,1152.8392099804541,0.00020725098033044488,5.96087755172583e-06,0.005222711685189861,5.552951006298407e-05,0.00034803282044461857,9.22128866994121e-06,1.1358824998640675,0.03263504812577383
162,-8,4,2.9665408813987284,20.43819952931275,звичайний твел UO₂,7,pivnichno_skhidna,tvz_z_12_tveh,-8.833459118601272,0.0,10502,37727.66830506622,963.9875788908538,0.0001947991302671531,4.9849263457833645e-06,0.005233201976648493,5.0849174929256885e-05,0.0003422998391879553,9.278997120951222e-06,1.0677622387094792,0.027290630680656555
163,-6,3,5.1749056610490465,20.43819952931275,звичайний твел UO₂,7,pivnichno_skhidna,tvz_z_12_tveh,-6.625094338950954,0.0,10507,36347.49662943534,980.2028757387283,0.00018765770257897935,5.067733095741716e-06,0.005237620633289687,5.830884117020298e-05,0.0003309292704644033,8.811872777331392e-06,1.0287008478422057,0.02774885482619734
164,-4,2,7.383270440699365,20.43819952931275,звичайний твел UO₂,7,pivnichno_skhidna,tvz_z_12_tveh,-4.416729559300636,0.0,10512,34629.831954821595,1106.1295105122122,0.00017879272075315558,5.718896266772437e-06,0.005165188973966847,5.875361505688338e-05,0.00031792793051593814,9.609652313036886e-06,0.9800877858451705,0.03131137894091477
165,-2,1,9.591635220349684,20.43819952931275,звичайний твел UO₂,7,pivnichno_skhidna,tvz_z_12_tveh,-2.208364779650318,0.0,10517,35840.034244214454,1154.792854674904,0.00018505045240812404,5.969500958297617e-06,0.0050553501466347305,6.359804262228355e-05,0.0003367252476669154,1.030450966686074e-05,1.0143387312087866,0.03268879373975796
167,2,-1,14.008364779650318,20.43819952931275,звичайний твел UO₂,7,pivnichno_skhidna,tvz_z_12_tveh,2.208364779650318,0.0,10525,34199.81726362419,1035.5872957299857,0.00017657958125701795,5.353852888940155e-06,0.0048137131293165625,6.222143121746855e-05,0.0003108348099907344,9.235609057225114e-06,0.9679175810597014,0.02931515046193587
168,4,-2,16.21672955930064,20.43819952931275,звичайний твел UO₂,7,pivnichno_skhidna,tvz_z_12_tveh,4.416729559300636,0.0,10530,32311.038227169476,995.8794135940375,0.00016682606138159015,5.147772548175466e-06,0.004593855495967643,6.228769159874673e-05,0.00029020018605004517,8.201128314973608e-06,0.9144616686485546,0.028190904341971794
169,6,-3,18.425094338950956,20.43819952931275,звичайний твел UO₂,7,pivnichno_skhidna,tvz_z_12_tveh,6.625094338950954,0.0,10535,30094.002135150637,995.2668939791876,0.00015537261510920546,5.1454683374344025e-06,0.00433201259173705,5.4763295743889926e-05,0.0002769371681661637,8.264666302907938e-06,0.8517154792532279,0.028172818011670722
170,8,-4,20.633459118601273,20.43819952931275,звичайний твел UO₂,7,pivnichno_skhidna,tvz_z_12_tveh,8.833459118601272,0.0,10540,34906.59670309444,1170.8474074899598,0.00018025951300572107,6.0533734524858405e-06,0.004154868643250534,5.0719667659211785e-05,0.00029909229586183247,9.273201974038266e-06,0.987920736050895,0.03314277818980481
171,10,-5,22.84182389825159,20.43819952931275,звичайний твел UO₂,7,pivnichno_skhidna,tvz_z_12_tveh,11.04182389825159,0.0,10545,44492.7164802217,1202.1928594656183,0.00022985545461143568,6.214782282039492e-06,0.0037880798859204873,5.218356605582268e-05,0.0003608351232442676,9.579467339292733e-06,1.2592255151057972,0.034033200531201714
172,-9,4,1.8623584915735698,19.80069952931275,звичайний твел UO₂,7,pivnichno_skhidna,tvz_z_12_tveh,-9.937641508426431,-0.6375,10550,37999.07543150677,1015.7671324930348,0.00019618940186793041,5.251156546695269e-06,0.005346218513751115,6.308063129962605e-05,0.00033747036694744544,9.1607482382315e-06,1.0754435583867663,0.028755788475786838
174,-5,2,6.279088050874206,19.80069952931275,звичайний твел UO₂,7,pivnichno_skhidna,tvz_z_12_tveh,-5.520911949125795,-0.6375,10558,35158.23810902752,1003.3686624200654,0.00018151362701836096,5.187633102085708e-06,0.005210703816752157,5.6325401324732005e-05,0.00031521775783122617,8.787303891179654e-06,0.9950426495701313,0.02840386033180741
176,-1,0,10.695817610174842,19.80069952931275,звичайний твел UO₂,7,pivnichno_skhidna,tvz_z_12_tveh,-1.104182389825159,-0.6375,10566,36392.563650322925,1071.430395153685,0.00018790380659593575,5.539202815354026e-06,0.005031816204217852,6.346585699361903e-05,0.00032843762835988924,9.730014165737382e-06,1.0299763272258184,0.03033015493428334
177,1,-1,12.90418238982516,19.80069952931275,звичайний твел UO₂,7,pivnichno_skhidna,tvz_z_12_tveh,1.104182389825159,-0.6375,10571,35190.72026523891,986.8492342855192,0.00018170140425117755,5.1015629374368125e-06,0.004959260094975579,6.107215598768689e-05,0.0003204686759185849,9.166529067104463e-06,0.9959619541917138,0.027936454665746503
178,3,-2,15.112547169475478,19.80069952931275,звичайний твел UO₂,7,pivnichno_skhidna,tvz_z_12_tveh,3.312547169475477,-0.6375,10576,33437.7190019648,977.0248308370304,0.0001726471272573935,5.0520025362237945e-06,0.0047056822231719775,6.0307211889484356e-05,0.0003069534447285592,9.245832066597376e-06,0.9463488018972541,0.02765780628260247
179,5,-3,17.320911949125794,19.80069952931275,звичайний твел UO₂,7,pivnichno_skhidna,tvz_z_12_tveh,5.520911949125795,-0.6375,10581,29617.18536282446,931.4556600009261,0.0001528968832447959,4.816272712394651e-06,0.004430563199480409,5.3171089240909695e-05,0.0002650961565802268,7.161447540297205e-06,0.8382206896956963,0.02636701539646368
180,7,-4,19.529276728776114,19.80069952931275,звичайний твел UO₂,7,pivnichno_skhidna,tvz_z_12_tveh,7.729276728776114,-0.6375,10586,31996.591852924652,863.2191155575211,0.00016520523381667325,4.463868901898018e-06,0.004257614006126074,4.924624634166575e-05,0.0002816790490927861,7.001481971579021e-06,0.905562259286629,0.02443712154151362
181,9,-5,21.73764150842643,19.80069952931275,звичайний твел UO₂,7,pivnichno_skhidna,tvz_z_12_tveh,9.937641508426431,-0.6375,10591,34497.04840797383,1157.595686983194,0.0001781567461753338,5.985071032107451e-06,0.003909145639204001,5.584231202522261e-05,0.00028592934494449395,9.417161760300528e-06,0.9763297678277434,0.032767661575104585
182,-10,4,0.7581761017484112,19.163199529312752,звичайний твел UO₂,7,pivnichno_skhidna,tvz_z_12_tveh,-11.04182389825159,-1.275,10596,40586.09413169995,1095.3679925582262,0.00020956962001654334,5.66375188444124e-06,0.005488429232471184,6.29147078656787e-05,0.00036742202945967396,9.936668270888878e-06,1.1486609344664491,0.031009085543685404
183,-8,3,2.9665408813987284,19.163199529312752,звичайний твел UO₂,7,pivnichno_skhidna,tvz_z_12_tveh,-8.833459118601272,-1.275,10601,39086.95215678485,1062.2310578771535,0.00020182025631942853,5.491192467473752e-06,0.00548731007867294,6.0763983878932686e-05,0.0003475540375628641,9.146553589398e-06,1.1062324658334235,0.030070893853419052
184,-6,2,5.1749056610490465,19.163199529312752,звичайний твел UO₂,7,pivnichno_skhidna,tvz_z_12_tveh,-6.625094338950954,-1.275,10606,38057.28632421366,1091.66544883881,0.00019650842612800427,5.6445942171118835e-06,0.005387820218903475,5.681748798676401e-05,0.0003489359104609792,1.0195364008566841e-05,1.0770910334602695,0.030903335855196685
185,-4,1,7.383270440699365,19.163199529312752,звичайний твел UO₂,7,pivnichno_skhidna,tvz_z_12_tveh,-4.416729559300636,-1.275,10611,35416.64426734967,941.5946845322976,0.00018285185866332587,4.867377934594864e-06,0.005242093722897896,5.498136419597896e-05,0.00032926767194952435,9.024315630882293e-06,1.0023560179944748,0.02665608704452902
186,-2,0,9.591635220349684,19.163199529312752,звичайний твел UO₂,7,pivnichno_skhidna,tvz_z_12_tveh,-2.208364779650318,-1.275,10616,38636.440091495206,1022.8621253068196,0.00019950399506029985,5.2877692743673876e-06,0.005326906546026117,6.136156560964141e-05,0.00034761663486753785,8.032632563388035e-06,1.093482147750959,0.02895679542097851
187,0,-1,11.8,19.163199529312752,звичайний твел UO₂,7,pivnichno_skhidna,tvz_z_12_tveh,0.0,-1.275,10621,37876.66959463322,1137.177792000038,0.00019558403107102558,5.879428140664134e-06,0.005095818822874194,4.852586932283854e-05,0.00034183716057166236,8.921229977583784e-06,1.0719792486034432,0.032191065107203876
188,2,-2,14.008364779650318,19.163199529312752,звичайний твел UO₂,7,pivnichno_skhidna,tvz_z_12_tveh,2.208364779650318,-1.275,10626,35668.382231520955,824.7627917225869,0.00018416683536348537,4.263838109054395e-06,0.004939037902543498,5.798585313763888e-05,0.0003174457811877106,7.35034781373804e-06,1.0094806642890246,0.023350671625725718
189,4,-3,16.21672955930064,19.163199529312752,звичайний твел UO₂,7,pivnichno_skhidna,tvz_z_12_tveh,4.416729559300636,-1.275,10631,29827.501639825376,903.805828918367,0.00015397744740268553,4.673770984015277e-06,0.004585742392066518,5.528241584415594e-05,0.00027995666980969,9.490763852189358e-06,0.8441730262395739,0.025584705841187723
190,6,-4,18.425094338950956,19.163199529312752,звичайний твел UO₂,7,pivnichno_skhidna,tvz_z_12_tveh,6.625094338950954,-1.275,10636,28972.819340530983,845.2584576536632,0.00014956973284738405,4.369797670521358e-06,0.004263661369613309,4.881986734309581e-05,0.0002674286073597932,7.954267326238074e-06,0.8199839489316237,0.02392775512807395
191,8,-5,20.633459118601273,19.163199529312752,звичайний твел UO₂,7,pivnichno_skhidna,tvz_z_12_tveh,8.833459118601272,-1.275,10641,32736.958340319055,1009.6070404829952,0.00016903906720199988,5.220295125554179e-06,0.004100822910589877,5.397474043052548e-05,0.0002758300384740922,7.536350851341233e-06,0.9265159893622182,0.028579492945764094
192,10,-6,22.84182389825159,19.163199529312752,звичайний твел UO₂,7,pivnichno_skhidna,tvz_z_12_tveh,11.04182389825159,-1.275,10646,44794.32901795545,1232.3221116733735,0.00023141630636692399,6.3710529278024755e-06,0.0038340409899143765,5.3580420994947107e-05,0.00036506769098865486,9.67193914535947e-06,1.2677617033459325,0.034885813798623176
193,-9,3,1.8623584915735698,18.52569952931275,звичайний твел UO₂,7,pivnichno_skhidna,tvz_z_12_tveh,-9.937641508426431,-1.9124999999999999,10651,39253.87188423406,1177.4984765044408,0.00020267443978371592,6.087261184319232e-06,0.0055597347234411475,6.134004127724858e-05,0.0003517107381095152,9.6906667307401e-06,1.110956600397605,0.03333246961022286
194,-7,2,4.070723271223887,18.52569952931275,звичайний твел UO₂,7,pivnichno_skhidna,tvz_z_12_tveh,-7.729276728776114,-1.9124999999999999,10656,39182.255455804785,1093.0413527780227,0.00020231444693820426,5.650314260167821e-06,0.005498398814435513,6.228445446191252e-05,0.00035785709631372175,9.531878699116938e-06,1.1089297240656333,0.030942698791069593
195,-5,1,6.279088050874206,18.52569952931275,звичайний твел UO₂,7,pivnichno_skhidna,tvz_z_12_tveh,-5.520911949125795,-1.9124999999999999,10661,37014.91315610663,954.0967852768192,0.00019109913137713063,4.933272708499359e-06,0.005436318615443167,5.376518519761171e-05,0.00034379955949666026,9.3557967549048e-06,1.0475899601750382,0.027010483135949392
196,-3,0,8.487452830524523,18.52569952931275,звичайний твел UO₂,7,pivnichno_skhidna,tvz_z_12_tveh,-3.312547169475477,-1.9124999999999999,10666,37002.00839233098,952.2670033818018,0.0001910594369122582,4.922900435098128e-06,0.00534960231629453,5.980125456669301e-05,0.00033311910751327004,7.884045191359397e-06,1.0472247316815175,0.026958706478825038
197,-1,-1,10.695817610174842,18.52569952931275,звичайний твел UO₂,7,pivnichno_skhidna,tvz_z_12_tveh,-1.104182389825159,-1.9124999999999999,10671,38195.088060604045,904.4825749484932,0.00019721329684358033,4.675468946655127e-06,0.005261117563434378,5.522676964049001e-05,0.00034471746368437635,8.181241869194383e-06,1.0809910754495193,0.025607269802066505
198,1,-2,12.90418238982516,18.52569952931275,звичайний твел UO₂,7,pivnichno_skhidna,tvz_z_12_tveh,1.104182389825159,-1.9124999999999999,10676,34357.443507362186,1142.3714199295287,0.000177391226394841,5.905492143697983e-06,0.005009589927027547,6.614257279951197e-05,0.0003124811016730895,9.557430023261229e-06,0.9723786929824451,0.032336815563626393
199,3,-3,15.112547169475478,18.52569952931275,звичайний твел UO₂,7,pivnichno_skhidna,tvz_z_12_tveh,3.312547169475477,-1.9124999999999999,10681,32871.566978036164,887.2211526077247,0.00016971849780651627,4.587421401287116e-06,0.0047786902917346784,5.386166461505826e-05,0.0003048556839618049,7.707487607173533e-06,0.9303256608000673,0.025116596292485447
200,5,-4,17.320911949125794,18.52569952931275,твег UO₂-Gd₂O₃,7,pivnichno_skhidna,tvz_z_12_tveh,5.520911949125795,-1.9124999999999999,10686,11358.471690077153,305.1215226276977,5.852367723591889e-05,1.5768665673061275e-06,0.004080150160140062,5.159788841188407e-05,0.0007663122116422845,2.6686923742369192e-05,0.32146559024127147,0.008637793732304997
201,7,-5,19.529276728776114,18.52569952931275,звичайний твел UO₂,7,pivnichno_skhidna,tvz_z_12_tveh,7.729276728776114,-1.9124999999999999,10691,31123.804676079555,819.9743440889883,0.00016069849095132416,4.23954781781069e-06,0.0043590366203392775,4.795765227720054e-05,0.00027606931793440487,7.386618538515053e-06,0.8808607807237488,0.023213189953464382
202,9,-6,21.73764150842643,18.52569952931275,звичайний твел UO₂,7,pivnichno_skhidna,tvz_z_12_tveh,9.937641508426431,-1.9124999999999999,10696,35793.80085013316,1191.8739733178406,0.00018485733562598192,6.161776893676085e-06,0.0039695627731697785,5.1918582152509534e-05,0.0003019383016288017,9.198561688393533e-06,1.013030241323639,0.03373805456751415
203,-10,3,0.7581761017484112,17.88819952931275,звичайний твел UO₂,7,pivnichno_skhidna,tvz_z_12_tveh,-11.04182389825159,-2.55,10701,39738.790295621366,1163.5930575081356,0.0002051856379091481,6.016854051801003e-06,0.005545387500135676,5.7502573210556365e-05,0.0003694046487847028,1.0968965826592025e-05,1.1246806812060877,0.0329391842380022
204,-8,2,2.9665408813987284,17.88819952931275,звичайний твел UO₂,7,pivnichno_skhidna,tvz_z_12_tveh,-8.833459118601272,-2.55,10706,38873.2455064681,1049.2064192713447,0.00020070150680552023,5.42454896088617e-06,0.005709584872207436,6.549303072289327e-05,0.00035770170010491966,9.55997719004673e-06,1.1001841755037856,0.029702283388680424
205,-6,1,5.1749056610490465,17.88819952931275,звичайний твел UO₂,7,pivnichno_skhidna,tvz_z_12_tveh,-6.625094338950954,-2.55,10711,37878.70306397338,982.8985068709078,0.00019556407229751207,5.081306481515106e-06,0.005511786134973,5.840440917760018e-05,0.0003467945288988998,8.555659362197564e-06,1.0720367995169384,0.027825753551048726
206,-4,0,7.383270440699365,17.88819952931275,звичайний твел UO₂,7,pivnichno_skhidna,tvz_z_12_tveh,-4.416729559300636,-2.55,10716,33303.49384874749,808.2570378540233,0.00017192020294757654,4.179453815497609e-06,0.005402096321031802,5.5861801216354275e-05,0.0003232511310317963,7.864736449863453e-06,0.9425499837743967,0.02288260439712972
207,-2,-1,9.591635220349684,17.88819952931275,звичайний твел UO₂,7,pivnichno_skhidna,tvz_z_12_tveh,-2.208364779650318,-2.55,10721,36856.71282278876,858.7476432114701,0.0001902914218006953,4.43940607462744e-06,0.005394015680307349,6.242730676439746e-05,0.00033881111256949133,7.55286933308933e-06,1.0431126004637996,0.024312718657375137
208,0,-2,11.8,17.88819952931275,звичайний твел UO₂,7,pivnichno_skhidna,tvz_z_12_tveh,0.0,-2.55,10726,35908.13271353115,961.8749523585766,0.00018539843316626043,4.9730467937359915e-06,0.005202318699750601,5.812039755392603e-05,0.00032682096819432085,9.325029862499888e-06,1.016266042842846,0.027230101209349888
210,4,-4,16.21672955930064,17.88819952931275,звичайний твел UO₂,7,pivnichno_skhidna,tvz_z_12_tveh,4.416729559300636,-2.55,10734,30475.177221096452,944.055098136347,0.000157332889678399,4.881111364527824e-06,0.004677690834636757,5.4071780092227595e-05,0.00028546256655294003,8.305948923725364e-06,0.86250343359535,0.026723830796406355
211,6,-5,18.425094338950956,17.88819952931275,звичайний твел UO₂,7,pivnichno_skhidna,tvz_z_12_tveh,6.625094338950954,-2.55,10739,30640.40585290066,913.1791536326341,0.00015819759382381795,4.7204608002931065e-06,0.004393222863954901,5.331296371708247e-05,0.0002943661995799158,8.81348349348018e-06,0.8671797070498236,0.025850225414373113
212,8,-6,20.633459118601273,17.88819952931275,звичайний твел UO₂,7,pivnichno_skhidna,tvz_z_12_tveh,8.833459118601272,-2.55,10744,32695.34598930185,1037.4476118720609,0.00016883746359342696,5.363784692407248e-06,0.004186116772910333,4.9069849579607146e-05,0.00028465513254440897,8.342823578260491e-06,0.9253382834748357,0.029367263381849723
213,10,-7,22.84182389825159,17.88819952931275,звичайний твел UO₂,7,pivnichno_skhidna,tvz_z_12_tveh,11.04182389825159,-2.55,10749,44502.67613929209,1166.0094086221907,0.00022990214599775494,6.028705757777662e-06,0.0038914088096331954,4.427170359332916e-05,0.00035519108589240347,8.639781122044091e-06,1.2595073917322503,0.03300942385228928
214,-9,2,1.8623584915735698,17.25069952931275,звичайний твел UO₂,7,pivnichno_skhidna,tvz_z_12_tveh,-9.937641508426431,-3.1875,10754,38676.73141638569,1036.2223022636117,0.0001996792767576184,5.357012083861729e-06,0.005678409406171509,5.4573020932536284e-05,0.00035901360239998947,9.04083455111895e-06,1.0946224661750337,0.02933482716376464
215,-7,1,4.070723271223887,17.25069952931275,звичайний твел UO₂,7,pivnichno_skhidna,tvz_z_12_tveh,-7.729276728776114,-3.1875,10759,39746.237949910406,1059.8263192242457,0.00020521303431261697,5.4790925097931045e-06,0.005641058721445486,5.8520061051406276e-05,0.00035997718244277577,9.15213508199798e-06,1.124891463488006,0.030003119156243273
216,-5,0,6.279088050874206,17.25069952931275,звичайний твел UO₂,7,pivnichno_skhidna,tvz_z_12_tveh,-5.520911949125795,-3.1875,10764,36795.04215905142,971.8229992527345,0.00018996701644518555,5.024882459430118e-06,0.005478246692396906,5.8629602033581425e-05,0.00034852086074126375,1.1309481234200089e-05,1.0413672075218765,0.027511934786202327
217,-3,-1,8.487452830524523,17.25069952931275,звичайний твел UO₂,7,pivnichno_skhidna,tvz_z_12_tveh,-3.312547169475477,-3.1875,10769,35432.055624927576,1024.9921704725875,0.00018291970638619547,5.3007017452623725e-06,0.005445631573046611,6.256381787802998e-05,0.0003354421050683146,9.939997832964823e-06,1.0027921876918935,0.0290158065998213
219,1,-3,12.90418238982516,17.25069952931275,звичайний твел UO₂,7,pivnichno_skhidna,tvz_z_12_tveh,1.104182389825159,-3.1875,10777,36814.77678116349,840.1689944548214,0.0001900903200523845,4.343787645586779e-06,0.00515916563985553,5.7916745573835525e-05,0.0003383175751892182,7.337536865313248e-06,1.0419257335382759,0.023787078618912334
220,3,-4,15.112547169475478,17.25069952931275,звичайний твел UO₂,7,pivnichno_skhidna,tvz_z_12_tveh,3.312547169475477,-3.1875,10782,33212.33395558194,1015.4951887189167,0.0001714669573900902,5.250181201393172e-06,0.0049146647823784225,5.704206428610676e-05,0.0003014860747974999,8.475296523492122e-06,0.9399699915305111,0.0287462724844218
221,5,-5,17.320911949125794,17.25069952931275,звичайний твел UO₂,7,pivnichno_skhidna,tvz_z_12_tveh,5.520911949125795,-3.1875,10787,30579.63605108838,886.8144046514012,0.00015786649321195733,4.584407038033714e-06,0.004573533764143462,4.992084899153408e-05,0.00027661538079467,6.830376546690773e-06,0.8654598101533515,0.02510419772470294
222,7,-6,19.529276728776114,17.25069952931275,звичайний твел UO₂,7,pivnichno_skhidna,tvz_z_12_tveh,7.729276728776114,-3.1875,10792,30875.41747188979,1030.207817377445,0.00015941808647384594,5.326424313867709e-06,0.004330387567095491,5.862784908031789e-05,0.00028055242659925754,9.050985924778404e-06,0.8738309670849124,0.029161793754304357
223,9,-7,21.73764150842643,17.25069952931275,звичайний твел UO₂,7,pivnichno_skhidna,tvz_z_12_tveh,9.937641508426431,-3.1875,10797,36165.19113868903,1036.5406843786682,0.00018676490759405052,5.358937528056664e-06,0.004107967001570939,5.185253306758642e-05,0.0003096509617626937,8.534638648647902e-06,1.0235412679457143,0.029342851494820025
224,-10,2,0.7581761017484112,16.61319952931275,звичайний твел UO₂,7,pivnichno_skhidna,tvz_z_12_tveh,-11.04182389825159,-3.8249999999999997,10802,40342.23067668825,956.3757704841008,0.00020829897964686218,4.9441089686630076e-06,0.005704428276688503,6.324281749261817e-05,0.00037255208573498786,8.153874343504805e-06,1.1417591512298806,0.027076424398844546
225,-8,1,2.9665408813987284,16.61319952931275,звичайний твел UO₂,7,pivnichno_skhidna,tvz_z_12_tveh,-8.833459118601272,-3.8249999999999997,10807,37379.55269579769,1044.9898736899809,0.00019296869599689273,5.402140371051765e-06,0.005674457690512347,6.451030932521844e-05,0.00034275790428240776,7.93570866730544e-06,1.0579099282174373,0.029582387482420473
227,-4,-1,7.383270440699365,16.61319952931275,твег UO₂-Gd₂O₃,7,pivnichno_skhidna,tvz_z_12_tveh,-4.416729559300636,-3.8249999999999997,10815,13617.431683454293,266.57338132655906,7.015580261648839e-05,1.3770693945961507e-06,0.005021979058228916,5.335411570653282e-05,0.0008841939593711471,2.635086708206464e-05,0.3853983029702908,0.007548290647817347
228,-2,-2,9.591635220349684,16.61319952931275,звичайний твел UO₂,7,pivnichno_skhidna,tvz_z_12_tveh,-2.208364779650318,-3.8249999999999997,10820,37057.78810003498,1033.5357395273966,0.00019132506781097382,5.341985924680876e-06,0.005480121681219283,6.845851414443113e-05,0.00033924149866874405,9.666788853710885e-06,1.0488033997585104,0.029258169114333852
229,0,-3,11.8,16.61319952931275,звичайний твел UO₂,7,pivnichno_skhidna,tvz_z_12_tveh,0.0,-3.8249999999999997,10825,36997.882439967085,953.8320886771669,0.00019103033674878304,4.931216032068415e-06,0.005392554174975232,5.64746554073954e-05,0.0003417270328798007,8.888546193782474e-06,1.0471079596589992,0.02700298672770824
230,2,-4,14.008364779650318,16.61319952931275,звичайний твел UO₂,7,pivnichno_skhidna,tvz_z_12_tveh,2.208364779650318,-3.8249999999999997,10830,35805.16606901147,1039.4303459989294,0.00018487384310374863,5.375440468136726e-06,0.005129919402612828,6.0896784753204484e-05,0.00032777137948600894,9.08174241514967e-06,1.0133518978716878,0.02942447991021286
231,4,-5,16.21672955930064,16.61319952931275,звичайний твел UO₂,7,pivnichno_skhidna,tvz_z_12_tveh,4.416729559300636,-3.8249999999999997,10835,33431.535798757,1055.795160455029,0.0001726075953654868,5.457834741192537e-06,0.004805170788745813,4.870364388131025e-05,0.00031118414338522177,8.85108352990882e-06,0.9461738059010488,0.029886685735801128
233,8,-7,20.633459118601273,16.61319952931275,звичайний твел UO₂,7,pivnichno_skhidna,tvz_z_12_tveh,8.833459118601272,-3.8249999999999997,10843,28855.080239578405,858.8316565205652,0.00014897409613051177,4.439491448536095e-06,0.004162593896444015,5.476947488740955e-05,0.00026086202985389594,7.4519002708566765e-06,0.8166517163377562,0.024311773375917268
234,10,-8,22.84182389825159,16.61319952931275,звичайний твел UO₂,7,pivnichno_skhidna,tvz_z_12_tveh,11.04182389825159,-3.8249999999999997,10848,45603.419283693795,1328.4628521388468,0.00023558663894535247,6.868536912489149e-06,0.003978309977464859,5.2156261727422775e-05,0.00037611492441343305,1.0743402544734418e-05,1.290660442448418,0.03760643255375807
235,-9,1,1.8623584915735698,15.975699529312752,звичайний твел UO₂,7,pivnichno_skhidna,tvz_z_12_tveh,-9.937641508426431,-4.4624999999999995,10853,36977.716853781574,873.5123726017,0.00019090368101399294,4.517340691836508e-06,0.005600199033586686,5.182074018624849e-05,0.00036221372049295947,8.866744962910307e-06,1.0465372365685548,0.02473049803398732
236,-7,0,4.070723271223887,15.975699529312752,звичайний твел UO₂,7,pivnichno_skhidna,tvz_z_12_tveh,-7.729276728776114,-4.4624999999999995,10858,37029.46193478111,1007.9374645983365,0.00019115890964141628,5.211446954595727e-06,0.005631371260619367,5.464175857966084e-05,0.00034346738313177524,7.803215691971912e-06,1.0480017173067628,0.028533862761320288
237,-5,-1,6.279088050874206,15.975699529312752,звичайний твел UO₂,7,pivnichno_skhidna,tvz_z_12_tveh,-5.520911949125795,-4.4624999999999995,10863,36674.985171543456,951.921220832907,0.00018933750851675004,4.921283195411095e-06,0.005621661669536417,6.0742551903841905e-05,0.000341544428779631,8.629707198535421e-06,1.037969374485452,0.02694878568557159
238,-3,-2,8.487452830524523,15.975699529312752,звичайний твел UO₂,7,pivnichno_skhidna,tvz_z_12_tveh,-3.312547169475477,-4.4624999999999995,10868,35890.76565382225,936.8140361595839,0.0001852908903526359,4.842531901491782e-06,0.005516744143832469,5.587976942961688e-05,0.0003368550756910907,8.069269350796773e-06,1.0157745231866449,0.026521018639073628
239,-1,-3,10.695817610174842,15.975699529312752,звичайний твел UO₂,7,pivnichno_skhidna,tvz_z_12_tveh,-1.104182389825159,-4.4624999999999995,10873,38408.484972379556,961.6008721419407,0.00019830674860489973,4.972342958225043e-06,0.005507882559849302,6.309459385754578e-05,0.00035704787743218695,8.641415794815647e-06,1.0870305996101077,0.02722339488512494
240,1,-4,12.90418238982516,15.975699529312752,звичайний твел UO₂,7,pivnichno_skhidna,tvz_z_12_tveh,1.104182389825159,-4.4624999999999995,10878,32243.052529924647,969.6717618387815,0.00016645199910587247,5.012283039415345e-06,0.005173907213496836,5.972999432778225e-05,0.0003011378592515555,7.802239286665858e-06,0.9125375486710522,0.027449308890872787
241,3,-5,15.112547169475478,15.975699529312752,звичайний твел UO₂,7,pivnichno_skhidna,tvz_z_12_tveh,3.312547169475477,-4.4624999999999995,10883,33034.98961008631,937.7319993121782,0.0001705426881010303,4.846851701089643e-06,0.005062938808666271,5.567037467203263e-05,0.00030367806192465945,7.891390628780148e-06,0.9349508211477113,0.026545852318352867
242,5,-6,17.320911949125794,15.975699529312752,звичайний твел UO₂,7,pivnichno_skhidna,tvz_z_12_tveh,5.520911949125795,-4.4624999999999995,10888,33052.63580661051,926.97974214136,0.0001706429215894457,4.792246030312158e-06,0.0047256743356018805,5.298645697999189e-05,0.00029935630229202585,7.941110987388361e-06,0.9354502408879675,0.026241623782655675
243,7,-7,19.529276728776114,15.975699529312752,звичайний твел UO₂,7,pivnichno_skhidna,tvz_z_12_tveh,7.729276728776114,-4.4624999999999995,10893,30688.297079172204,912.6469749473576,0.00015844505722512251,4.717867530847533e-06,0.0043537629014144714,5.11462881475913e-05,0.00027668324748500054,8.031404274982704e-06,0.8685351166278753,0.02583518449850899
244,9,-8,21.73764150842643,15.975699529312752,звичайний твел UO₂,7,pivnichno_skhidna,tvz_z_12_tveh,9.937641508426431,-4.4624999999999995,10898,34999.520870873464,950.9041227674355,0.00018074213876443783,4.916239280448352e-06,0.004081909842525229,5.677145729384192e-05,0.00028868269934433034,6.823255927746156e-06,0.9905506605035712,0.02691932285017646
245,-10,1,0.7581761017484112,15.338199529312751,звичайний твел UO₂,7,pivnichno_skhidna,tvz_z_12_tveh,-11.04182389825159,-5.1,10903,40972.619856727826,980.5891109836225,0.00021155476959155593,5.07080079482696e-06,0.005758226059614809,6.713642661657464e-05,0.00038345412857864006,7.764409670445476e-06,1.1596003217123645,0.027761762043845818
246,-8,0,2.9665408813987284,15.338199529312751,твег UO₂-Gd₂O₃,7,pivnichno_skhidna,tvz_z_12_tveh,-8.833459118601272,-5.1,10908,14005.979592879305,245.351795342627,7.215286864724747e-05,1.2679765649297731e-06,0.005211895233105292,5.238417138726704e-05,0.0009194635140615851,2.687784351940897e-05,0.39639492174510726,0.006948244443887006
247,-6,-1,5.1749056610490465,15.338199529312751,звичайний твел UO₂,7,pivnichno_skhidna,tvz_z_12_tveh,-6.625094338950954,-5.1,10913,38934.908214136034,980.2922931297504,0.00020101872114980355,5.069759649680028e-06,0.005772238468457498,5.391050462513884e-05,0.00036141605826484183,9.293314446878733e-06,1.1019293432743462,0.027752463068104825
248,-4,-2,7.383270440699365,15.338199529312751,звичайний твел UO₂,7,pivnichno_skhidna,tvz_z_12_tveh,-4.416729559300636,-5.1,10918,35997.077694566295,1019.0227898055197,0.00018583995107681166,5.266935973180797e-06,0.005664560255362667,7.086015971581032e-05,0.00034566538246413685,9.39082983259039e-06,1.0187833490093472,0.02884711603004071
249,-2,-3,9.591635220349684,15.338199529312751,звичайний твел UO₂,7,pivnichno_skhidna,tvz_z_12_tveh,-2.208364779650318,-5.1,10923,38571.802219947414,1003.370266261926,0.00019913713976224033,5.186925030350681e-06,0.0056909306234034784,6.705582725159986e-05,0.0003585108321735197,8.828491796702874e-06,1.0916527773835352,0.028405266877465158
250,0,-4,11.8,15.338199529312751,звичайний твел UO₂,7,pivnichno_skhidna,tvz_z_12_tveh,0.0,-5.1,10928,34156.631277074164,893.88970041694,0.0001763340608157376,4.621127335019709e-06,0.005434180035473762,5.795100113846938e-05,0.000323577424080261,8.348099099412594e-06,0.9666953383993104,0.025305802028405773
251,2,-5,14.008364779650318,15.338199529312751,звичайний твел UO₂,7,pivnichno_skhidna,tvz_z_12_tveh,2.208364779650318,-5.1,10933,32460.310273729716,943.3713344282784,0.00016756905125243666,4.8768249890049945e-06,0.005117593427279291,5.812848326154779e-05,0.00030338880696903297,8.624883207087222e-06,0.9186863414622335,0.026705201588375933
252,4,-6,16.21672955930064,15.338199529312751,звичайний твел UO₂,7,pivnichno_skhidna,tvz_z_12_tveh,4.416729559300636,-5.1,10938,33477.94277943721,790.4956187151056,0.00017284035808040894,4.087723295089449e-06,0.004899320528973809,5.635652642551984e-05,0.0003024843936994875,7.363568842451904e-06,0.9474872086054558,0.022380170884029296
253,6,-7,18.425094338950956,15.338199529312751,звичайний твел UO₂,7,pivnichno_skhidna,tvz_z_12_tveh,6.625094338950954,-5.1,10943,32276.92264849971,863.3992081214147,0.00016664328680488072,4.463858630421047e-06,0.004615400749985973,4.962974492774711e-05,0.00029237516699496456,7.17826900034697e-06,0.9134961351742686,0.024442330391362087
254,8,-8,20.633459118601273,15.338199529312751,твег UO₂-Gd₂O₃,7,pivnichno_skhidna,tvz_z_12_tveh,8.833459118601272,-5.1,10948,10993.387551347472,254.14943087764024,5.6642483165379116e-05,1.3129606416339692e-06,0.003692890327815348,4.440105972163173e-05,0.000831384279284154,2.4636334124406564e-05,0.31113303923029423,0.007195475870774185
255,10,-9,22.84182389825159,15.338199529312751,звичайний твел UO₂,7,pivnichno_skhidna,tvz_z_12_tveh,11.04182389825159,-5.1,10953,42738.29278310335,1102.7730237746068,0.00022077100765679152,5.700847961630802e-06,0.0040644227273224105,5.364303145871461e-05,0.0003502332248895949,8.302186847618906e-06,1.2095721053235526,0.03121948915736207
256,-9,0,1.8623584915735698,14.70069952931275,звичайний твел UO₂,7,pivnichno_skhidna,tvz_z_12_tveh,-9.937641508426431,-5.7375,10958,40759.6865198394,1183.6536329348858,0.0002104382675756438,6.119233704178138e-06,0.005880568586679408,5.706528775413832e-05,0.0003648971886618621,9.503375669283464e-06,1.1535739175716841,0.03350718729871172
257,-7,-1,4.070723271223887,14.70069952931275,звичайний твел UO₂,7,pivnichno_skhidna,tvz_z_12_tveh,-7.729276728776114,-5.7375,10963,38165.704176244515,990.9455163936126,0.0001970270316840735,5.124220023435463e-06,0.005908274371227309,5.9040983197173264e-05,0.0003619103739290453,9.767264435745593e-06,1.0801594576062958,0.02805355388224861
258,-5,-2,6.279088050874206,14.70069952931275,звичайний твел UO₂,7,pivnichno_skhidna,tvz_z_12_tveh,-5.520911949125795,-5.7375,10968,39903.65381224638,917.748906360625,0.00020602735722998077,4.7451473632177125e-06,0.005778360849636683,6.508300256050315e-05,0.0003589444772514554,7.924333725900016e-06,1.1293466212310481,0.02598339375385177
259,-3,-3,8.487452830524523,14.70069952931275,звичайний твел UO₂,7,pivnichno_skhidna,tvz_z_12_tveh,-3.312547169475477,-5.7375,10973,40434.106207658406,1089.9422916864123,0.00020875974936277532,5.635019405536487e-06,0.005789943192174771,6.0581373510590026e-05,0.00037284718815704544,1.0568254130501739e-05,1.144359397336745,0.03085550756256591
260,-1,-4,10.695817610174842,14.70069952931275,звичайний твел UO₂,7,pivnichno_skhidna,tvz_z_12_tveh,-1.104182389825159,-5.7375,10978,36767.69024031088,986.2029389374272,0.00018983067556451545,5.098306569260131e-06,0.00552052515353999,5.6993492407421954e-05,0.0003324058868433215,8.506921924516344e-06,1.0405930980340798,0.027918792179242643
261,1,-5,12.90418238982516,14.70069952931275,твег UO₂-Gd₂O₃,7,pivnichno_skhidna,tvz_z_12_tveh,1.104182389825159,-5.7375,10983,12684.130003249096,251.16032205240526,6.535155143448865e-05,1.2973924280691045e-06,0.004755906371106357,5.434254312676546e-05,0.000861632965929911,2.7496844046296305e-05,0.35898415292557684,0.007111774093969374
262,3,-6,15.112547169475478,14.70069952931275,звичайний твел UO₂,7,pivnichno_skhidna,tvz_z_12_tveh,3.312547169475477,-5.7375,10988,35432.45839201517,939.2840504550791,0.0001829392074091188,4.856427914860407e-06,0.005068547375541391,5.4117009980898924e-05,0.00032931685222287773,9.499977962017972e-06,1.0028035867395009,0.026590716113604137
263,5,-7,17.320911949125794,14.70069952931275,звичайний твел UO₂,7,pivnichno_skhidna,tvz_z_12_tveh,5.520911949125795,-5.7375,10993,35174.677396139414,780.7471123871098,0.00018161791902136969,4.035741248729028e-06,0.0048922231938713255,5.1548532702631364e-05,0.0003171464236199127,6.753583368365057e-06,0.9955079115594874,0.02210517583487972
264,7,-8,19.529276728776114,14.70069952931275,звичайний твел UO₂,7,pivnichno_skhidna,tvz_z_12_tveh,7.729276728776114,-5.7375,10998,30755.28505767147,982.1856477991494,0.0001587821842598937,5.078033806345696e-06,0.004370378240006475,4.5990995701628446e-05,0.0002748341129850054,9.422905798804183e-06,0.870430999334186,0.02780288283853712
265,9,-9,21.73764150842643,14.70069952931275,звичайний твел UO₂,7,pivnichno_skhidna,tvz_z_12_tveh,9.937641508426431,-5.7375,11003,33528.487383253356,990.8207520512982,0.0001731322918002603,5.1227034293874334e-06,0.004158737524570501,4.989515558175734e-05,0.0002944100040070341,8.054687968504443e-06,0.9489177136366445,0.028048202999041757
266,-10,0,0.7581761017484112,14.063199529312751,звичайний твел UO₂,7,pivnichno_skhidna,tvz_z_12_tveh,-11.04182389825159,-6.375,11008,44156.05576864393,1194.488999584413,0.00022799840938582486,6.176255926463154e-06,0.005984136074890628,6.872232504639324e-05,0.0003972982274306515,9.244664333610436e-06,1.2496973992367457,0.03381508920163029
267,-8,-1,2.9665408813987284,14.063199529312751,звичайний твел UO₂,7,pivnichno_skhidna,tvz_z_12_tveh,-8.833459118601272,-6.375,11013,38745.7627206265,1026.4150305858604,0.00020002566841759,5.307458653807575e-06,0.005904464191131503,5.6304368170475235e-05,0.0003739009440229339,1.0054679983341455e-05,1.0965761787490838,0.029057366474713558
268,-6,-2,5.1749056610490465,14.063199529312751,звичайний твел UO₂,7,pivnichno_skhidna,tvz_z_12_tveh,-6.625094338950954,-6.375,11018,39009.556817635916,1013.742850712639,0.00020140806450890853,5.241145389655051e-06,0.005893411924771013,6.567845370287555e-05,0.00036180855766294396,8.697183805092833e-06,1.104042035724488,0.028698929523471004
269,-4,-3,7.383270440699365,14.063199529312751,звичайний твел UO₂,7,pivnichno_skhidna,tvz_z_12_tveh,-4.416729559300636,-6.375,11023,38552.18319254679,976.571251325895,0.00019903197701765053,5.049470100791672e-06,0.005887751988864417,5.832216134995225e-05,0.00035867524036215767,8.405639628281538e-06,1.0910975229095718,0.027647017942238592
270,-2,-4,9.591635220349684,14.063199529312751,звичайний твел UO₂,7,pivnichno_skhidna,tvz_z_12_tveh,-2.208364779650318,-6.375,11028,39725.63141542701,1147.0799644564404,0.00020510602810965155,5.9306598280339425e-06,0.005779779814162366,6.252750097116618e-05,0.00036302498997115235,9.501515217848297e-06,1.1243082607516448,0.03247193446832692
271,0,-5,11.8,14.063199529312751,звичайний твел UO₂,7,pivnichno_skhidna,tvz_z_12_tveh,0.0,-6.375,11033,35514.993610702324,953.0441775697939,0.0001833524638778437,4.926194679472212e-06,0.005409801705552216,5.9869626624153945e-05,0.0003271509732860759,9.066763464699275e-06,1.005139484870421,0.026980081594122778
272,2,-6,14.008364779650318,14.063199529312751,звичайний твел UO₂,7,pivnichno_skhidna,tvz_z_12_tveh,2.208364779650318,-6.375,11038,33059.228904949334,838.2810498668351,0.00017066051759967506,4.3337210145382385e-06,0.005188680495422744,6.242109882477285e-05,0.0003068748393079561,7.248190448065474e-06,0.9356368376684886,0.02373196745112634
274,6,-8,18.425094338950956,14.063199529312751,звичайний твел UO₂,7,pivnichno_skhidna,tvz_z_12_tveh,6.625094338950954,-6.375,11046,32698.70858356233,889.6182991612806,0.00016882356409610985,4.600586356232039e-06,0.004735023869874533,5.10252091514254e-05,0.0002996597827662192,8.086430695670243e-06,0.9254334510623581,0.025184352995306566
275,8,-9,20.633459118601273,14.063199529312751,звичайний твел UO₂,7,pivnichno_skhidna,tvz_z_12_tveh,8.833459118601272,-6.375,11051,30736.418224480945,935.2603480397704,0.0001586857243224916,4.835432024840494e-06,0.004294195214115929,5.05698701197353e-05,0.00027446025996316154,8.317132677646783e-06,0.8698970333365532,0.02647506621603394
276,10,-10,22.84182389825159,14.063199529312751,звичайний твел UO₂,7,pivnichno_skhidna,tvz_z_12_tveh,11.04182389825159,-6.375,11056,42499.81930867526,1126.7800514079688,0.00021952889096223555,5.826029444072766e-06,0.004143479352055818,5.0697877628858976e-05,0.00034919511850296184,9.193137639065496e-06,1.202822868427458,0.03189864272942706
277,-9,-1,1.8623584915735698,13.425699529312752,звичайний твел UO₂,7,pivnichno_skhidna,tvz_z_12_tveh,-9.937641508426431,-7.012499999999999,11061,44394.93668367138,1182.4250049986533,0.00022922702476603553,6.113584202687016e-06,0.006089175676003445,6.077970445618014e-05,0.0003972952029612603,9.120081227298292e-06,1.256458167449406,0.03347384345578409
278,-7,-2,4.070723271223887,13.425699529312752,звичайний твел UO₂,7,pivnichno_skhidna,tvz_z_12_tveh,-7.729276728776114,-7.012499999999999,11066,40520.58476480589,1011.4838245908533,0.0002091924472919379,5.23064273393648e-06,0.006014703751437834,6.924849319024096e-05,0.00037324601622326246,7.491134090168325e-06,1.146806899181638,0.02863565781529381
279,-5,-3,6.279088050874206,13.425699529312752,звичайний твел UO₂,7,pivnichno_skhidna,tvz_z_12_tveh,-5.520911949125795,-7.012499999999999,11071,39512.3138860516,1165.5102031026559,0.0002039908578150018,6.024656144875853e-06,0.0058817098119611924,6.549020334195524e-05,0.0003669712213428323,1.0297121216873424e-05,1.1182709832586364,0.0329933472934679
281,-1,-5,10.695817610174842,13.425699529312752,звичайний твел UO₂,7,pivnichno_skhidna,tvz_z_12_tveh,-1.104182389825159,-7.012499999999999,11079,39740.52376238233,1023.221067036482,0.00020517840815032162,5.290418248043093e-06,0.005720427856597551,5.793141568772103e-05,0.00036849125672465996,9.595883485758614e-06,1.1247297414961233,0.028967410266301133
282,1,-6,12.90418238982516,13.425699529312752,звичайний твел UO₂,7,pivnichno_skhidna,tvz_z_12_tveh,1.104182389825159,-7.012499999999999,11084,35031.05158557067,943.5791160588286,0.00018086289357708768,4.877629489689396e-06,0.005388305075593176,6.763396060500623e-05,0.00033190894123146756,8.577284736063176e-06,0.9914430375845231,0.02671207867842217
283,3,-7,15.112547169475478,13.425699529312752,звичайний твел UO₂,7,pivnichno_skhidna,tvz_z_12_tveh,3.312547169475477,-7.012499999999999,11089,35312.703065919544,1066.8210673553538,0.00018232429292369188,5.516256481307186e-06,0.005203679426935295,6.267254607136902e-05,0.0003160493603295525,8.840823891861019e-06,0.9994142912745575,0.030199337598724264
284,5,-8,17.320911949125794,13.425699529312752,звичайний твел UO₂,7,pivnichno_skhidna,tvz_z_12_tveh,5.520911949125795,-7.012499999999999,11094,35958.22712041318,1093.9614651905038,0.00018566705907308636,5.655431644750609e-06,0.00498090166285258,5.598012939752442e-05,0.00032899487526574496,9.11227350089285e-06,1.0176838064747427,0.03096753152759133
285,7,-9,19.529276728776114,13.425699529312752,звичайний твел UO₂,7,pivnichno_skhidna,tvz_z_12_tveh,7.729276728776114,-7.012499999999999,11099,34634.81827006913,1152.1274089380613,0.00017882528455405688,5.957171600420013e-06,0.004716358268844412,6.108926758399883e-05,0.00030249839411178976,8.568717119793984e-06,0.9802289077159569,0.03261297061341757
286,9,-10,21.73764150842643,13.425699529312752,звичайний твел UO₂,7,pivnichno_skhidna,tvz_z_12_tveh,9.937641508426431,-7.012499999999999,11104,37736.88612693603,1105.1831458921301,0.00019489043731054764,5.7141386735381845e-06,0.0043462580847067785,5.699980395134766e-05,0.00032410119831670386,8.907421623909197e-06,1.0680231199819752,0.03128570419189567
287,-8,-2,2.9665408813987284,12.788199529312752,звичайний твел UO₂,7,pivnichno_skhidna,tvz_z_12_tveh,-8.833459118601272,-7.6499999999999995,11109,42350.168925265956,1045.1232020513937,0.00021866984214640123,5.4035043390594445e-06,0.006056811986768118,6.128716346700337e-05,0.00039297071699462396,8.468001861572192e-06,1.1985874879867486,0.029588217653063825
288,-6,-3,5.1749056610490465,12.788199529312752,звичайний твел UO₂,7,pivnichno_skhidna,tvz_z_12_tveh,-6.625094338950954,-7.6499999999999995,11114,42592.661134846305,1178.980023183911,0.00021990971750943063,6.094863946100934e-06,0.00605096265281358,6.817870857033722e-05,0.00039075987033499886,1.0266817001665514e-05,1.2054504624615416,0.03337564898481672
289,-4,-4,7.383270440699365,12.788199529312752,звичайний твел UO₂,7,pivnichno_skhidna,tvz_z_12_tveh,-4.416729559300636,-7.6499999999999995,11119,41858.41266926237,1093.1313182184394,0.0002161094499070519,5.650783504543532e-06,0.006037991077480618,6.814248315078788e-05,0.000386882831981037,8.404137164740249e-06,1.1846698836290135,0.030946320964259658
290,-2,-5,9.591635220349684,12.788199529312752,звичайний твел UO₂,7,pivnichno_skhidna,tvz_z_12_tveh,-2.208364779650318,-7.6499999999999995,11124,39619.071766039364,983.5872824440356,0.00020454740782367781,5.085163938648684e-06,0.005875655810158985,6.394551046387686e-05,0.0003653166796915858,8.13819864895198e-06,1.1212924271499969,0.027845985698577436
292,2,-7,14.008364779650318,12.788199529312752,звичайний твел UO₂,7,pivnichno_skhidna,tvz_z_12_tveh,2.208364779650318,-7.6499999999999995,11132,34458.59777384583,940.6331664687292,0.00017788157846487248,4.863958806392126e-06,0.005414834764999255,5.029361220580998e-05,0.00032365267775597603,8.931553626584107e-06,0.9752415443296907,0.026628495512259136
293,4,-8,16.21672955930064,12.788199529312752,звичайний твел UO₂,7,pivnichno_skhidna,tvz_z_12_tveh,4.416729559300636,-7.6499999999999995,11137,37421.85031348849,1010.6829148615564,0.0001932224157190379,5.2257670452395805e-06,0.005212641728594567,5.357225560936379e-05,0.0003518783875834735,1.006280481115327e-05,1.0591070284090636,0.028611700843824413
294,6,-9,18.425094338950956,12.788199529312752,звичайний твел UO₂,7,pivnichno_skhidna,tvz_z_12_tveh,6.625094338950954,-7.6499999999999995,11142,34694.87784694256,1030.7701928960569,0.00017913847611650716,5.3297079485371955e-06,0.004856757335067857,5.207170487211512e-05,0.00030618292885376794,8.081272689983323e-06,0.9819287039434832,0.02917902581823513
295,8,-10,20.633459118601273,12.788199529312752,звичайний твел UO₂,7,pivnichno_skhidna,tvz_z_12_tveh,8.833459118601272,-7.6499999999999995,11147,34526.72453555562,944.5725456014393,0.00017827773512668285,4.883199532050794e-06,0.004465152321222537,4.997964316028064e-05,0.0003011914918473192,8.51712917831654e-06,0.9771696566903876,0.02673998560488431
296,-7,-3,4.070723271223887,12.150699529312751,звичайний твел UO₂,7,pivnichno_skhidna,tvz_z_12_tveh,-7.729276728776114,-8.2875,11152,44906.11159974693,1288.247701955047,0.00023187332380808894,6.6613609903381834e-06,0.006207778617318611,6.384798596948843e-05,0.000411488602159489,1.0856039045573221e-05,1.270925355518054,0.0364682693211388
297,-5,-4,6.279088050874206,12.150699529312751,звичайний твел UO₂,7,pivnichno_skhidna,tvz_z_12_tveh,-5.520911949125795,-8.2875,11157,41613.68121887017,1140.7799463793824,0.0002148478663857336,5.896775664751697e-06,0.00609668496251313,6.428713605475945e-05,0.0003755917380486685,9.274610938930899e-06,1.1777435345305112,0.03229440415300581
298,-3,-5,8.487452830524523,12.150699529312751,звичайний твел UO₂,7,pivnichno_skhidna,tvz_z_12_tveh,-3.312547169475477,-8.2875,11162,43013.80347308868,1254.7328031064803,0.00022208657576858957,6.487070864412106e-06,0.006109304677954266,7.310019345421367e-05,0.0003947333592995422,1.1647635742480348e-05,1.2173695633786963,0.03551924351211273
299,-1,-6,10.695817610174842,12.150699529312751,звичайний твел UO₂,7,pivnichno_skhidna,tvz_z_12_tveh,-1.104182389825159,-8.2875,11167,38457.94877035217,993.9478395086644,0.00019854522148050272,5.137903892107466e-06,0.005803848878211626,7.000399194232514e-05,0.0003650075981251557,1.0442387562510951e-05,1.0884305158527774,0.02813862329669623
300,1,-7,12.90418238982516,12.150699529312751,звичайний твел UO₂,7,pivnichno_skhidna,tvz_z_12_tveh,1.104182389825159,-8.2875,11172,39106.41898568676,1020.2408815112166,0.00020191148456763728,5.274963666877301e-06,0.005621692598157883,5.1754329963240765e-05,0.0003554699891894232,9.472618879471401e-06,1.1067834128106075,0.028882824089164125
301,3,-8,15.112547169475478,12.150699529312751,звичайний твел UO₂,7,pivnichno_skhidna,tvz_z_12_tveh,3.312547169475477,-8.2875,11177,36221.04798430498,929.1225883818203,0.00018699668370720932,4.804161519100884e-06,0.005420853375704248,5.9114608007541175e-05,0.0003388941874200814,9.979467711354976e-06,1.0251221191671542,0.026303537411675227
302,5,-9,17.320911949125794,12.150699529312751,звичайний твел UO₂,7,pivnichno_skhidna,tvz_z_12_tveh,5.520911949125795,-8.2875,11182,36240.82432670032,1123.6405925082029,0.0001871177600235556,5.809564621632344e-06,0.005105482638742582,6.0596404016371553e-05,0.00033766649195201534,9.771802033714568e-06,1.0256818259441218,0.03180743442739148
303,7,-10,19.529276728776114,12.150699529312751,звичайний твел UO₂,7,pivnichno_skhidna,tvz_z_12_tveh,7.729276728776114,-8.2875,11187,35980.195494431835,974.997009921583,0.00018579080617204434,5.0412801203463384e-06,0.0046957096757698396,6.106686609462659e-05,0.0003272595468013805,8.651707993365075e-06,1.0183055517687611,0.027601410461226758
304,-6,-4,5.1749056610490465,11.513199529312752,звичайний твел UO₂,7,pivnichno_skhidna,tvz_z_12_tveh,-6.625094338950954,-8.924999999999999,11192,44898.25367636393,1135.1682540380766,0.00023183693236377535,5.868641695497519e-06,0.006250114192278205,6.514096261889894e-05,0.0003999704590057861,9.700811798011871e-06,1.2707029618679826,0.032136982010186194
305,-4,-5,7.383270440699365,11.513199529312752,звичайний твел UO₂,7,pivnichno_skhidna,tvz_z_12_tveh,-4.416729559300636,-8.924999999999999,11197,43203.59676542633,1144.7191200536129,0.00022305901258282357,5.918074790119231e-06,0.006228938590306251,6.5868506897928e-05,0.00039329800788356884,9.569860364220405e-06,1.2227410617994263,0.03240650091249106
306,-2,-6,9.591635220349684,11.513199529312752,звичайний твел UO₂,7,pivnichno_skhidna,tvz_z_12_tveh,-2.208364779650318,-8.924999999999999,11202,41447.53874721035,1221.558699129946,0.00021400245269647766,6.314980049939146e-06,0.006057874270930519,6.286202753771707e-05,0.0003811414710340024,9.701497888429879e-06,1.1730413977313388,0.034579985104042615
307,0,-7,11.8,11.513199529312752,звичайний твел UO₂,7,pivnichno_skhidna,tvz_z_12_tveh,0.0,-8.924999999999999,11207,36911.48958301213,1027.9263650071537,0.00019055239942827095,5.315223853913366e-06,0.005735591547246058,6.32959553135911e-05,0.00035094679566033036,9.34615006360945e-06,1.0446628832868043,0.0290993957363048
308,2,-8,14.008364779650318,11.513199529312752,звичайний твел UO₂,7,pivnichno_skhidna,tvz_z_12_tveh,2.208364779650318,-8.924999999999999,11212,36886.37866916053,970.3337536528011,0.00019043906489428893,5.017237481880355e-06,0.005382617618259616,6.0920286981985654e-05,0.0003346869970370437,8.586324150199904e-06,1.0439521983493354,0.02746983563909113
309,4,-9,16.21672955930064,11.513199529312752,звичайний твел UO₂,7,pivnichno_skhidna,tvz_z_12_tveh,4.416729559300636,-8.924999999999999,11217,36952.910574889,946.2118207127866,0.00019079374191266366,4.893013170567984e-06,0.005263069204460262,5.6210758047332546e-05,0.0003364842205587307,9.170124766208614e-06,1.0458351733593947,0.026787362795466185
310,6,-10,18.425094338950956,11.513199529312752,звичайний твел UO₂,7,pivnichno_skhidna,tvz_z_12_tveh,6.625094338950954,-8.924999999999999,11222,39148.27042837613,1039.1204863730457,0.0002021556400293073,5.372093891383007e-06,0.005100514353153376,5.768119311312986e-05,0.0003441107636815938,8.038155188060748e-06,1.1079678854310164,0.02941702088618939
311,-5,-5,6.279088050874206,10.875699529312751,звичайний твел UO₂,7,pivnichno_skhidna,tvz_z_12_tveh,-5.520911949125795,-9.5625,11227,45909.23665467967,1053.3263346760073,0.00023705255244133039,5.4458263475047575e-06,0.006211665390051145,5.892156658489077e-05,0.00042606855061740116,1.0047974985278072e-05,1.2993156351849453,0.029821927004032387
312,-3,-6,8.487452830524523,10.875699529312751,звичайний твел UO₂,7,pivnichno_skhidna,tvz_z_12_tveh,-3.312547169475477,-9.5625,11232,44689.110425182655,1051.206914931536,0.00023074555808506888,5.43596542100369e-06,0.006209641052690602,6.403839054642205e-05,0.0004026480961570103,1.0338351477128137e-05,1.2647838241071603,0.02976139484516271
313,-1,-7,10.695817610174842,10.875699529312751,звичайний твел UO₂,7,pivnichno_skhidna,tvz_z_12_tveh,-1.104182389825159,-9.5625,11237,38212.02608588562,1134.5047468266798,0.00019726579594529016,5.866212172348382e-06,0.005812566678946199,6.201665275276942e-05,0.0003502954218792495,9.393196839484602e-06,1.0814704526442012,0.032115551209052566
314,1,-8,12.90418238982516,10.875699529312751,звичайний твел UO₂,7,pivnichno_skhidna,tvz_z_12_tveh,1.104182389825159,-9.5625,11242,35685.396755804744,906.2428215443622,0.00018422640238183183,4.685245918473921e-06,0.005543059017195858,5.2162427399282e-05,0.00033941890650829526,8.864207950632801e-06,1.0099622065458356,0.02565596082007453
315,3,-9,15.112547169475478,10.875699529312751,звичайний твел UO₂,7,pivnichno_skhidna,tvz_z_12_tveh,3.312547169475477,-9.5625,11247,39544.49230185815,1186.1074443251914,0.00020418118306074408,6.133163921596186e-06,0.005455568535338348,5.160977212452158e-05,0.00036343278229552546,1.0404544631682448e-05,1.1191816914694355,0.03357617243357707
316,5,-10,17.320911949125794,10.875699529312751,звичайний твел UO₂,7,pivnichno_skhidna,tvz_z_12_tveh,5.520911949125795,-9.5625,11252,39243.66364258573,921.734330865498,0.00020265587615279283,4.765200459907027e-06,0.005169957304853313,5.49481148179489e-05,0.00034794246524110737,7.00207524519356e-06,1.1106676884280773,0.026095840381736263
317,-4,-6,7.383270440699365,10.238199529312752,звичайний твел UO₂,7,pivnichno_skhidna,tvz_z_12_tveh,-4.416729559300636,-10.2,11257,42406.95989299445,995.135691608263,0.00021894762682886907,5.146230125023879e-06,0.006197377299771087,6.297260053711067e-05,0.0003941925766794849,8.230700345638657e-06,1.2001947765779737,0.02817397330085775
318,-2,-7,9.591635220349684,10.238199529312752,звичайний твел UO₂,7,pivnichno_skhidna,tvz_z_12_tveh,-2.208364779650318,-10.2,11262,42159.588894151,1193.470837250216,0.0002176797068262911,6.171918589805131e-06,0.006026509695111668,6.351631125525382e-05,0.00038603238344408727,1.0639108999675787e-05,1.193193723415051,0.0337854973518194
319,0,-8,11.8,10.238199529312752,твег UO₂-Gd₂O₃,7,pivnichno_skhidna,tvz_z_12_tveh,0.0,-10.2,11267,14142.734061039451,304.47344232971784,7.28534788250872e-05,1.5741135773570611e-06,0.005271335710683153,5.4497209525338265e-05,0.0009466755961415891,2.9732657410794e-05,0.40026532412183174,0.008620722089464024
320,2,-9,14.008364779650318,10.238199529312752,звичайний твел UO₂,7,pivnichno_skhidna,tvz_z_12_tveh,2.208364779650318,-10.2,11272,38756.96038362925,1121.6529818736194,0.00020010554151536628,5.798623677688918e-06,0.005581768064719989,6.001209834256417e-05,0.00034418757277089975,8.75930274169735e-06,1.0968930931584093,0.03175210562219718
321,4,-10,16.21672955930064,10.238199529312752,звичайний твел UO₂,7,pivnichno_skhidna,tvz_z_12_tveh,4.416729559300636,-10.2,11277,38780.390653132185,1086.9324310672005,0.00020023135914238953,5.619672845594964e-06,0.0054197239464185065,5.2874051471850764e-05,0.0003537331916547046,8.807291200080802e-06,1.097556212777033,0.03076969151138838
322,-3,-7,8.487452830524523,9.600699529312752,звичайний твел UO₂,7,pivnichno_skhidna,tvz_z_12_tveh,-3.312547169475477,-10.837499999999999,11282,47303.15945833738,1202.2444084702197,0.0002442681626215997,6.216435214034614e-06,0.0062151856746625695,5.5739777592825026e-05,0.00043526430620986534,1.0909222395524954e-05,1.3387662082070233,0.03403582351578678
323,-1,-8,10.695817610174842,9.600699529312752,звичайний твел UO₂,7,pivnichno_skhidna,tvz_z_12_tveh,-1.104182389825159,-10.837499999999999,11287,37800.27946248236,951.9054594607302,0.0001951499831277132,4.922355258000154e-06,0.005747696385685531,5.613461482368558e-05,0.00034452753624901873,7.903991100064335e-06,1.0698172676969857,0.026948817473790205
324,1,-9,12.90418238982516,9.600699529312752,звичайний твел UO₂,7,pivnichno_skhidna,tvz_z_12_tveh,1.104182389825159,-10.837499999999999,11292,38233.33103564289,1133.0325290834244,0.00019739520918036552,5.858708754646296e-06,0.00562305827158407,5.894348198689857e-05,0.0003551660043490238,1.0199914242833115e-05,1.08207342181432,0.032073901620460706
325,3,-10,15.112547169475478,9.600699529312752,звичайний твел UO₂,7,pivnichno_skhidna,tvz_z_12_tveh,3.312547169475477,-10.837499999999999,11297,40123.70049035568,1144.274979995252,0.0002071705037861496,5.915422696648317e-06,0.005598407398936577,5.472198591429789e-05,0.00036380167651958603,9.748377830109283e-06,1.135574345980394,0.03239271730087627
326,-2,-8,9.591635220349684,8.963199529312751,звичайний твел UO₂,7,pivnichno_skhidna,tvz_z_12_tveh,-2.208364779650318,-11.475,11302,43287.48808058105,1068.7786984808326,0.00022351309225173463,5.5260275536345755e-06,0.006140650957049395,6.547317467252132e-05,0.0004065896264243256,1.0042673285442786e-05,1.2251153399486503,0.03025791306824067
327,0,-9,11.8,8.963199529312751,звичайний твел UO₂,7,pivnichno_skhidna,tvz_z_12_tveh,0.0,-11.475,11307,37676.95858601656,1108.4607311320754,0.00019451151734245408,5.73034223869979e-06,0.005743388010675806,6.623586968642592e-05,0.0003593661288521709,1.0137388740227291e-05,1.066327060614216,0.03137842306895998
328,2,-10,14.008364779650318,8.963199529312751,звичайний твел UO₂,7,pivnichno_skhidna,tvz_z_12_tveh,2.208364779650318,-11.475,11312,40790.46882847097,1112.107727491037,0.0002106085874666762,5.749659023384673e-06,0.00569177706555483,5.596809263781288e-05,0.0003715155107486196,9.076722826249841e-06,1.1544451133877447,0.031482809092606395
329,-1,-9,10.695817610174842,8.325699529312752,звичайний твел UO₂,7,pivnichno_skhidna,tvz_z_12_tveh,-1.104182389825159,-12.112499999999999,11317,45090.804538607175,1066.4000855950906,0.0002328427625865846,5.513223776808996e-06,0.005947024403144267,6.106763841536421e-05,0.00041107555636835574,9.34318654210217e-06,1.276152504576846,0.030191426110882023
330,1,-10,12.90418238982516,8.325699529312752,звичайний твел UO₂,7,pivnichno_skhidna,tvz_z_12_tveh,1.104182389825159,-12.112499999999999,11322,41796.050448568945,1046.2734730641737,0.00021581849180522415,5.4091460037355834e-06,0.005825730907977325,5.873227108023425e-05,0.00038097644195668814,1.010336666726763e-05,1.1829049183563103,0.029620520379035467
331,0,-10,11.8,7.688199529312751,звичайний твел UO₂,7,pivnichno_skhidna,tvz_z_12_tveh,0.0,-12.75,11327,42998.32248707957,983.9813918947514,0.00022202288143505257,5.086137761098628e-06,0.00594159974665115,6.995023455602947e-05,0.00038779680836831167,9.602205257145482e-06,1.2169314230689146,0.027858675788052976
