номер_позиції,аксіальна_x,аксіальна_альфа,x_см,y_см,тип,fuel_cell_id,енергія_поділів_еВ_на_джерельну_частинку,похибка_енергії_поділів_еВ,поділи_на_джерельну_частинку,похибка_поділів,потік_на_джерельну_частинку,похибка_потоку,поглинання_на_джерельну_частинку,похибка_поглинання,нейтрони_поділу_на_джерельну_частинку,похибка_нейтронів_поділу,частка_потужності,відносна_потужність,похибка_відносної_потужності_наближено
1,0,10,0.0,12.75,звичайний твел UO₂,1,347139.6487585324,5502.671210342389,0.0017928622893925634,2.8448323945204296e-05,0.041554150192850595,0.0003013564256754786,0.003021200303283961,4.691304236355519e-05,0.0043884283206920005,6.914829704494984e-05,0.003526003300899755,1.1001130298807236,0.017460652344954714
2,-1,10,-1.104182389825159,12.112499999999999,звичайний твел UO₂,6,340897.8869851066,4828.987262213231,0.001760600451259863,2.496344181486245e-05,0.04147029359541753,0.0002749055119649178,0.0030013661671471847,4.310298017439955e-05,0.004309632748012129,6.083452022568553e-05,0.0034626038226343433,1.080332392661915,0.015327891308676128
3,1,9,1.104182389825159,12.112499999999999,звичайний твел UO₂,11,340903.4309554036,5340.248075289213,0.0017606308200959933,2.760711640533557e-05,0.04164052008232704,0.00024464454788922414,0.0029868750720393428,4.3043682132438047e-05,0.004310294847960757,6.709787429982149e-05,0.003462660134431734,1.080349961942701,0.016945780615780885
4,-2,10,-2.208364779650318,11.475,звичайний твел UO₂,16,341387.2284634341,4591.167112212772,0.0017631142191903008,2.3737299258089737e-05,0.04160566418196679,0.0002495693381990701,0.003004486332830571,3.940620636465072e-05,0.004316496582876482,5.770284553278855e-05,0.003467574213294184,1.0818831545477854,0.014575558464806737
5,0,9,0.0,11.475,звичайний твел UO₂,21,307987.07865921373,4256.441987637127,0.0015904514074960034,2.2006850416502174e-05,0.04052896846204006,0.00025163290005236934,0.0027201934402698237,3.615326720886718e-05,0.0038961974922654364,5.347887926136947e-05,0.0031283187036415068,0.9760354355361501,0.013511640680625995
6,2,8,2.208364779650318,11.475,звичайний твел UO₂,26,344405.54443767556,4639.4720550930215,0.0017787757655074031,2.3986603962268022e-05,0.04138531777571604,0.000261863250165657,0.0030184974953216905,3.791294522577002e-05,0.004353930133331063,5.831414497670337e-05,0.0034982321693254087,1.0914484368295276,0.014728825467556434
7,-3,10,-3.312547169475477,10.837499999999999,звичайний твел UO₂,31,342374.15330212197,4688.543219971272,0.001768169579755661,2.4243752241667053e-05,0.0419079435751993,0.0002691716650439053,0.002971389735801593,3.979336442960219e-05,0.004330038115572701,5.891249774050765e-05,0.0034775987099237063,1.0850107974961964,0.014883762509500926
8,-1,9,-1.104182389825159,10.837499999999999,звичайний твел UO₂,36,307957.8212311925,5238.346573117892,0.0015902812528661456,2.708456867430815e-05,0.04102731755187035,0.0002190812240226345,0.0026972258899234736,4.1941542536091956e-05,0.003896693645151656,6.577522736692052e-05,0.003128021527020664,0.975942716430447,0.016619132207618348
9,1,8,1.104182389825159,10.837499999999999,звичайний твел UO₂,41,298439.22418653115,4169.765380762425,0.0015410873549674248,2.155691112722146e-05,0.04067059269857629,0.0002363853228538364,0.0026629429139299887,3.313761223418461e-05,0.0037770518626898636,5.23921376917363e-05,0.0030313382333679805,0.9457775288108099,0.013236016013810447
10,3,7,3.312547169475477,10.837499999999999,звичайний твел UO₂,46,337050.9177548591,5089.403964196688,0.0017407111403337505,2.6311660175104917e-05,0.041546438612159495,0.00028571569355361067,0.00296951523153346,4.0761032463449726e-05,0.004261798975787621,6.398525183108019e-05,0.0034235289827166827,1.068141042607605,0.01615140303754622
11,-4,10,-4.416729559300636,10.2,звичайний твел UO₂,51,347915.51631953823,5345.566219756183,0.0017968300182800608,2.7635169230393275e-05,0.041886094223106754,0.00025656385127837875,0.0030174086707406922,4.429895506785298e-05,0.004399413993950299,6.716490019359886e-05,0.003533884024380784,1.1025718156068047,0.01696352972235528
12,-2,9,-2.208364779650318,10.2,звичайний твел UO₂,56,323129.65410584334,4603.089763252144,0.0016687016013929971,2.379513350037631e-05,0.04126172235186739,0.0002328584476441817,0.0028638542085941323,3.990144733545183e-05,0.004087171214001475,5.790624582122598e-05,0.003282126461412441,1.0240234559606816,0.014610600280754959
13,0,8,0.0,10.2,твег UO₂-Gd₂O₃,61,104692.59140857408,1079.47942077601,0.0005395183144680944,5.575351316629819e-06,0.0363754178540412,0.00022339666298609167,0.007766771395327996,0.00011682574455708627,0.0013393432184401837,1.3694981141902645e-05,0.001063394585454446,0.3317791106617871,0.00343126358871188
14,2,7,2.208364779650318,10.2,звичайний твел UO₂,66,314057.5205952162,4536.905439203413,0.0016218176321961535,2.345451746380479e-05,0.04107890864232371,0.00027362064069001284,0.0027854103532363884,3.8795002840712004e-05,0.003973367960807319,5.703604062403779e-05,0.0031899780340602967,0.9952731466268125,0.014399899142301668
15,4,6,4.416729559300636,10.2,звичайний твел UO₂,71,344956.39154921466,5303.9725878530635,0.0017815884479653805,2.742564926309521e-05,0.041398580717908785,0.0002191004592020961,0.0029814356773060725,4.154057476707708e-05,0.00436175913039219,6.667699043948476e-05,0.003503827291462924,1.0931941149364321,0.01683150389689511
16,-5,10,-5.520911949125795,9.5625,звичайний твел UO₂,76,345543.4541690099,4590.368445106097,0.0017846213761928554,2.373419395345336e-05,0.04163630905164951,0.0002318702420557576,0.003029643712015672,3.783522784154954e-05,0.004368504905375907,5.769958631879309e-05,0.0035097902655646597,1.0950545628561739,0.014573663137296964
17,-3,9,-3.312547169475477,9.5625,звичайний твел UO₂,81,329287.1489467206,4277.423640311434,0.0017005567919103376,2.211524283957355e-05,0.041385369440237116,0.00023466102411198253,0.0029036505808735353,3.8086271141075935e-05,0.004164421717118093,5.380570640285748e-05,0.003344670014739905,1.0435370445988503,0.013581243080649856
18,-1,8,-1.104182389825159,9.5625,звичайний твел UO₂,86,303105.56207824376,3772.018312702076,0.001565194021383103,1.9502009531600983e-05,0.04070667029356226,0.00022221627927946624,0.002724691694074292,3.8438340346811674e-05,0.0038358442077472614,4.740710667139269e-05,0.003078735650713232,0.9605655230225284,0.011978562908517003
19,1,7,1.104182389825159,9.5625,звичайний твел UO₂,91,297321.66778229957,3976.1697487745996,0.0015353408870184546,2.0557839018014936e-05,0.040100129164102154,0.0002331551988335377,0.0026478624741278676,3.2793219734126615e-05,0.0037616810166090134,4.992350479786941e-05,0.0030199868720805143,0.9422359040891204,0.012623380848784076
20,3,6,3.312547169475477,9.5625,звичайний твел UO₂,96,322505.5009215764,4929.038871912542,0.0016655033481038476,2.5478786506522622e-05,0.041034365713572316,0.00022363347711163136,0.002904972206969496,4.588741608359692e-05,0.004078980684575258,6.201106385427353e-05,0.003275786747133583,1.0220454651056778,0.015641954086198076
21,5,5,5.520911949125795,9.5625,звичайний твел UO₂,101,342378.999547946,4658.661882025412,0.0017682307964992643,2.4090729752351105e-05,0.04142706410751732,0.0002631064305528279,0.0029884126985725724,3.9730309496369695e-05,0.004329467554352786,5.8464486977423015e-05,0.0034776479347207972,1.0850261556328888,0.014789229531731219
22,-6,10,-6.625094338950954,8.924999999999999,звичайний твел UO₂,106,349789.24229693983,5219.225151138299,0.0018065280941606,2.698669472680275e-05,0.04185819499498634,0.0002414191480908949,0.003032282284381644,4.3757416512666996e-05,0.004422905144307507,6.558349431411853e-05,0.0035529160306783285,1.1085098015716384,0.01656395532642238
23,-4,9,-4.416729559300636,8.924999999999999,звичайний твел UO₂,111,337125.7691089085,4078.9087862388856,0.0017410723864456417,2.1088034088428988e-05,0.04132775457646411,0.0002463257379631693,0.002896198149796313,3.125101221512161e-05,0.004263357035968201,5.1294937375074257e-05,0.0034242892707517683,1.0683782524745518,0.012954683721463254
24,-2,8,-2.208364779650318,8.924999999999999,звичайний твел UO₂,116,316112.33032256615,4266.313845432168,0.0016324315238602045,2.2050816217640372e-05,0.041220746696872736,0.00023023239658385045,0.002769695079794954,3.135459580867666e-05,0.0039993960173959125,5.3694285296412496e-05,0.0032108493632422783,1.0017850013315908,0.013544079499653278
25,0,7,0.0,8.924999999999999,звичайний твел UO₂,121,299675.32629092905,4066.02597721822,0.0015474902211278696,2.1021032349951044e-05,0.040357255646522365,0.0002133304532373564,0.002704111725403883,3.799750831075634e-05,0.0037919580143334314,5.1180192842482286e-05,0.0030438936994921853,0.9496948342415618,0.012907994873209634
26,2,6,2.208364779650318,8.924999999999999,звичайний твел UO₂,126,313433.13397965604,4529.842327778557,0.0016185605679218905,2.341757014615809e-05,0.041081692919248715,0.0002398028000203673,0.002772207809698086,3.897418568044888e-05,0.003965577503641087,5.699895355212304e-05,0.0031836359487485894,0.9932944160095598,0.014377462164386278
27,4,5,4.416729559300636,8.924999999999999,звичайний твел UO₂,131,331799.6620386065,3969.023464558887,0.0017135477345099665,2.052193160822864e-05,0.041210063100717106,0.00022926411680998952,0.0028632371444211467,3.1526727237143995e-05,0.004195787809363371,4.9760517045992485e-05,0.003370190376609332,1.0514993975021116,0.012606319543440691
28,6,4,6.625094338950954,8.924999999999999,звичайний твел UO₂,136,340834.87953197333,4909.039577141925,0.0017602474447452289,2.5384772923730904e-05,0.04144060933981268,0.00024352965800905055,0.002961425068432122,3.838027437923884e-05,0.004309645579121913,6.158508399625114e-05,0.003461963836713623,1.0801327170546504,0.01558117648771486
29,-7,10,-7.729276728776114,8.2875,звичайний твел UO₂,141,340601.5887969019,4916.861127602593,0.0017590696115903153,2.54226035105058e-05,0.041434212361467694,0.0002635302439090225,0.0029682325054186456,4.1427731975044353e-05,0.004307458873747135,6.175416008467228e-05,0.003459594231556526,1.079393400245636,0.01560589259262932
30,-5,9,-5.520911949125795,8.2875,звичайний твел UO₂,146,329026.35769715806,4265.369828683792,0.0016991470071007586,2.2053476048628933e-05,0.04186798041359607,0.0002629895558594036,0.0028817217947878135,3.702368586175221e-05,0.004162329164625334,5.3587837686241594e-05,0.003342021078468604,1.0427105764822044,0.013543075378901417
31,-3,8,-3.312547169475477,8.2875,звичайний твел UO₂,151,327423.0661533102,4930.382145747741,0.001690937664919695,2.54917479275622e-05,0.04158193277390674,0.00022885036730450003,0.002861174677212821,3.8400724249114604e-05,0.004141192713993953,6.199589041555026e-05,0.0033257359572036326,1.0376296186475333,0.015646863359034664
32,-1,7,-1.104182389825159,8.2875,звичайний твел UO₂,156,317882.45029366395,4531.916703381827,0.001641617080721358,2.3432196205426657e-05,0.04115071180099505,0.0002336934186660204,0.00283967927412176,3.841524948139995e-05,0.004021534447726881,5.6917303910951835e-05,0.0032288290117307196,1.0073946516599845,0.014384655152630979
33,1,6,1.104182389825159,8.2875,звичайний твел UO₂,161,313751.1162192526,4719.77736672312,0.0016202377334986855,2.4405685082644735e-05,0.04060858724815564,0.0002166467766993986,0.00280168764072146,3.9854825903994366e-05,0.003969153754351572,5.91911481959971e-05,0.003186865791350708,0.994302126901421,0.014978538850553526
34,3,5,3.312547169475477,8.2875,звичайний твел UO₂,166,334749.90131759294,4469.772469996838,0.001728787186042899,2.3110629605426504e-05,0.041289272632963815,0.00023395864656000043,0.0029316185866494014,3.8134923873094426e-05,0.004233484142538871,5.624141496435007e-05,0.0034001568568813286,1.0608489393469744,0.014190529331058747
35,5,4,5.520911949125795,8.2875,звичайний твел UO₂,171,315510.4341238242,4812.961758776719,0.0016293285918315406,2.487990838765971e-05,0.04081362447179033,0.00023210070909455833,0.0027562701580199885,3.673565485966916e-05,0.003991798225579966,6.068868215994228e-05,0.0032047357199544743,0.999877544625796,0.015273671399932789
36,7,3,7.729276728776114,8.2875,звичайний твел UO₂,176,339501.80466361553,4621.82961322565,0.0017533626250482847,2.390067999353256e-05,0.0412905869453531,0.00023978886873786073,0.0029632599063284778,3.8819616014608114e-05,0.00429368125481191,5.804198491328194e-05,0.003448423388646149,1.0759080972575985,0.014672277666894556
37,-8,10,-8.833459118601272,7.6499999999999995,звичайний твел UO₂,181,338526.011146807,4868.638655947476,0.001748343907540566,2.517363603493141e-05,0.04078129523939359,0.00022402228270475296,0.002961546687826072,4.1047056991636435e-05,0.004280772243433325,6.111429394850432e-05,0.003438511956248357,1.0728157303494874,0.015453014905028753
38,-6,9,-6.625094338950954,7.6499999999999995,звичайний твел UO₂,186,322083.88361446024,4650.804655301176,0.001663327574452312,2.40489753854583e-05,0.041350562531434105,0.0002408009948764851,0.002814333721803907,3.9191027382535344e-05,0.004073729918155931,5.833498458382387e-05,0.0032715042515387275,1.020709326480083,0.014761429213749525
39,-4,8,-4.416729559300636,7.6499999999999995,звичайний твел UO₂,191,331529.59460045304,5013.113559506656,0.001712123148686454,2.5920163167964033e-05,0.041743272900000926,0.00019755515500096546,0.002873553325519419,4.422267768231132e-05,0.004193268385246948,6.292987254938723e-05,0.003367447219260985,1.0506435324094274,0.01590922973231091
40,-2,7,-2.208364779650318,7.6499999999999995,звичайний твел UO₂,196,314995.0799245225,4498.1521298277,0.0016266574190608794,2.3252818272207493e-05,0.04104842318640954,0.0002582465262162377,0.002755899359037821,3.244721669111311e-05,0.0039852192687701024,5.6537126302569956e-05,0.0031995011101530043,0.9982443463677374,0.014277409925080337
42,2,5,2.208364779650318,7.6499999999999995,звичайний твел UO₂,204,328224.0363875903,4393.471794551569,0.001695076003186061,2.2715129622351256e-05,0.04122682457352503,0.00024317818118256625,0.002892222480610214,4.268256672024669e-05,0.0041512577284261104,5.5250932756924726e-05,0.0033338716561942096,1.0401679567325934,0.013948168508820814
43,4,4,4.416729559300636,7.6499999999999995,звичайний твел UO₂,209,332467.9310243939,4266.578038310872,0.0017169734884357082,2.2056919309259207e-05,0.04154095578251375,0.0002761294871241126,0.0028910387703512744,3.7803505674464863e-05,0.004204843590201466,5.366488340564246e-05,0.0033769781885409343,1.0536171948247715,0.013547438470855745
44,6,3,6.625094338950954,7.6499999999999995,звичайний твел UO₂,214,322505.68025073025,4734.141967033125,0.001665459464736919,2.4472449116669018e-05,0.041330014381113375,0.00023353751791542222,0.0028210164984292835,3.7950097903589425e-05,0.004080006356388667,5.952184061928054e-05,0.0032757885686344997,1.0220460334139638,0.015025191740388872
45,8,2,8.833459118601272,7.6499999999999995,звичайний твел UO₂,219,333809.9020859936,4042.981875574862,0.0017239498038517228,2.090689265693672e-05,0.04138872331562535,0.0002611933570492283,0.0029348826778581934,3.531386076930524e-05,0.004221278242287621,5.078219978621874e-05,0.003390608997956784,1.0578700073625167,0.012840521168355429
46,-9,10,-9.937641508426431,7.012499999999999,звичайний твел UO₂,224,343188.51674026984,5552.435969243495,0.0017724564194904306,2.8706471857878538e-05,0.04099734205162705,0.0002642673432992681,0.0030164523589964656,4.3662615125181636e-05,0.004338312376593855,6.97702374580716e-05,0.0034858704477713147,1.0875915797046503,0.017617662783722256
47,-7,9,-7.729276728776114,7.012499999999999,звичайний твел UO₂,229,320775.27458304877,4018.1162728864383,0.001656555575778845,2.0776399015687982e-05,0.04114829127301407,0.00021518107084425218,0.0028025892699150524,3.340775885466314e-05,0.00405799319282166,5.03851123999988e-05,0.0032582123104399636,1.0165622408572685,0.012759738559930758
48,-5,8,-5.520911949125795,7.012499999999999,звичайний твел UO₂,234,337301.1368229782,4747.534767307449,0.0017419883457708446,2.4546294857808923e-05,0.04149549471034808,0.00022872701242283475,0.0029532764725615107,3.822773662696647e-05,0.0042659632272108545,5.964456945300579e-05,0.0034260705341162168,1.0689340066442596,0.01506965912589454
49,-3,7,-3.312547169475477,7.012499999999999,звичайний твел UO₂,239,326709.87555113726,4079.501153197996,0.001687219254638344,2.1091769774895575e-05,0.041670043343565014,0.00025300805275241294,0.0028793279907083857,3.4017300842438915e-05,0.004132255557342188,5.127594105958409e-05,0.0033184918627119035,1.035369461166114,0.012954837255317072
50,-1,6,-1.104182389825159,7.012499999999999,звичайний твел UO₂,244,299108.0743210486,4070.872427312568,0.001544556660056832,2.1050177715208208e-05,0.040478750012631876,0.0002646704240379918,0.0027252487408908743,3.6022563707170056e-05,0.003785103452589093,5.115763357220208e-05,0.0030381319482045022,0.9478971678398047,0.012923242306671174
51,1,5,1.104182389825159,7.012499999999999,звичайний твел UO₂,249,324827.76389924705,4160.115625052665,0.0016775076227132355,2.1509853387425965e-05,0.04106218073398464,0.0002442687568328591,0.0028328473776457475,3.6217835658363995e-05,0.004108253337554829,5.2218991822871845e-05,0.0032993746805606854,1.029404900334934,0.013209497843686142
53,5,3,5.520911949125795,7.012499999999999,звичайний твел UO₂,257,313033.0931611393,3759.1393253171127,0.0016164728091365565,1.943362838906236e-05,0.04105011517692864,0.0002199861246323932,0.0027840459855335803,3.560117627372487e-05,0.003960979448361432,4.724830647496826e-05,0.0031795726121299425,0.9920266549845421,0.011939483782346601
54,7,2,7.729276728776114,7.012499999999999,звичайний твел UO₂,262,314166.9652187067,5269.448822921432,0.0016223903681231223,2.7247399136096077e-05,0.04085111422244613,0.0002351629939192153,0.002751885533621476,4.049976130463678e-05,0.003974966346399973,6.618069533819905e-05,0.003191089696485126,0.9956199853033593,0.016718333728770234
55,9,1,9.937641508426431,7.012499999999999,звичайний твел UO₂,267,334121.7403625857,4537.37030017578,0.0017255833549397975,2.345811410421257e-05,0.04079384018737907,0.0002830249486097909,0.00293833418928035,4.1809314056282844e-05,0.00422544876820188,5.7007637858302125e-05,0.0033937764344525653,1.0588582475492005,0.014404279487065933
56,-10,10,-11.04182389825159,6.375,звичайний твел UO₂,272,347657.2219788788,5266.708714994398,0.0017955565188412456,2.7232891163441702e-05,0.041227164324172186,0.0002541104060113318,0.00304715368013805,4.188273542223395e-05,0.004395076499279056,6.612386383946193e-05,0.003531260449974847,1.1017532603921523,0.016713933416114334
57,-8,9,-8.833459118601272,6.375,звичайний твел UO₂,277,305503.0366835846,3903.0042223600453,0.0015775926906203036,2.0178087189237278e-05,0.04062429978399847,0.00023824990949754488,0.0027316617128998956,3.203808227269348e-05,0.003865358846376014,4.908458251167032e-05,0.0031030875315844818,0.9681633098543583,0.01239321839357994
58,-6,8,-6.625094338950954,6.375,звичайний твел UO₂,282,318053.6842302456,4349.30580908045,0.0016424870627170555,2.2485578667893417e-05,0.04096414388686351,0.00018491765956483032,0.0028226193241256653,3.7368523619049655e-05,0.00402391029169619,5.468390133927302e-05,0.0032305682870562903,1.0079373055615626,0.013806921676047516
60,-2,6,-2.208364779650318,6.375,звичайний твел UO₂,290,300925.1741956465,4002.816883862141,0.001553914652567562,2.0694106576185982e-05,0.04076338894476301,0.00023845870766658339,0.0026777846718483915,3.508014611433158e-05,0.0038085285364536387,5.033636929843687e-05,0.003056588785903135,0.9536557012017781,0.012708224248238299
61,0,5,0.0,6.375,звичайний твел UO₂,295,296834.77778986696,4436.631071370428,0.0015328340220863727,2.2936022950020887e-05,0.040308638242152015,0.00020856648970813757,0.002675687273301356,3.434093254020076e-05,0.003756168317618059,5.57989045566102e-05,0.0030150413819106875,0.9406929111561345,0.014080212677580067
62,2,4,2.208364779650318,6.375,звичайний твел UO₂,300,331925.5189830022,4204.089123843363,0.001714230447780863,2.173904590632247e-05,0.040931356712106494,0.0002401178585610764,0.0028928891119080506,3.5241944047208744e-05,0.004197392881949735,5.276509389620199e-05,0.0033714687439838674,1.0518982481229666,0.013349709537364326
63,4,3,4.416729559300636,6.375,звичайний твел UO₂,305,318011.9343630321,4408.131744560528,0.0016422775272062697,2.2789077126499386e-05,0.041022077631048565,0.00028439080491008794,0.00284690446822911,3.511525446548457e-05,0.0040224926735427735,5.543395404137834e-05,0.0032301442209199866,1.0078049969270357,0.01399302483454383
64,6,2,6.625094338950954,6.375,звичайний твел UO₂,310,316169.97368301725,4136.506535012394,0.0016327359746886047,2.138519359871147e-05,0.040755280936268186,0.0002123611093569344,0.002742069465000504,3.280691311642182e-05,0.00399985267244818,5.197830968301199e-05,0.0032114348644374097,1.0019676777044717,0.013133464074750528
65,8,1,8.833459118601272,6.375,звичайний твел UO₂,315,299690.74494631425,3804.449223091709,0.0015475449864843203,1.96699569264616e-05,0.040294898381420564,0.00024661995746723896,0.0026968276857697116,3.723924827325314e-05,0.003792790847199237,4.7819839925883345e-05,0.0030440503114781054,0.9497436971811688,0.012080579574111815
66,10,0,11.04182389825159,6.375,звичайний твел UO₂,320,351541.6006833363,5566.3001325944415,0.001815630015379418,2.8776153276563063e-05,0.04147519319631669,0.00028575383218929976,0.003068779437079305,4.523616059105912e-05,0.004444403515991013,6.99933930124337e-05,0.003570715269333119,1.1140631640319332,0.017662604460693627
67,-9,9,-9.937641508426431,5.7375,звичайний твел UO₂,325,305251.70678350824,4295.033782438803,0.0015762910150859018,2.2210772656192586e-05,0.04041406314489805,0.00019752656822411845,0.0027265882373672767,3.5133698881030214e-05,0.003862341243877066,5.386760551428714e-05,0.003100534697125919,0.9673668255032868,0.013633341616035143
68,-7,8,-7.729276728776114,5.7375,звичайний твел UO₂,330,296230.5960699247,4140.990945286764,0.0015297045877002708,2.1411452424530703e-05,0.04040623917174461,0.00023685250212300384,0.0026188610406554015,3.5432091049158897e-05,0.0037487902851288347,5.204911045333554e-05,0.0030089045238868967,0.9387782114527118,0.013144656137690905
69,-5,7,-5.520911949125795,5.7375,звичайний твел UO₂,335,329697.41328353353,5106.860044032048,0.001702685603240136,2.640376424243697e-05,0.04154664857385591,0.0002278014614501949,0.0028661993390961937,3.77989260252104e-05,0.004169599175497496,6.417043539792984e-05,0.0033488371947523795,1.0448372047627423,0.016205670529361317
70,-3,6,-3.312547169475477,5.7375,звичайний твел UO₂,340,325316.5211575677,4917.7177733784665,0.0016800345849446283,2.542723621116619e-05,0.04146885024792056,0.00025465224354274393,0.002887477450323631,4.0118762184653476e-05,0.004114340686936813,6.178304334905166e-05,0.0033043391371197113,1.0309538107813498,0.015606501889954731
71,-1,5,-1.104182389825159,5.7375,твег UO₂-Gd₂O₃,345,105731.46175439602,1055.091725894937,0.000544946815708867,5.450823109454305e-06,0.03626302855448903,0.00022114352888594064,0.007530086977619653,0.00012475950322439713,0.0013520819216313233,1.332095075825086e-05,0.0010739467084449345,0.33507137303481954,0.003354424556204297
72,1,4,1.104182389825159,5.7375,звичайний твел UO₂,350,310455.7418614371,4633.333452618742,0.001603207564012763,2.3956881171710193e-05,0.04072384253923653,0.000225523701209166,0.0027297107098785195,3.778203252393807e-05,0.003928045094575504,5.82139454066636e-05,0.0031533936688060427,0.9838588246674853,0.01470453529638195
73,3,3,3.312547169475477,5.7375,звичайний твел UO₂,355,318772.7803665801,4600.9017697969975,0.0016462194065136918,2.3783917509563018e-05,0.04070712024431313,0.0002454706470590687,0.002793018096058939,3.844732818396917e-05,0.00403198817668796,5.795670879007773e-05,0.0032378723658598716,1.01021617814828,0.014603060236959687
74,5,2,5.520911949125795,5.7375,звичайний твел UO₂,360,301178.47328641696,3991.3725515779674,0.001555218663022361,2.0639860230691608e-05,0.04068896857213909,0.00021506145059100226,0.00267676490576371,3.4389199488017345e-05,0.0038119603255746945,5.010016293148577e-05,0.0030591616220322425,0.9544584260740596,0.012672060804056463
75,7,1,7.729276728776114,5.7375,звичайний твел UO₂,365,293814.91692219523,3984.2660484219273,0.0015171699039104685,2.0600528902416685e-05,0.04030733475046719,0.00020750681202651988,0.0026371400022411817,3.437322132277623e-05,0.0037185812824371673,5.0050187398199345e-05,0.0029843677339256506,0.931122732984803,0.012648464793075275
76,9,0,9.937641508426431,5.7375,звичайний твел UO₂,370,303197.9089258325,4557.632308059709,0.0015656975975895425,2.35604386894305e-05,0.040547602230856815,0.00023145539311577614,0.0026932656057217963,3.729108219944552e-05,0.0038363067655721875,5.7332849083387366e-05,0.00307967364581287,0.9608581774936155,0.014463990781684602
77,-10,9,-11.04182389825159,5.1,звичайний твел UO₂,375,333865.0617786773,5315.659607103915,0.0017242093640900066,2.748023468666634e-05,0.04138503811712081,0.0002589280761440888,0.0029589642131078687,4.494645693165612e-05,0.004222343390398856,6.688038301315806e-05,0.0033911692717808048,1.058044812795611,0.016867052739341713
78,-8,8,-8.833459118601272,5.1,твег UO₂-Gd₂O₃,380,104583.14380661192,1246.3819334537488,0.0005389706811779643,6.443758913055372e-06,0.036278551958124454,0.00021753772301525936,0.007494786817207415,0.00011390825690812674,0.001338656636803198,1.5633309232807405e-05,0.0010622828927763716,0.33143226254622793,0.003958795257102617
79,-6,7,-6.625094338950954,5.1,звичайний твел UO₂,385,319516.0506965431,4631.201530872342,0.0016500515689964743,2.3941121301437085e-05,0.04115466556540558,0.00024604442278305396,0.0028530867329142617,3.680256474508595e-05,0.004041398951792022,5.820448843297519e-05,0.003245421989322023,1.0125716606684712,0.014699039994273442
80,-4,6,-4.416729559300636,5.1,звичайний твел UO₂,390,332372.5110914626,4678.787955812485,0.001716437941265235,2.418724963075522e-05,0.04164544912456055,0.0002543707376576515,0.0029218900301171023,3.886613945549828e-05,0.0042051680136974984,5.885657586283573e-05,0.003376008979176085,1.0533148015029385,0.014851436107384926
81,-2,5,-2.208364779650318,5.1,звичайний твел UO₂,395,302926.87310302694,4830.313656577874,0.0015642947178036457,2.4973991623247517e-05,0.040674587687922925,0.00021182141456608223,0.002713745086592889,3.9528767325002635e-05,0.0038329932943209563,6.0725169726292386e-05,0.003076920652286224,0.9599992435133019,0.015326949648093861
82,0,4,0.0,5.1,звичайний твел UO₂,400,293157.356714746,4246.789959508508,0.0015138108427979657,2.1953553441852068e-05,0.04045814924173536,0.00024925460173172415,0.002617701327647871,3.6719023438698524e-05,0.003709883891112621,5.3491346962386115e-05,0.002977688694322142,0.9290388726285083,0.01347897313217349
83,2,3,2.208364779650318,5.1,звичайний твел UO₂,405,314046.1794168236,4223.958883094131,0.0016217764972501594,2.1835995718639163e-05,0.04086082388665207,0.00022611684229760883,0.0027792286190809314,3.654381763308436e-05,0.003973633593155075,5.3114381827793945e-05,0.0031898628382519487,0.995237205534608,0.013409778586823557
84,4,2,4.416729559300636,5.1,звичайний твел UO₂,410,290137.26692026295,4074.044409236417,0.001498155687309402,2.106843658604684e-05,0.03999987981215233,0.00021114513612665285,0.0025991039976051783,3.40262553390025e-05,0.003673225517990299,5.1148473910433004e-05,0.002947012721057653,0.9194679689699877,0.012931960238969788
85,6,1,6.625094338950954,5.1,звичайний твел UO₂,415,315765.35113960016,4526.2861504150715,0.0016306825754548405,2.3405944734830287e-05,0.0406022323483964,0.00021565970811060107,0.0028024085742922194,4.000174026682065e-05,0.003994189095832551,5.675037457991988e-05,0.0032073249898413804,1.0006853968305107,0.014366538755278546
86,8,0,8.833459118601272,5.1,твег UO₂-Gd₂O₃,420,105124.55766673415,974.1825571308137,0.0005417798571093406,5.033422272034634e-06,0.03598445777087066,0.00019769310592825546,0.007779472360205769,0.00012789013341134168,0.001344832236964291,1.2312354713961893e-05,0.0010677821985018083,0.3331480459325642,0.0030987739748796657
87,10,-1,11.04182389825159,5.1,звичайний твел UO₂,425,343480.2026321959,4984.640133361836,0.0017739462227337774,2.5777575315047095e-05,0.041413313444329025,0.00024609360772529307,0.002981816340101872,4.0606930581233095e-05,0.0043432060687097285,6.25710207172495e-05,0.003488833190348935,1.088515955388868,0.015820765236439063
88,-9,8,-9.937641508426431,4.4624999999999995,звичайний твел UO₂,430,307338.41370837385,4398.793137217824,0.0015870517276908947,2.2740362412815042e-05,0.04105513567239631,0.00024298017764456714,0.0027385859814812526,4.064991192708471e-05,0.0038892703204731964,5.5318605452463916e-05,0.003121730015872711,0.9739797649522859,0.013961939169198558
89,-7,7,-7.729276728776114,4.4624999999999995,звичайний твел UO₂,435,290883.2466484514,4001.239346149656,0.0015020361171392052,2.068935879226804e-05,0.04012449679254829,0.00023518525188677257,0.00259977807097114,3.367978449306912e-05,0.003681346008058061,5.0253154430883725e-05,0.002954589864704031,0.9218320377876577,0.012701726486802246
90,-5,6,-5.520911949125795,4.4624999999999995,звичайний твел UO₂,440,326946.4849340477,4814.1487299591045,0.0016884643859181973,2.4889966664075177e-05,0.04108550585505235,0.00022881297960794715,0.002869814159990075,4.221107678701197e-05,0.004135270213876856,6.0555231508844124e-05,0.003320895176387393,1.0361192950328666,0.015278977307701879
91,-3,5,-3.312547169475477,4.4624999999999995,звичайний твел UO₂,445,317583.497973547,4267.508040166238,0.0016400130809916067,2.2062103371165685e-05,0.04110644101600973,0.00024015034716287653,0.0028237537392803986,3.7542092904801705e-05,0.004018287991851618,5.3652394828924133e-05,0.0032257924618254766,1.0064472480895488,0.013548079071420372
92,-1,4,-1.104182389825159,4.4624999999999995,звичайний твел UO₂,450,299730.55559495755,4473.470734270369,0.0015477949594001048,2.3124149599061716e-05,0.040776707688507906,0.00024197734630146536,0.002704249473786841,4.0282405045299396e-05,0.003792028593837412,5.633096478921757e-05,0.0030444546803798695,0.9498698602785192,0.014197186626408327
93,1,3,1.104182389825159,4.4624999999999995,звичайний твел UO₂,455,319992.1255354267,4907.188011200344,0.0016525381702026058,2.537139291855289e-05,0.040668086713770195,0.00020946079382348908,0.002830435027488436,3.8790988578576394e-05,0.0040479775009300955,6.170627532228198e-05,0.003250257626678292,1.014080379523627,0.015572468193003687
94,3,2,3.312547169475477,4.4624999999999995,звичайний твел UO₂,460,295337.52013576956,4096.009984298213,0.0015250601594112559,2.1176653268625926e-05,0.03987482027728619,0.00023000615812955483,0.0026436871319899065,3.7595126142763635e-05,0.0037383721292566707,5.1476414334086e-05,0.002999833279207567,0.935947983112761,0.013002213009087254
95,5,1,5.520911949125795,4.4624999999999995,звичайний твел UO₂,465,298721.87800597935,4377.379971348764,0.0015425551621569221,2.2632830805277147e-05,0.04030900924181999,0.00023341786375043576,0.0026547695376512577,3.424310141430396e-05,0.003780176458992469,5.4971206249280586e-05,0.0030342092344303787,0.9466732811422781,0.013892974623504327
96,7,0,7.729276728776114,4.4624999999999995,звичайний твел UO₂,470,302961.41158225155,4089.013933276845,0.0015644967698757208,2.1138920836973028e-05,0.040100345918424304,0.00020567692313959064,0.002692976308673492,3.963079293591402e-05,0.003832881397735593,5.143029736804028e-05,0.0030772714701550255,0.960108698688368,0.012981211153584454
97,9,-1,9.937641508426431,4.4624999999999995,звичайний твел UO₂,475,310955.1220045912,4216.098222829546,0.0016057955825372699,2.179984551584036e-05,0.04083075587084756,0.00022415650702816046,0.00274155149872991,3.486426148494335e-05,0.003934115132743639,5.3021964231976584e-05,0.0031584660252466346,0.98544139987695,0.013384446606609758
98,-10,8,-11.04182389825159,3.8249999999999997,звичайний твел UO₂,480,340804.12025501026,4877.755350722875,0.0017600823324361642,2.5212588973145684e-05,0.041534612496857845,0.0002475230641052417,0.002975762604911174,3.8644701934382246e-05,0.004309818393751537,6.14221411333271e-05,0.0034616514053549667,1.0800352384707497,0.015482183887026104
99,-8,7,-8.833459118601272,3.8249999999999997,звичайний твел UO₂,485,292235.4980723591,3563.86944459729,0.0015090216522733392,1.8425470882418704e-05,0.04022604670578414,0.00025651196728977753,0.0026221979044258117,3.180733737727528e-05,0.0036984143313012223,4.477612910026084e-05,0.002968325094895676,0.9261174296074509,0.01131852217510135
101,-4,5,-4.416729559300636,3.8249999999999997,звичайний твел UO₂,493,312705.7151319834,3470.027021072347,0.001614811631550016,1.794060011772395e-05,0.04114939395894073,0.00023599902490658965,0.002729105568005957,2.7539693345367077e-05,0.003957080429766981,4.360749145700349e-05,0.003176247333627259,0.9909891680917049,0.01102540432348303
102,-2,4,-2.208364779650318,3.8249999999999997,звичайний твел UO₂,498,332062.57866932853,4454.070728593964,0.0017149359125049387,2.30218860435559e-05,0.041094753877956414,0.00023841266655321932,0.0029368921696633003,3.877825112388656e-05,0.004199460421638302,5.602919649812648e-05,0.0033728609010253785,1.052332601119918,0.014140450572388412
103,0,3,0.0,3.8249999999999997,звичайний твел UO₂,503,325931.8316495137,4215.389973793535,0.0016832282054437995,2.179572703161885e-05,0.040794511763563295,0.0002254449974604052,0.0028394815069935704,3.1565060261110867e-05,0.004122218122331923,5.2981763831461006e-05,0.003310589033475368,1.0329037784443147,0.01338450243469347
104,2,2,2.208364779650318,3.8249999999999997,звичайний твел UO₂,508,323012.56017221673,4770.658194937964,0.0016681491680113317,2.4663042092830206e-05,0.040881391523442355,0.00023733997367764793,0.002849179389575284,4.070334491403935e-05,0.004086265191446297,6.000135671144924e-05,0.0032809371026112804,1.0236523760147196,0.015140813586675992
105,4,1,4.416729559300636,3.8249999999999997,твег UO₂-Gd₂O₃,513,104207.18883697405,881.6233161078951,0.0005370506456496717,4.5615183292559125e-06,0.03611985286986531,0.00019290896768263293,0.007564424909047256,0.0001188865840537946,0.0013328035634847383,1.1017106078766876e-05,0.0010584642034717256,0.3302408314831784,0.0028064293744204886
107,8,-1,8.833459118601272,3.8249999999999997,звичайний твел UO₂,521,295011.4790921758,4280.132539933728,0.0015233462360213802,2.2130273198515107e-05,0.04044697199716001,0.00026538001655094037,0.002657046812565735,3.5458234839058856e-05,0.0037334642394051,5.3755269976187886e-05,0.002996521580875061,0.934914733233019,0.013584737150965587
108,10,-2,11.04182389825159,3.8249999999999997,звичайний твел UO₂,526,341626.82130673423,4811.867909698557,0.0017643772817484231,2.4880775968483634e-05,0.041225645901978865,0.00023966346392499715,0.002964361526192969,4.2415189405893516e-05,0.004320144074136881,6.04376040385214e-05,0.0034700078308869007,1.082642443236713,0.015273830520177464
109,-9,7,-9.937641508426431,3.1875,звичайний твел UO₂,531,319390.2879921806,4349.748422974676,0.0016493701265706678,2.2490829299037753e-05,0.04109718618216943,0.00023712037767303806,0.002800734855882123,3.632149221348835e-05,0.00404076504839081,5.4574053143712456e-05,0.0032441445791722514,1.0121731087017425,0.01380852076421505
110,-7,6,-7.729276728776114,3.1875,звичайний твел UO₂,536,321388.17668830446,4430.55432315547,0.001659717531811992,2.2903493992727536e-05,0.04116350809959734,0.0002220463231217683,0.0028234175530576135,3.792028151357096e-05,0.004065401800237011,5.5751415681542304e-05,0.0032644377440773733,1.0185045761521405,0.014064460575515988
111,-5,5,-5.520911949125795,3.1875,звичайний твел UO₂,541,296428.4673156819,3681.186896005439,0.0015306807492701706,1.903326898181682e-05,0.04046855013609696,0.00022266848466645216,0.0026809767145811033,3.2490062114970945e-05,0.0037521093299591303,4.6202172062240435e-05,0.0030109143624869766,0.9394052810959367,0.011690216749402307
112,-3,4,-3.312547169475477,3.1875,звичайний твел UO₂,546,321247.13292111305,3715.356774187177,0.001658957593952211,1.9206737937090966e-05,0.04162851069687469,0.00024103986552131976,0.002854447156763218,3.4195125796069816e-05,0.004063716312654484,4.675357499661244e-05,0.0032630051195112458,1.0180575972875088,0.011802467100699605
113,-1,3,-1.104182389825159,3.1875,звичайний твел UO₂,551,328117.40615591494,4099.605211726752,0.0016945327555274376,2.1194698490059528e-05,0.041221453409655794,0.0002072668513607109,0.0029155612505269374,3.7328485436176654e-05,0.0041494177016416925,5.1530337525536095e-05,0.0033327885804055246,1.0398300370865237,0.013018646670084053
115,3,1,3.312547169475477,3.1875,звичайний твел UO₂,559,299607.0955709111,4595.266147741171,0.0015471153326910476,2.375384329523585e-05,0.04057016079309816,0.0002429632938299052,0.0026993869108713694,3.6527183183099275e-05,0.0037920965733655295,5.783471317653619e-05,0.0030432006592564574,0.9494786056880147,0.014582609540703267
116,5,0,5.520911949125795,3.1875,звичайний твел UO₂,564,299840.6184713012,4153.115371429064,0.001548422727152172,2.1470259413000012e-05,0.040392503742359684,0.0002444391688210113,0.002670474374948076,3.423599822871639e-05,0.0037928178298358693,5.221778488472264e-05,0.0030455726225875144,0.9502186582473046,0.013183542581056739
117,7,-1,7.729276728776114,3.1875,звичайний твел UO₂,569,310458.8825366974,4435.623459702942,0.001603207447743988,2.2930892233488012e-05,0.040731049671903836,0.0002397639944462885,0.0027874533059767215,3.6870500256985424e-05,0.003928092472086756,5.572756860486214e-05,0.0031534255696026654,0.9838687777160317,0.014078917721197712
118,9,-2,9.937641508426431,3.1875,звичайний твел UO₂,574,319485.36903300916,4964.432429541183,0.0016498704675272998,2.5663167600535516e-05,0.041450875357805554,0.0002652543320942072,0.002836565446454684,4.1487665933065274e-05,0.004041766936685866,6.247206957867594e-05,0.0032451103463066408,1.0124744280476718,0.015753569868486653
119,-10,7,-11.04182389825159,2.55,звичайний твел UO₂,579,354706.93585964467,4978.870064259747,0.001831930566975124,2.5744012821234545e-05,0.041706679114778614,0.000252234263197326,0.003101864662461062,3.9366175466825445e-05,0.004485232185674789,6.247476743272353e-05,0.003602866544245196,1.1240943618045012,0.015804105393897004
120,-8,6,-8.833459118601272,2.55,звичайний твел UO₂,584,310947.0022083496,4089.1730494789604,0.0016057314893209982,2.113823109582903e-05,0.04081108241205704,0.00024666027177397626,0.0027408994504408515,3.6306586589620614e-05,0.00393396624189078,5.145823984887425e-05,0.0031583835499994165,0.9854156675998179,0.012982931252864429
121,-6,5,-6.625094338950954,2.55,звичайний твел UO₂,589,300391.9338456624,4133.883289021742,0.0015512245309945167,2.137372520028001e-05,0.04049350170211908,0.0002159609973940463,0.002734327284137011,3.601701785588733e-05,0.003800538170809007,5.190912445244719e-05,0.003051172501013348,0.9519658203161645,0.0131227779787361
122,-4,4,-4.416729559300636,2.55,звичайний твел UO₂,594,302560.6591476984,4455.26040016585,0.0015623875066720552,2.303569254175511e-05,0.04056930268942949,0.00022188480270607605,0.0027100811815678532,3.749981834606616e-05,0.0038285360089994054,5.59892597449153e-05,0.003073200905435232,0.9588386824957923,0.014139948335259968
124,0,2,0.0,2.55,звичайний твел UO₂,602,342312.5442643907,4582.732237521669,0.0017679088047089795,2.3694214378671476e-05,0.04147898916896779,0.00020673174370227726,0.003022848900308449,3.6025010535584464e-05,0.0043280577859516976,5.76033790524952e-05,0.003476972928134785,1.0848155535780528,0.014549015164190842
125,2,1,2.208364779650318,2.55,звичайний твел UO₂,607,333778.03172710113,4402.969821951476,0.0017237421351639615,2.2763978151157953e-05,0.041291394648108146,0.0002289799866061558,0.0029109726002686798,4.015912681441636e-05,0.004221194753333879,5.530930580251269e-05,0.003390285281000056,1.0577690076720174,0.013979062367749467
126,4,0,4.416729559300636,2.55,звичайний твел UO₂,612,297609.6311139412,3809.234938137103,0.0015368150592637354,1.9695880517001058e-05,0.04045953375788655,0.00019910556808824925,0.0026895235234217214,3.539243791601429e-05,0.0037668224634124503,4.787873126205567e-05,0.0030229118034778286,0.9431484826850824,0.012095384686808245
127,6,-1,6.625094338950954,2.55,звичайний твел UO₂,617,325162.23658189044,4156.985819297778,0.0016792610492275984,2.149087830228819e-05,0.041195513712590864,0.000247213273356009,0.0028912111021261516,3.5156383513130304e-05,0.004112459060221572,5.227985359316371e-05,0.0033027720216229324,1.0304648707463548,0.013199651669163499
128,8,-2,8.833459118601272,2.55,звичайний твел UO₂,622,323836.5148888966,4150.286792564846,0.0016723825312767056,2.145632175986646e-05,0.041301602235566955,0.00025318497445272077,0.002848153158249507,4.0973017430925697e-05,0.00409620172840064,5.217724184627443e-05,0.003289306262000579,1.0262635537441807,0.01317825317674909
129,10,-3,11.04182389825159,2.55,звичайний твел UO₂,627,349550.4817386753,4877.218286785489,0.0018052844590017772,2.5213227198169286e-05,0.04234866456920039,0.000270904760400018,0.0030847687774514182,4.2362814892742415e-05,0.004419858196224763,6.132167571561197e-05,0.0035504908668585917,1.1077531504598805,0.01548174125716826
130,-9,6,-9.937641508426431,1.9124999999999999,звичайний твел UO₂,632,329307.1300184557,4271.714682152697,0.0017006311106017246,2.2087215642783663e-05,0.04140792227131477,0.00023963750443525196,0.002915851409669966,4.180509200007848e-05,0.004164945311857929,5.364873331705773e-05,0.003344872968580371,1.0436003661970756,0.013563188413358806
131,-7,5,-7.729276728776114,1.9124999999999999,звичайний твел UO₂,637,309894.68650128855,4577.505431993208,0.0016002939982207329,2.366677680766814e-05,0.040759018888631864,0.0002504118069610922,0.0027544490119405956,3.883142320600595e-05,0.00392080795793446,5.752311281246987e-05,0.003147694858373566,0.9820807958125527,0.01452779207175976
132,-5,4,-5.520911949125795,1.9124999999999999,твег UO₂-Gd₂O₃,642,103053.79178673307,1034.4355159511772,0.000531079079545452,5.344838256370472e-06,0.03604996711050502,0.00020074497455184164,0.00748353552600738,9.845355986255645e-05,0.001318538209046409,1.299378290959729e-05,0.001046748797810223,0.32658562491678955,0.0032886297511192167
133,-3,3,-3.312547169475477,1.9124999999999999,звичайний твел UO₂,647,330806.75709461054,4449.624804934489,0.0017084272821595485,2.301013698424802e-05,0.04132862321383296,0.00017441249044373186,0.0029143875040416787,3.655493455026384e-05,0.004183623708804238,5.5825866312027826e-05,0.003360105138226077,1.048352803126536,0.014126196296755112
134,-1,2,-1.104182389825159,1.9124999999999999,звичайний твел UO₂,652,341195.01418097544,4272.824437929191,0.0017620728699970806,2.209130734593022e-05,0.041633331875736916,0.00019315880227569824,0.002935916313986007,3.4099911270616366e-05,0.0043151865382017015,5.376043957744858e-05,0.0034656218341958785,1.081274012269114,0.013568591574969245
135,1,1,1.104182389825159,1.9124999999999999,звичайний твел UO₂,657,337026.87724117056,4624.242031602935,0.0017405703869845428,2.3913911167821874e-05,0.04174549249265404,0.0002195890482534552,0.0029181692611417657,3.662676746391896e-05,0.004261640722217521,5.8092228774623545e-05,0.003423284795886039,1.068064856316444,0.014679542109297918
136,3,0,3.312547169475477,1.9124999999999999,звичайний твел UO₂,662,331984.3679112214,5048.865785784372,0.0017145166878780858,2.610352565066228e-05,0.04111328148997186,0.00021198426433369038,0.0028920576359738994,4.165014432408476e-05,0.004199015530683701,6.338207860038346e-05,0.003372066490498555,1.052084745035549,0.016022434526147464
137,5,-1,5.520911949125795,1.9124999999999999,звичайний твел UO₂,667,314447.5351850581,4149.684476013305,0.0016238497996005732,2.1454161008311476e-05,0.040865192524719464,0.0002271328909174826,0.002785576711324642,3.822291330748863e-05,0.00397808870434403,5.2131607647036407e-05,0.003193939531215979,0.9965091337393854,0.013174882562843404
138,7,-2,7.729276728776114,1.9124999999999999,звичайний твел UO₂,672,322935.4065765629,5077.886865134098,0.0016677364059275064,2.6252049980244067e-05,0.04110743018972442,0.00024142197829444116,0.0028676800732441985,3.7845735274977284e-05,0.004084881547667164,6.387494428857128e-05,0.0032801534300059628,1.0234078701618605,0.016113093010987484
139,9,-3,9.937641508426431,1.9124999999999999,звичайний твел UO₂,677,332973.24674444663,4230.765858444166,0.0017196177500462717,2.1871471592355117e-05,0.041775059532435176,0.0002158125464234369,0.0029116253830678836,3.8089462119277036e-05,0.004210733686303636,5.3164609792408715e-05,0.0033821108344466223,1.0552185803473462,0.013434249795866113
140,-10,6,-11.04182389825159,1.275,звичайний твел UO₂,682,350483.25317506725,4822.55421896374,0.0018101285260673367,2.493782002454195e-05,0.04179428102010719,0.0002621353201673641,0.003066663706821213,3.7191247536459155e-05,0.0044306121021619,6.047631293906215e-05,0.003559965310862511,1.1107091769891033,0.015308931930583046
141,-8,5,-8.833459118601272,1.275,звичайний твел UO₂,687,319536.99735840526,4527.325300483856,0.0016501298022274869,2.3407421759529876e-05,0.04111784532360062,0.00023009215667963443,0.0028065135389044975,4.123145573523277e-05,0.004041719755563578,5.6901844296973104e-05,0.003245634750955944,1.0126380422982546,0.014370364040765696
142,-6,4,-6.625094338950954,1.275,звичайний твел UO₂,692,298218.2521718935,4559.407953478818,0.0015399622129209402,2.3571746851782585e-05,0.040435725757632955,0.00024729269847833136,0.002702716462046496,4.03400963440686e-05,0.0037741561166296953,5.727361013873729e-05,0.003029093753211924,0.9450772510021204,0.01446894306662566
143,-4,3,-4.416729559300636,1.275,звичайний твел UO₂,697,308706.57134924096,4395.385354313854,0.0015942032732998352,2.2724587595175778e-05,0.04033464530047921,0.0002204767827291361,0.002759823373296191,3.5435439671760414e-05,0.003904908367038593,5.5215684747242556e-05,0.003135626810361906,0.9783155648329147,0.013951351180741041
144,-2,2,-2.208364779650318,1.275,звичайний твел UO₂,702,345484.50709429866,4571.542212568702,0.0017843171518574206,2.3639910980479415e-05,0.0416985237391767,0.00021986738639737002,0.002985096215953647,3.5686759551795954e-05,0.004367640104352607,5.7411538621402115e-05,0.0035091915221461146,1.0948677549095878,0.01451410088445841
145,0,1,0.0,1.275,звичайний твел UO₂,707,345570.779717872,4503.55958906175,0.0017847773352152013,2.328575140033208e-05,0.04177735175706487,0.00020168449880527127,0.0030436644964616077,3.529093843962314e-05,0.004368392717904223,5.653700065668004e-05,0.0035100678194995997,1.0951411596838752,0.01429907160755847
146,2,0,2.208364779650318,1.275,звичайний твел UO₂,712,339448.9451164037,5289.660224135635,0.0017531205280350416,2.7348891007343905e-05,0.04133857412974384,0.00019679939344747338,0.002944194541720412,4.3949471731520595e-05,0.004292326756972813,6.646223120719044e-05,0.0034478864781013014,1.0757405811676062,0.0167854849442379
147,4,-1,4.416729559300636,1.275,звичайний твел UO₂,717,332455.9660730158,4488.610264665904,0.0017169686066944847,2.321310380127204e-05,0.04153020165362323,0.0002282076702255389,0.0029420162061402286,3.9255323692019406e-05,0.004204590173185933,5.626943296727104e-05,0.0033768566568801025,1.053579276946592,0.014249775035845185
148,6,-2,6.625094338950954,1.275,звичайний твел UO₂,722,326832.9506491163,4316.630919936135,0.001687874462711623,2.2318064649308278e-05,0.041391226674130886,0.00022437376209517702,0.002886319040602125,3.647623095884133e-05,0.004133562452669084,5.425926831113261e-05,0.003319741974023834,1.0357594958954364,0.013704882045520644
149,8,-3,8.833459118601272,1.275,звичайний твел UO₂,727,333720.937923564,5089.324699002654,0.0017234237877413272,2.6312278696809833e-05,0.0416309251951624,0.00026707574240430803,0.0029155465417334504,3.899550244690277e-05,0.004221566730177979,6.39622114717653e-05,0.003389705361822132,1.0575880728885052,0.016150706581457966
150,10,-4,11.04182389825159,1.275,звичайний твел UO₂,732,355182.7096308602,4503.981650614257,0.0018344457711088535,2.32901296519351e-05,0.04193823440542863,0.0002221195839155692,0.003114342880713673,4.220751049109497e-05,0.004489616334316306,5.654695455783408e-05,0.0036076991235653253,1.1256021265523815,0.014301924179689273
151,-9,5,-9.937641508426431,0.6375,звичайний твел UO₂,737,334755.8631075491,4174.545766261772,0.0017288087391223524,2.1586938115899863e-05,0.04150938198880375,0.000220995178324676,0.0029171785855949075,3.483542232109944e-05,0.004232651988869272,5.237503976409841e-05,0.0034002174126004456,1.060867832731339,0.013256730930231928
152,-7,4,-7.729276728776114,0.6375,звичайний твел UO₂,742,324117.8181974373,5077.865874564578,0.001673817855102676,2.6253389242271723e-05,0.0409646533497576,0.00022521066109725387,0.00285474834658235,4.1024201015910926e-05,0.004099779133330678,6.387032888078476e-05,0.003292163545511741,1.0271550261996631,0.01611317956762294
153,-5,3,-5.520911949125795,0.6375,звичайний твел UO₂,747,297109.82669453457,4062.955943102352,0.0015342112371655324,2.101076905332178e-05,0.04088835704988059,0.00021749842899558596,0.0026711424976278726,3.5764109855532425e-05,0.0037599717015732526,5.0968445135731224e-05,0.003017835137533922,0.9415645629105837,0.012897900142279251
154,-3,2,-3.312547169475477,0.6375,звичайний твел UO₂,752,339418.8455121063,5135.153594759652,0.0017529858150681795,2.6551547205146467e-05,0.04121686816433116,0.00021644880949392081,0.002986575140207739,4.0819501710764645e-05,0.0042912365245040196,6.454545620662006e-05,0.0034475807472391317,1.075645193138609,0.01629650218101641
155,-1,1,-1.104182389825159,0.6375,звичайний твел UO₂,757,346179.6032196973,4087.0996786001683,0.0017879225230644253,2.1132250926152158e-05,0.0415026797404897,0.00020663047162994692,0.00300681461288055,3.2763281901999666e-05,0.004376967345349621,5.1388801563767675e-05,0.0035162518255178656,1.0970705695615741,0.01298212027011821
156,1,0,1.104182389825159,0.6375,звичайний твел UO₂,762,348475.61946015037,5494.9119569624,0.0017997467446536175,2.840834035029401e-05,0.041744773288291306,0.00023496730770641703,0.0030597425343668514,4.565865215531066e-05,0.004405982186001121,6.908155592197189e-05,0.0035395731628289724,1.1043468268026393,0.01743626576988125
158,5,-2,5.520911949125795,0.6375,звичайний твел UO₂,770,317959.67355821416,4461.100114289356,0.0016419872531648486,2.306656370371525e-05,0.041313438150553834,0.0002271498236229751,0.0027965297589853744,3.373319445914413e-05,0.004022353001151399,5.6070240074925424e-05,0.0032296133919842694,1.007639378299092,0.014160601956624178
160,9,-4,9.937641508426431,0.6375,звичайний твел UO₂,778,336738.7356101041,5360.430071087072,0.0017390108769669702,2.771496259526388e-05,0.041802247378997744,0.0002509268616154442,0.0029774134945237236,4.584491962059126e-05,0.004259447676117539,6.735780895081162e-05,0.00342035805344708,1.067151712675489,0.017009121212065447
161,-10,5,-11.04182389825159,0.0,звичайний твел UO₂,783,349727.15876518306,4981.634242359269,0.0018061897417136494,2.575722699154311e-05,0.04191707228839247,0.00024140397698158112,0.003014577124631768,3.662444932568279e-05,0.00442212429331536,6.253343265808155e-05,0.003552285429308854,1.1083130539443626,0.015812136267458067
162,-8,4,-8.833459118601272,0.0,звичайний твел UO₂,788,335669.96766831557,4579.275145644053,0.0017335678544815793,2.3676339773250668e-05,0.041624522537249596,0.00021392800540037747,0.002944899320855459,3.985038145500672e-05,0.0042448555360188435,5.756488138614488e-05,0.003409502251454656,1.0637647024538528,0.01453708078030855
163,-6,3,-6.625094338950954,0.0,звичайний твел UO₂,793,336926.17923780036,4515.667933123918,0.001740032653969733,2.3348809172696168e-05,0.04171173277841736,0.0002241299001861843,0.0029434540045063825,3.847581495514497e-05,0.004261586294464607,5.672024570558466e-05,0.003422261975549765,1.0677457363715266,0.01433604585225607
164,-4,2,-4.416729559300636,0.0,звичайний твел UO₂,798,323526.1728106129,4385.129806892296,0.0016707848947203996,2.267613468052875e-05,0.041269629430953275,0.0002138826881274466,0.0028397622356886323,3.6698549621287596e-05,0.00409247519536651,5.5047365523024944e-05,0.0032861540228474027,1.0252800551283896,0.01392107073382922
165,-2,1,-2.208364779650318,0.0,звичайний твел UO₂,803,350347.63928525784,4510.494206321978,0.001809494543380039,2.331884223014198e-05,0.04131790597926404,0.00022878534779494626,0.003014950995490906,3.5396793455472696e-05,0.0044284239271165085,5.668893028365369e-05,0.0035585878392172354,1.1102794058357774,0.014321754542321522
167,2,-1,2.208364779650318,0.0,звичайний твел UO₂,811,339235.20330451307,4671.267217052814,0.0017520110727655335,2.4151491715089862e-05,0.04147331589099186,0.0002514718922069461,0.0029678706633684505,3.981157441096545e-05,0.004289279456170862,5.8650703650402284e-05,0.003445715437319985,1.0750632164438354,0.014828642369054217
168,4,-2,4.416729559300636,0.0,звичайний твел UO₂,816,319495.3478714753,4462.034627155037,0.001649931279600485,2.3070619798916855e-05,0.04134564263082638,0.0002168389322188353,0.002851955728524123,3.7212836157227566e-05,0.004041862490222406,5.601444412917506e-05,0.003245211704412799,1.0125060517767932,0.014163781382717268
169,6,-3,6.625094338950954,0.0,звичайний твел UO₂,821,325537.5234645974,4579.125379934307,0.001681182121286098,2.3677706129777897e-05,0.041218467167508606,0.00021893023108822608,0.002866733304492621,3.8758449405704826e-05,0.004117401405348737,5.751687404194553e-05,0.003306583924964834,1.0316541845890281,0.014535121902510578
170,8,-4,8.833459118601272,0.0,звичайний твел UO₂,826,337948.7346910458,4664.353295405903,0.0017453025765990825,2.4121713605164348e-05,0.041861907911136295,0.00021752881056632753,0.0029543161316696953,3.7586969218432646e-05,0.004273917521333336,5.8544304528342966e-05,0.0034326483831998013,1.070986295558338,0.014806579061182792
171,10,-5,11.04182389825159,0.0,звичайний твел UO₂,831,360529.45519447164,5429.755954234387,0.0018620512007627178,2.807069435640069e-05,0.042265233341630744,0.0002641834495606347,0.0031382596153626393,4.326290160918327e-05,0.004558246302319993,6.827892908438793e-05,0.0036620076491796923,1.142546386544064,0.017231648442159096
172,-9,4,-9.937641508426431,-0.6375,звичайний твел UO₂,836,332023.2335075114,4148.055456376821,0.0017146581100074875,2.1444545553245798e-05,0.041929161533595424,0.00023270186319108437,0.0028638091516717547,3.3737607542439316e-05,0.00419965348773498,5.2120132185254925e-05,0.0033724612602152957,1.0522079131871722,0.013172509117638762
174,-5,2,-5.520911949125795,-0.6375,звичайний твел UO₂,844,308683.6980887691,4316.092676522283,0.001593992612749989,2.2311988231416716e-05,0.04114317830186297,0.00022195665956687162,0.002774618376988742,3.603908885419134e-05,0.003907147860955958,5.426164165237112e-05,0.003135394479678233,0.9782430776596087,0.013700467096597004
176,-1,0,-1.104182389825159,-0.6375,звичайний твел UO₂,852,350242.22291242174,4770.771305024755,0.001808924575354906,2.4666798509118803e-05,0.04171721289901002,0.00019693647981025683,0.0030191133278450206,3.82047347560481e-05,0.004427699488292071,5.9921437760988826e-05,0.0035575170929630453,1.1099453330044702,0.01514507222319201
177,1,-1,1.104182389825159,-0.6375,звичайний твел UO₂,857,349122.38363603497,5090.11018635314,0.0018031179213728664,2.6315633553945666e-05,0.041886454277945975,0.000249497369400718,0.0030153504545113786,4.547017202138744e-05,0.0044137392245848645,6.400019830962019e-05,0.0035461425438467514,1.1063964736801866,0.016155290077165325
178,3,-2,3.312547169475477,-0.6375,звичайний твел UO₂,862,333382.7762116481,4545.249441607247,0.0017217561634941918,2.350033075820347e-05,0.04124257633300406,0.0001924795646277484,0.0029258984702200935,3.7760119993727334e-05,0.0042157055440675,5.705374985880006e-05,0.003386270550164294,1.0565164116512598,0.014429095711260984
179,5,-3,5.520911949125795,-0.6375,звичайний твел UO₂,867,303046.8578905248,4290.676549823142,0.0015648848457964091,2.2183715702343745e-05,0.04095375793191111,0.00022086744681002374,0.0026819173125539066,3.466644848866081e-05,0.003835194591237901,5.397210620270613e-05,0.0030781393743719554,0.9603794848040501,0.013619238242571084
180,7,-4,7.729276728776114,-0.6375,звичайний твел UO₂,872,323033.9928439564,4510.051174264088,0.0016682225897275014,2.3320294570684418e-05,0.041426598140458126,0.00021763193850487007,0.002838897875061049,3.98048801126073e-05,0.00408623643700241,5.664143459063536e-05,0.003281154800795776,1.0237202978482822,0.01431621432800364
181,9,-5,9.937641508426431,-0.6375,звичайний твел UO₂,877,330259.4940930835,5032.637654774612,0.001705514398838886,2.602459624841496e-05,0.04165359868779891,0.0002503582525481677,0.0029122053737313585,4.354782235870735e-05,0.0041778969760948035,6.316567403165193e-05,0.00335454642098722,1.0466184833480126,0.015970847260625434
182,-10,4,-11.04182389825159,-1.275,звичайний твел UO₂,882,355704.5117174752,4815.262689187508,0.0018371302430790176,2.4901745106753225e-05,0.04186140955881544,0.00023822409019958572,0.003046123772135062,3.3535613622912766e-05,0.004496495580225782,6.0512061084941744e-05,0.0036129992265250444,1.1272557586758138,0.01528664080928269
183,-8,3,-8.833459118601272,-1.275,звичайний твел UO₂,887,332299.8392055372,4201.056616083194,0.0017161025717145784,2.1720940180833186e-05,0.04170433041656431,0.00021144496709659807,0.0029175546518999,3.661446595553975e-05,0.004203159862274246,5.2805476152504124e-05,0.0033752708286635407,1.0530844985430245,0.013340178509142155
184,-6,2,-6.625094338950954,-1.275,звичайний твел UO₂,892,330329.9123273586,4516.4292354405825,0.001705937661189582,2.3348591499431592e-05,0.041635760779184156,0.0002277678389218109,0.0029213215283506867,4.1283332494249064e-05,0.004178228432830526,5.681181912601132e-05,0.003355261680472518,1.0468416443074258,0.01433746508194458
185,-4,1,-4.416729559300636,-1.275,звичайний твел UO₂,897,325662.2360733349,4113.153654652151,0.0016818344095858714,2.127122547488457e-05,0.04111249335496933,0.00020922804316628548,0.002889053182638703,3.65220677506931e-05,0.0041194064831793316,5.153546807442228e-05,0.00330785066897303,1.0320494087195853,0.013061099106458663
186,-2,0,-2.208364779650318,-1.275,звичайний твел UO₂,902,336404.2180172572,4221.178562567927,0.001737373905194928,2.1823710517499455e-05,0.04106740318522119,0.0002213136471322934,0.0029779458046913783,3.955465088265529e-05,0.004253421384659599,5.300314264123638e-05,0.003416960256218197,1.0660915999400775,0.013404479288901597
187,0,-1,0.0,-1.275,звичайний твел UO₂,907,357778.1541429189,4241.920011782834,0.0018479086115157455,2.1929475446550412e-05,0.04189186352264681,0.0002058179525873357,0.0030856310659376435,3.7872532612311466e-05,0.0045221295434373,5.337943340548274e-05,0.0036340618451661264,1.1338272956918314,0.013473626394794325
188,2,-2,2.208364779650318,-1.275,звичайний твел UO₂,912,337455.9893230725,4353.542609789404,0.0017427781238294148,2.2506591335378505e-05,0.04152315721286732,0.00022704134510363033,0.0029313893219156703,3.661142138731026e-05,0.004267530533879785,5.473698884877428e-05,0.0034276434181945343,1.0694247464766948,0.01382329034203361
189,4,-3,4.416729559300636,-1.275,звичайний твел UO₂,917,299664.7306896828,4459.247490504384,0.0015474138854270764,2.305687901673518e-05,0.04060280120378303,0.00020157948633632913,0.002685853977678872,3.823991449496572e-05,0.0037923400144267818,5.597285980524268e-05,0.003043786076738337,0.9496612559423612,0.01415216804375293
190,6,-4,6.625094338950954,-1.275,звичайний твел UO₂,922,307537.0339076773,4267.935966651705,0.0015881324178600594,2.206205931357889e-05,0.04066475669714688,0.00022546000413261775,0.002714235050340727,3.410399406950707e-05,0.0038906595299653983,5.368458590124408e-05,0.003123747461822414,0.9746092080885932,0.013547939261122138
191,8,-5,8.833459118601272,-1.275,звичайний твел UO₂,927,322847.7057944134,5182.466310506596,0.0016671681116556833,2.6794963858564653e-05,0.04167945194399741,0.00025978269094000753,0.002844514290377755,3.994636430274189e-05,0.004085348350802388,6.508645238112996e-05,0.0032792626264101865,1.0231299394399782,0.01644408188898938
192,10,-6,11.04182389825159,-1.275,звичайний твел UO₂,932,347951.22835460416,4970.1504547189215,0.0017970135026138649,2.5700723270877798e-05,0.04180803391682703,0.000247339772831161,0.0030400694778064206,4.3190985336705686e-05,0.004400132514803345,6.237448891024193e-05,0.003534246762414237,1.102684989873242,0.01577554771199571
193,-9,3,-9.937641508426431,-1.9124999999999999,звичайний твел UO₂,937,331828.1384486851,5018.4128803708045,0.0017136832700998287,2.5946422823912027e-05,0.0417915424328128,0.0002336761504039476,0.0029184070852814456,4.332703546093665e-05,0.004196994036009915,6.307199869085815e-05,0.003370479620192697,1.0515896415001216,0.015926040276580063
194,-7,2,-7.729276728776114,-1.9124999999999999,звичайний твел UO₂,942,331680.35178397776,4505.703297292461,0.0017129140346212096,2.3293945912355285e-05,0.04157671318740612,0.0002196954906737464,0.002920373477288173,4.014282132308326e-05,0.004194390929954991,5.665124472716973e-05,0.003368978505959706,1.051121293859428,0.014303733446891948
195,-5,1,-5.520911949125795,-1.9124999999999999,звичайний твел UO₂,947,314138.8765891515,4226.113888371363,0.0016222518870595828,2.1849649848427603e-05,0.04060722004881762,0.00022068815036479323,0.0028055168022249055,3.7870884268498345e-05,0.003974281309114242,5.311238822474443e-05,0.0031908043917068226,0.9955309702125286,0.013416609880421686
196,-3,0,-3.312547169475477,-1.9124999999999999,звичайний твел UO₂,952,324096.4529473546,5675.7010960570415,0.0016737362312181595,2.9345569814778753e-05,0.04103013260835655,0.00023205358482605035,0.0028832004129148935,4.249768391683021e-05,0.0040989924183337315,7.137245289446276e-05,0.003291946532149581,1.0270873180306692,0.018005552535447448
197,-1,-1,-1.104182389825159,-1.9124999999999999,звичайний твел UO₂,957,348074.56814087945,4459.524576226573,0.0017976617094028252,2.3056559516686757e-05,0.041766575581404654,0.00022704649290447666,0.0030441132523912253,3.7496349401046556e-05,0.004401295706715033,5.601684730763956e-05,0.0035354995622459313,1.1030758634207305,0.014160181813956388
198,1,-2,1.104182389825159,-1.9124999999999999,звичайний твел UO₂,962,339207.5393871944,4529.04048978249,0.001751857616915697,2.3417313939301367e-05,0.041648123913111124,0.00022665925609433984,0.002986743825786492,3.88139984605651e-05,0.0042891846970482435,5.685697868840255e-05,0.0034454344464734184,1.0749755472997067,0.014378694936682205
199,3,-3,3.312547169475477,-1.9124999999999999,звичайний твел UO₂,967,329953.1578536297,5034.369381923199,0.0017040320900362162,2.6028041718564437e-05,0.0410406692871863,0.0002683531285406378,0.0028785525539915696,3.8624861814627944e-05,0.004172394344327138,6.324417831530986e-05,0.003351434870360945,1.0456476795526148,0.015976286888014682
200,5,-4,5.520911949125795,-1.9124999999999999,твег UO₂-Gd₂O₃,972,103686.79097214954,1230.5738051070664,0.0005343347488073339,6.360716277378034e-06,0.03633328528205218,0.00019352557985943543,0.007544984962737028,0.0001200557016656626,0.0013266369173284321,1.5551512118314536e-05,0.0010531783636210643,0.32859164944977204,0.0039086583833831965
201,7,-5,7.729276728776114,-1.9124999999999999,звичайний твел UO₂,977,313835.35483699886,4399.832938769936,0.0016206440901207963,2.2751650611116227e-05,0.04123069577259161,0.00025933410153036285,0.0027477817013828575,3.910574434601874e-05,0.003970928873744875,5.529738473894717e-05,0.0031877214286865725,0.9945690857502106,0.013966160335708348
202,9,-6,9.937641508426431,-1.9124999999999999,звичайний твел UO₂,982,333414.9656662309,5099.455490566581,0.001721841089190433,2.6364602451918305e-05,0.04172305820248081,0.0002436657136559556,0.002953416380111296,4.1363655164147466e-05,0.004217219906159575,6.410105295567038e-05,0.003386597508273283,1.0566184225812643,0.016182727109648385
203,-10,3,-11.04182389825159,-2.55,звичайний твел UO₂,987,344221.51671208075,4789.738461797132,0.0017777395799018806,2.4763035421668213e-05,0.04176430422500676,0.00028301615066028706,0.003025028882575066,3.9086354829310985e-05,0.004353190014639334,6.023530638051028e-05,0.0034963629435823254,1.0908652383976856,0.015204191337046258
204,-8,2,-8.833459118601272,-2.55,звичайний твел UO₂,992,320417.0542261747,4167.159915574447,0.0016546336487826762,2.1547820629665447e-05,0.04164610502454458,0.0002227336175913144,0.0028445249505716923,3.6837579827865334e-05,0.004053966692120541,5.233242672319371e-05,0.0032545737570067717,1.0154270121861126,0.013231085245854179
205,-6,1,-6.625094338950954,-2.55,звичайний твел UO₂,997,321547.8112354556,4623.340465756308,0.0016605351071400396,2.3900090762508655e-05,0.04125983917862391,0.00022607408525113419,0.0028237469289883305,3.6349706961216016e-05,0.0040675049439771165,5.813853701407459e-05,0.0032660592008663214,1.0190104706702923,0.014674451669393036
206,-4,0,-4.416729559300636,-2.55,звичайний твел UO₂,1002,299533.7865245466,4561.209034560357,0.001546773289809465,2.358204697603845e-05,0.0401688527815032,0.00020789840411330926,0.002664477618225489,3.428122988045466e-05,0.003790109231592344,5.7348612740533816e-05,0.0030424560369109797,0.9492462835162256,0.014474818065315006
207,-2,-1,-2.208364779650318,-2.55,звичайний твел UO₂,1007,333027.80563448375,4490.349709953211,0.0017199132127352851,2.3216302012541453e-05,0.041184100166846434,0.00021275117403447342,0.0029221222995082373,3.9041345986896496e-05,0.0042111467129160194,5.640951120038909e-05,0.0033826650057348986,1.0553914817892884,0.014255363817517998
208,0,-2,0.0,-2.55,звичайний твел UO₂,1012,344897.31836936314,4714.049495775414,0.001781315453236927,2.4371550867025207e-05,0.041742340324335735,0.00021293653360708557,0.00302633455084417,3.708586362167415e-05,0.0043600897126061956,5.923902792254027e-05,0.003503227267156003,1.093006907352673,0.014964830104012556
210,4,-4,4.416729559300636,-2.55,звичайний твел UO₂,1020,302364.8174103451,4372.476085070754,0.001561396422885213,2.2602867776731e-05,0.04058309170431605,0.00026350624337105215,0.0027020783030463472,3.519942849073223e-05,0.0038260333089738183,5.504512039349709e-05,0.003071211681171074,0.9582180445253751,0.013877965416283954
211,6,-5,6.625094338950954,-2.55,звичайний твел UO₂,1025,301188.8045524423,4301.406111084031,0.0015553032431678045,2.2244293983344232e-05,0.04072537269858938,0.0002301309065823573,0.0027222668028834226,3.4977075161123996e-05,0.003811140529488567,5.399169410130798e-05,0.003059266559852621,0.9544911666740178,0.013652921962800676
212,8,-6,8.833459118601272,-2.55,звичайний твел UO₂,1030,314913.1362658772,4393.938137952292,0.0016262181355143428,2.2716867489754896e-05,0.040943021126734494,0.00025584665792116433,0.002812348187346477,4.012393603344228e-05,0.003984702008761392,5.523587549446727e-05,0.0031986687834167633,0.9979846604260302,0.013947666252113368
213,10,-7,11.04182389825159,-2.55,звичайний твел UO₂,1035,356907.20344265597,5281.72175333403,0.0018433708447017564,2.730541842645943e-05,0.04204136030003992,0.00026595690081249434,0.0031412322484107714,4.8806398880812386e-05,0.004511479728526849,6.64906473605065e-05,0.0036252153332363294,1.1310671839697348,0.016762697508182312
214,-9,2,-9.937641508426431,-3.1875,звичайний твел UO₂,1040,319160.902237233,4137.910129458182,0.0016481955276100402,2.139310000714419e-05,0.041147787923430226,0.0002268949941905563,0.002810762163684467,3.493581465362536e-05,0.004037798754251518,5.202466984352668e-05,0.003241814638089413,1.0114461670838968,0.013138369890796515
215,-7,1,-7.729276728776114,-3.1875,звичайний твел UO₂,1045,329430.10700688796,4537.474805039472,0.0017013175864763284,2.3458940244870743e-05,0.04134051166190977,0.0002306654395181106,0.0028891813432424035,4.025039681338933e-05,0.0041662820923948065,5.708917903663294e-05,0.0033461220833637087,1.043990090009477,0.014403913718614002
216,-5,0,-5.520911949125795,-3.1875,звичайний твел UO₂,1050,307840.1766031055,4301.530293082199,0.0015897216119552125,2.2239449981337336e-05,0.0404229556072909,0.00023456416867475435,0.00273221469830471,3.749696375211488e-05,0.0038942598126400847,5.403816465725476e-05,0.00312682657464789,0.9755698912901417,0.01365427083304719
217,-3,-1,-3.312547169475477,-3.1875,звичайний твел UO₂,1055,298176.2576352546,4146.467103306954,0.0015397344930245594,2.1438325391058913e-05,0.04055230810870947,0.00020508170039760276,0.0026684291283549347,3.600102178395514e-05,0.0037726358061264936,5.211343712917549e-05,0.0030286672018936347,0.944944166990814,0.013162265245475192
219,1,-3,1.104182389825159,-3.1875,звичайний твел UO₂,1063,327922.32363413484,4257.860969261352,0.0016935115371669242,2.2013598980133567e-05,0.04121525411601145,0.00023786416432581374,0.0028979347599676513,3.497190436474794e-05,0.00414768679824408,5.347759395720214e-05,0.0033308070677255286,1.039211805130365,0.01351915172543222
220,3,-4,3.312547169475477,-3.1875,звичайний твел UO₂,1068,320526.4853714469,4533.696581832875,0.0016553217551416569,2.343708542936885e-05,0.040879193245175596,0.00024517784364567097,0.002825600099716077,3.692764576879598e-05,0.004054190724238098,5.7047612260000556e-05,0.0032556852825292256,1.0157738081491183,0.014390664793892411
221,5,-5,5.520911949125795,-3.1875,звичайний твел UO₂,1073,308786.5091926522,4259.403908159998,0.0015945825262007594,2.202460733432436e-05,0.04078438649114073,0.00023229421945067467,0.0027279173971816893,3.5279519195248445e-05,0.0039061131827040625,5.347244579098993e-05,0.0031364387634209784,0.9785688941873453,0.013521129023346668
222,7,-6,7.729276728776114,-3.1875,звичайний твел UO₂,1078,321902.8790647328,4482.662216222087,0.0016623857488425407,2.3182900360747945e-05,0.0411238383515351,0.00022328681604661128,0.0028323102956158445,3.8619275590819734e-05,0.004071761423138932,5.6227575593149046e-05,0.0032696657331150922,1.0201357087319087,0.014229394743806767
223,9,-7,9.937641508426431,-3.1875,звичайний твел UO₂,1083,324925.18990844546,4162.7047908605355,0.0016780106465776338,2.1521727015027477e-05,0.04144068708476786,0.00023080381117573175,0.002836912062282679,3.5544330809865684e-05,0.004109587455037709,5.228756478967076e-05,0.003300364266254096,1.029713651071278,0.013217702553926972
224,-10,2,-11.04182389825159,-3.8249999999999997,звичайний твел UO₂,1088,339869.1943732631,4698.6818761018,0.001755239841016726,2.4293411416146843e-05,0.041495774084054575,0.0002459815263671588,0.002954504739420888,4.0304488019085306e-05,0.004298462184295558,5.910052631570346e-05,0.003452155077992401,1.0770723843336292,0.014915468826938814
225,-8,1,-8.833459118601272,-3.8249999999999997,звичайний твел UO₂,1093,304049.18978222524,3791.0198552327147,0.0015700892648205312,1.9600803577938693e-05,0.04051611109517706,0.00023229711990366327,0.00268739964265016,3.162456545182543e-05,0.003847663507488066,4.7624374305134796e-05,0.00308832036513856,0.9635559539232307,0.01203880990134389
227,-4,-1,-4.416729559300636,-3.8249999999999997,твег UO₂-Gd₂O₃,1101,104471.41956418075,1129.695130575966,0.0005384211024517965,5.8363346634191005e-06,0.03592986368324663,0.0001918752263615635,0.0075281555112229025,0.00011026806337650521,0.0013358510414024458,1.4222588808888178e-05,0.001061148075566607,0.33107819957678136,0.0035899027233839936
228,-2,-2,-2.208364779650318,-3.8249999999999997,звичайний твел UO₂,1106,328791.7987991186,4225.29338921245,0.0016980020382778183,2.1846822060525887e-05,0.04152849689830319,0.00020213846297671242,0.0029221488390975083,3.553777419192027e-05,0.0041586016459164475,5.307154185653737e-05,0.003339638592193411,1.0419672407643443,0.01341627696806042
229,0,-3,0.0,-3.8249999999999997,звичайний твел UO₂,1111,331375.6643573507,4708.296568899787,0.0017113787593450469,2.4342721068370037e-05,0.04115504943435985,0.00021939921697293165,0.0028890084041348365,3.577767628873101e-05,0.004190704945055647,5.920742925915645e-05,0.003365883702828252,1.0501557152824146,0.014944658492887933
230,2,-4,2.208364779650318,-3.8249999999999997,звичайний твел UO₂,1116,322097.2296739274,4304.424865244063,0.0016634189626108218,2.2250539348213967e-05,0.04073650492851491,0.000227661681320376,0.0028510941082627353,3.7305875325940815e-05,0.0040739287937536315,5.4215688130123496e-05,0.0032716398115357017,1.020751621199139,0.013665546667402464
231,4,-5,4.416729559300636,-3.8249999999999997,звичайний твел UO₂,1121,318769.7429724232,4995.126879876843,0.0016461854088929636,2.5824373195437646e-05,0.04112014824445292,0.00023699092169753662,0.002803270760419569,4.0112555696859274e-05,0.004032474199846926,6.281177929056687e-05,0.0032378415141209194,1.0102065524057269,0.01585062196349776
233,8,-7,8.833459118601272,-3.8249999999999997,звичайний твел UO₂,1129,299803.59358723625,4712.902858900463,0.0015481472441514885,2.4368590721119272e-05,0.04065982845516489,0.00023304815519104157,0.0026900962832513715,4.177173371240545e-05,0.003793745690958522,5.910025304428469e-05,0.0030451965495463178,0.9501013234584512,0.014954940217517008
234,10,-8,11.04182389825159,-3.8249999999999997,звичайний твел UO₂,1134,333296.4368198524,4024.7306934120247,0.001721242565449349,2.0804677766033468e-05,0.04142063020992258,0.00025071656261812635,0.002928255199254998,3.545662491737769e-05,0.004215156718523643,5.062076578686713e-05,0.0033853935746256084,1.0562427952831899,0.01278272204207629
235,-9,1,-9.937641508426431,-4.4624999999999995,звичайний твел UO₂,1139,308875.53256856714,4275.436985838274,0.0015950417239365521,2.210190030076132e-05,0.040848312929250355,0.00023366915232262493,0.00271000180787159,3.9841038675733345e-05,0.003907837389527801,5.3826839235350115e-05,0.003137343001005063,0.9788510163135796,0.013571867033653075
236,-7,0,-7.729276728776114,-4.4624999999999995,звичайний твел UO₂,1144,300375.7974211858,4166.599314676083,0.0015511489862446758,2.15471117682005e-05,0.04000415265565493,0.00021017658611072025,0.002667284191077291,3.673846651340167e-05,0.0038009018502209485,5.233559230188673e-05,0.0030510085984278247,0.9519146827094813,0.013226281469256009
237,-5,-1,-5.520911949125795,-4.4624999999999995,звичайний твел UO₂,1149,296477.2636740463,4450.171434597653,0.0015309658691772656,2.3009858622055687e-05,0.04026961970495197,0.00023336264120417204,0.0026725648158486964,3.770176317972024e-05,0.003752391921556137,5.589819683946679e-05,0.0030114100019833006,0.9395599206187898,0.014123013461408386
238,-3,-2,-3.312547169475477,-4.4624999999999995,звичайний твел UO₂,1154,298550.7486590918,3600.7931080998164,0.00154164573440878,1.8617623505212882e-05,0.0405232333022399,0.0002245774667336591,0.002684493748762395,2.9663300029101776e-05,0.0037783159479378788,4.519230831445781e-05,0.0030324710214542343,0.9461309586937211,0.01143633836321792
239,-1,-3,-1.104182389825159,-4.4624999999999995,звичайний твел UO₂,1159,336442.63738730445,4221.9027006186725,0.0017375495939620095,2.1829066704408385e-05,0.04176226705002763,0.00025389785134636786,0.002944216538841196,3.49896355588514e-05,0.00425467920269469,5.307403607284464e-05,0.003417350493478877,1.0662133539654097,0.013406775691372374
240,1,-4,1.104182389825159,-4.4624999999999995,звичайний твел UO₂,1164,307700.5385378006,4882.91626439475,0.0015889715953178556,2.524674424756948e-05,0.04068190607990745,0.00025059496333852373,0.0027392629443107755,4.377178754093838e-05,0.003893383638320321,6.130714839111027e-05,0.0031254082282246073,0.9751273672060774,0.015494049974901739
241,3,-5,3.312547169475477,-4.4624999999999995,звичайний твел UO₂,1169,312606.22084489703,4375.8373181622455,0.0016143293471045418,2.262708652375104e-05,0.0408730533964608,0.00019644359458892882,0.0027577158568074128,3.640575314449782e-05,0.003954917013599569,5.4970327951031116e-05,0.0031752367398044513,0.9906738628189887,0.013890062204124282
242,5,-6,5.520911949125795,-4.4624999999999995,звичайний твел UO₂,1174,329627.9284314886,3835.820341800988,0.0017023068699070245,1.983339160854943e-05,0.04135761911797517,0.00020820593568845935,0.0029018225173124907,3.056934141009221e-05,0.004169533704626593,4.820647023739068e-05,0.003348131415915104,1.0446170017655123,0.01218478439348419
243,7,-7,7.729276728776114,-4.4624999999999995,звичайний твел UO₂,1179,309274.0255808387,4137.91393966248,0.0015971222847134966,2.1394134801615334e-05,0.040474753684505656,0.00024141251374766443,0.002773425906319658,3.2586422008402415e-05,0.003912977916301974,5.197345266525449e-05,0.0031413906160835474,0.9801138722180669,0.01313685810095509
244,9,-8,9.937641508426431,-4.4624999999999995,звичайний твел UO₂,1184,302278.6750328093,4823.982522669711,0.0015609538813737393,2.493614214629935e-05,0.04020764132786735,0.0002648066181596862,0.0027370941952974555,4.012257176459478e-05,0.0038248767677046664,6.068997061491285e-05,0.0030703367067663216,0.9579450525110924,0.015306828508254296
245,-10,1,-11.04182389825159,-5.1,звичайний твел UO₂,1189,348573.8682803935,5094.851291221825,0.0018002858991511528,2.633922344938414e-05,0.04177292648855274,0.00027025308641374885,0.0030605441434938306,4.124924722336719e-05,0.004407385500465012,6.406717688150142e-05,0.0035405711060651473,1.104658185092326,0.01617021615286443
246,-8,0,-8.833459118601272,-5.1,твег UO₂-Gd₂O₃,1194,105848.14884357793,1238.879361699433,0.000545487084924979,6.401806708509636e-06,0.03662529113101861,0.00019814765565634882,0.0075848051435942615,0.00011960035893645549,0.00135460232374262,1.558450285966243e-05,0.00107513193480297,0.33544116365852666,0.003935290821575203
247,-6,-1,-6.625094338950954,-5.1,звичайний твел UO₂,1199,313923.3931395774,4861.876501101909,0.0016211352836689652,2.5134496759410378e-05,0.04075016742147306,0.00022311099080813015,0.0027770104473776327,3.3975027048371524e-05,0.003971584402107169,6.11409235985282e-05,0.003188615660580301,0.9948480861010539,0.015428266333014612
248,-4,-2,-4.416729559300636,-5.1,звичайний твел UO₂,1204,301548.1707436956,4263.152509618826,0.00155715745270563,2.2043894288055127e-05,0.04037594362729035,0.00024150597817303084,0.0026469211782233775,3.5700326644946816e-05,0.003815955800633856,5.3549353423644956e-05,0.0030629167518751183,0.9556300265850369,0.013531936793205818
249,-2,-3,-2.208364779650318,-5.1,звичайний твел UO₂,1209,311537.813263466,4674.958983559377,0.0016088044673324689,2.4171593562432555e-05,0.04113074234599021,0.00022236229720340052,0.002778625122323433,4.009466010113093e-05,0.003941472928887717,5.872508405009704e-05,0.0031643845981020997,0.9872879946078551,0.0148364081517159
250,0,-4,0.0,-5.1,звичайний твел UO₂,1214,303734.7991269306,3892.732320280734,0.0015685101210828772,2.0126129818040046e-05,0.04017089157245134,0.00023020602391422243,0.0027406624344901336,3.727290905316309e-05,0.0038430815261481653,4.894962048509357e-05,0.003085127003353741,0.9625596250463672,0.012360449070602925
251,2,-5,2.208364779650318,-5.1,звичайний твел UO₂,1219,292730.5386414559,3785.114465590872,0.0015115278442461913,1.956745778055294e-05,0.04049136556373361,0.000213475518404393,0.002599395641083422,3.426842486396389e-05,0.0037062357711467146,4.762387902685414e-05,0.002973353372958861,0.9276862523631647,0.012018323021272974
252,4,-6,4.416729559300636,-5.1,звичайний твел UO₂,1224,326395.79921134975,4324.447920750458,0.001685634598341894,2.235869120953947e-05,0.041289256002903986,0.0002131125619064002,0.0029021811640021476,3.9924512399000114e-05,0.0041279069416803645,5.432703904137972e-05,0.0033153016935255665,1.0343741283799768,0.013729542369054585
253,6,-7,6.625094338950954,-5.1,звичайний твел UO₂,1229,320646.53552553785,4170.4107794822075,0.0016558861692074012,2.1558350016862678e-05,0.040787628449556,0.0002499698610734767,0.0028167045554523206,3.432367580127097e-05,0.0040565725505378614,5.248204773894741e-05,0.0032569046685633827,1.0161542565917754,0.01324140381765527
254,8,-8,8.833459118601272,-5.1,твег UO₂-Gd₂O₃,1234,104700.91299221505,1016.8238642054288,0.0005396091643770757,5.252236602627482e-06,0.036088671701205624,0.00021501542204760638,0.007731837999056441,0.00010478506369805942,0.0013389242981082295,1.2886752698960882e-05,0.0010634791103178308,0.3318054824191632,0.003233337976453145
255,10,-9,11.04182389825159,-5.1,звичайний твел UO₂,1239,335108.31381565187,5503.393654510314,0.0017306656667471366,2.8454915870828117e-05,0.04099018292765433,0.0002779207564419963,0.002949551797502622,4.480951969500576e-05,0.004237911367686559,6.915695516869135e-05,0.0034037973619511445,1.0619847769287571,0.01746142432181356
256,-9,0,-9.937641508426431,-5.7375,звичайний твел UO₂,1244,304016.06997749116,3875.7518668589505,0.001569930400157558,2.0042428015264784e-05,0.04056113990769837,0.00021322299706235756,0.0027190284286150094,3.623488408284803e-05,0.003847231305429641,4.8632161588951236e-05,0.003087983957179299,0.9634509946399412,0.012306786682842349
257,-7,-1,-7.729276728776114,-5.7375,звичайний твел UO₂,1249,298031.7136112476,4008.877818080033,0.0015389775096552138,2.0725298968426346e-05,0.04061420243953965,0.0002025527051780021,0.002666840509228642,3.2406114778842004e-05,0.003772097924801597,5.0382217772248225e-05,0.0030271990241513436,0.9444860955352192,0.0127269583963535
258,-5,-2,-5.520911949125795,-5.7375,звичайний твел UO₂,1254,309977.8833063939,5049.811181451131,0.0016007197270862664,2.6107706092626194e-05,0.040824424845577606,0.00023151416556933157,0.0027656496922235482,3.9737832598012144e-05,0.003922102915824973,6.34762192256274e-05,0.0031485399137006513,0.9823444530746032,0.016022585708055256
259,-3,-3,-3.312547169475477,-5.7375,звичайний твел UO₂,1259,317599.17373891774,4645.084889503833,0.0016401588885483474,2.4017408440497428e-05,0.040920548246961085,0.00023183177533162103,0.002802864712730037,3.9145355402109196e-05,0.004017482383110363,5.8351769814731665e-05,0.003225951685355946,1.0064969258310552,0.014742703709478758
260,-1,-4,-1.104182389825159,-5.7375,звичайний твел UO₂,1264,317193.86810921715,4705.433471004845,0.0016380092775654448,2.4327503506583384e-05,0.041321220276233,0.0002279543065802003,0.0027870157168241576,4.028350584846227e-05,0.0040134854727621625,5.910135612060274e-05,0.0032218348724441727,1.005212480202582,0.014933615094474514
261,1,-5,1.104182389825159,-5.7375,твег UO₂-Gd₂O₃,1269,105545.656081603,1131.9040832029243,0.0005439650019853455,5.8473125602000604e-06,0.03602227279242351,0.0001872868121037361,0.007578379292937703,0.00010528212935120049,0.0013504466880113369,1.4266000655888935e-05,0.0010720594235498293,0.33448254014754675,0.0035970860716672244
262,3,-6,3.312547169475477,-5.7375,звичайний твел UO₂,1274,318140.469935366,3997.156628107142,0.0016429589497796548,2.0666767246219023e-05,0.04107277338133679,0.00021165738075254033,0.0028113943203733763,3.668537767246751e-05,0.004024223075872875,5.024701456941186e-05,0.0032314497959355553,1.008212336331893,0.01269302456955331
263,5,-7,5.520911949125795,-5.7375,звичайний твел UO₂,1279,328809.2530570683,4447.0464557278765,0.0016980902428209979,2.298798536716874e-05,0.04144072328396552,0.00021484450106237698,0.0028983216340794484,3.6437717759612356e-05,0.004158536677828223,5.590678116347173e-05,0.003339815880415501,1.0420225546896362,0.01411773905439067
264,7,-8,7.729276728776114,-5.7375,звичайний твел UO₂,1284,302254.6486050276,3777.747134739363,0.0015608050820702882,1.95336386322384e-05,0.04072759101916816,0.0002441586915126296,0.0027035535150056306,3.1304795419391205e-05,0.0038247706123722153,4.744837907962055e-05,0.00307009266301053,0.9578689108592854,0.01199654221214807
265,9,-9,9.937641508426431,-5.7375,звичайний твел UO₂,1289,313135.88337034435,4441.769702412783,0.0016171196786850211,2.2963413900832255e-05,0.04041971597672419,0.0002511384371562319,0.0027774848480887535,3.761014329845017e-05,0.0039604039075936065,5.5867484434656545e-05,0.0031806166836390697,0.9923524052953898,0.014098746668232482
266,-10,0,-11.04182389825159,-6.375,звичайний твел UO₂,1294,346735.0648451738,5262.345669221643,0.0017907659370658981,2.7212012186431375e-05,0.041412274559774975,0.00023912745249408683,0.003021372401138077,4.306246381019175e-05,0.004384440065798282,6.604289190906503e-05,0.0035218938186810135,1.0988308714284762,0.01670000233749902
267,-8,-1,-8.833459118601272,-6.375,звичайний твел UO₂,1299,301167.43422619376,4184.429300954651,0.0015551546040932568,2.1634389059410377e-05,0.04086136975979522,0.00019785411003716522,0.0027062436975676283,3.482691106520761e-05,0.003812521386250803,5.261689520576375e-05,0.0030590494949302963,0.9544234424182525,0.01328280804246067
268,-6,-2,-6.625094338950954,-6.375,звичайний твел UO₂,1304,317039.6593126161,3695.6179568544826,0.0016371946135154821,1.910220071846315e-05,0.04112481594668797,0.00022044085701808952,0.0028101704180066916,3.4568728759715034e-05,0.004011991361385537,4.6572442900903284e-05,0.0032202685266585858,1.0047237803174787,0.011739326437302222
269,-4,-3,-4.416729559300636,-6.375,звичайний твел UO₂,1309,320691.20573965536,4774.395856206891,0.001656144268147373,2.4684575767572423e-05,0.041025138840970726,0.00021680013947764125,0.0028384302308599777,3.869349085816388e-05,0.004055472385997584,5.998881470586219e-05,0.0032573583975539877,1.0162958200368442,0.015152323414994288
270,-2,-4,-2.208364779650318,-6.375,звичайний твел UO₂,1314,327651.16885574785,4691.396695320568,0.0016920669927939626,2.4255537687265965e-05,0.04156303995524421,0.00023271922643056895,0.002904810077514127,3.7359327549217315e-05,0.004144822919885109,5.8995675401985973e-05,0.0033280528659307565,1.038352494170396,0.01489065556036624
271,0,-5,0.0,-6.375,звичайний твел UO₂,1319,307523.42106728244,4655.890216534556,0.0015880792840517956,2.4072105447398005e-05,0.04044497531345951,0.00023473358093926557,0.002724241179345657,3.346480563750468e-05,0.003890732404375201,5.8533065125454166e-05,0.003123609192050181,0.9745660679196566,0.014775522059121367
272,2,-6,2.208364779650318,-6.375,звичайний твел UO₂,1324,294545.37815373356,3544.270970664679,0.0015209795978102026,1.8324757781133283e-05,0.04039603139065636,0.00020019828628369522,0.002609738859559138,3.494858935384125e-05,0.0037278182570041622,4.458348278262088e-05,0.0029917872514679264,0.9334376224579931,0.01125693530893709
274,6,-8,6.625094338950954,-6.375,звичайний твел UO₂,1332,322201.1011980644,4632.984961654323,0.0016639262536691142,2.39561684421344e-05,0.04151757444405446,0.00022819547240562088,0.0028114049866070196,3.939387948816382e-05,0.004075205847316031,5.823610384805773e-05,0.003272694866290427,1.0210807982826133,0.01470506076752795
275,8,-9,8.833459118601272,-6.375,звичайний твел UO₂,1337,310534.1299619379,4377.351227671897,0.0016036304284832233,2.2632938744603908e-05,0.040847638615584006,0.00021832615181691147,0.002753310036491932,3.645103856656794e-05,0.003928404719664994,5.492275768967992e-05,0.0031541898806536537,0.9841072427639399,0.01389455264840691
276,10,-10,11.04182389825159,-6.375,звичайний твел UO₂,1342,337317.249883279,5787.392349191939,0.0017421439978373375,2.9926419189228903e-05,0.04098746625293091,0.00029030928518318115,0.002964046258367669,4.545204039537125e-05,0.004264416304057705,7.269255795728804e-05,0.0034262341993846796,1.06898507020802,0.018360682988444538
277,-9,-1,-9.937641508426431,-7.012499999999999,звичайний твел UO₂,1347,343529.6806338177,5262.655339420136,0.0017741907605624222,2.7205755274342408e-05,0.04158219676123848,0.0002574944912092875,0.0029917649484228347,4.5011308608951904e-05,0.004343487170042665,6.619938583375762e-05,0.0034893357535037473,1.0886727550931692,0.01670055547210166
278,-7,-2,-7.729276728776114,-7.012499999999999,звичайний твел UO₂,1352,326214.8689911356,4697.0364148370245,0.001684653167251479,2.4282517450655324e-05,0.04100786512250409,0.0002413533609890567,0.002867843118637762,3.7542427266755865e-05,0.004126323581224099,5.908033361441197e-05,0.003313463930089471,1.0338007461879148,0.014908297433863366
279,-5,-3,-5.520911949125795,-7.012499999999999,звичайний твел UO₂,1357,320448.38189189526,4246.1024262465,0.0016548250455821955,2.195271304735206e-05,0.041053172013368534,0.00024242238642545135,0.0028354143352468894,3.7526633986949046e-05,0.004054135092838281,5.3383189190339834e-05,0.0032548919616634136,1.0155262920389851,0.013480800697171969
281,-1,-5,-1.104182389825159,-7.012499999999999,звичайний твел UO₂,1365,318773.8383956048,4361.007839959709,0.0016462387124616294,2.2547974652604317e-05,0.0409266275011369,0.0002289934779079977,0.0028123585015365988,3.512412301441276e-05,0.004032625830189163,5.48770312869935e-05,0.003237883112583407,1.0102195311260231,0.01384404978565674
282,1,-6,1.104182389825159,-7.012499999999999,звичайний твел UO₂,1370,296444.62642664544,4533.109818638688,0.0015307964200021913,2.3437901604118214e-05,0.04012731828543605,0.000222415603336052,0.0026641415750578933,3.4995906573623815e-05,0.0037516907830998543,5.6932590867743056e-05,0.003011078495506068,0.9394564905978932,0.014385480775446408
283,3,-7,3.312547169475477,-7.012499999999999,звичайний твел UO₂,1375,320455.6051113989,4439.9368027488845,0.001654955754130886,2.295712404596493e-05,0.04092759576021386,0.0002430028069749929,0.002826834533501154,4.0424281031980705e-05,0.004053050026811948,5.573842398108804e-05,0.0032549653301072205,1.0155491829934526,0.014094007593212976
284,5,-8,5.520911949125795,-7.012499999999999,звичайний твел UO₂,1380,334839.4755089631,5140.951495355239,0.0017292597374358263,2.6578403780524745e-05,0.041481582283991146,0.0002414496582449751,0.00292741273869006,4.379292392136722e-05,0.004234491040264562,6.461721254427109e-05,0.003401066689266008,1.0611328070509944,0.016314240706752393
285,7,-9,7.729276728776114,-7.012499999999999,звичайний твел UO₂,1385,325643.7804898758,4400.631932423219,0.001681756380283112,2.2746542464964094e-05,0.041306207472308634,0.0002368286186089695,0.002871465792564703,4.068687033726193e-05,0.004118473409617335,5.542579395514499e-05,0.0033076632099823056,1.0319909215144794,0.013970429985341771
286,9,-10,9.937641508426431,-7.012499999999999,звичайний твел UO₂,1390,333863.92825460434,5332.059709902227,0.0017242750650655217,2.7565553618181742e-05,0.04113436348918809,0.00028900857131501797,0.0029518066423754813,4.20436625822646e-05,0.004220796001965214,6.705483178498757e-05,0.003391157758231036,1.0580412205680831,0.016918960367890114
287,-8,-2,-8.833459118601272,-7.6499999999999995,звичайний твел UO₂,1395,333567.9577252167,4971.714948007951,0.0017226998443016484,2.5701490620033054e-05,0.04084780750456276,0.0002622500567396572,0.002925890268695935,3.9930309302318145e-05,0.004218552688620042,6.246399520788884e-05,0.003388151495283769,1.057103266528536,0.015778496328713434
288,-6,-3,-6.625094338950954,-7.6499999999999995,звичайний твел UO₂,1400,326817.2751337968,4094.583179780384,0.0016877525542038781,2.116439769786491e-05,0.04126386774481058,0.000263920241585789,0.0028590058845962495,3.447591767082713e-05,0.004134922335769346,5.150818733980347e-05,0.003319582753033211,1.0357098189463618,0.013002553097236942
289,-4,-4,-4.416729559300636,-7.6499999999999995,звичайний твел UO₂,1405,335470.4977375933,4595.399313367953,0.0017325379663692012,2.376002675393526e-05,0.04157207535127133,0.00020887646646541483,0.002942198395177588,3.99378855495719e-05,0.0042419634694165235,5.769796039201191e-05,0.003407476174523737,1.063132566451406,0.014588062423235381
290,-2,-5,-2.208364779650318,-7.6499999999999995,звичайний твел UO₂,1410,336150.0966124352,4284.2531821934435,0.00173607397949144,2.2145967093725755e-05,0.04139225891873495,0.0002541520775526274,0.0029446563195225056,4.0988342042133536e-05,0.004250849225091394,5.390753224368971e-05,0.0034143790675944365,1.0652862690894642,0.013603927173379226
292,2,-7,2.208364779650318,-7.6499999999999995,звичайний твел UO₂,1418,311427.989898423,4293.6731106051575,0.0016082375961206168,2.2202407620806143e-05,0.041017552507104996,0.00019377924873656123,0.002750350973784902,3.7372619846733105e-05,0.003940332140042487,5.393301989868347e-05,0.003163269088683794,0.9869399556693437,0.013629936930947403
293,4,-8,4.416729559300636,-7.6499999999999995,звичайний твел UO₂,1423,333844.7491534163,4519.693193629566,0.001724117000510865,2.336881713308006e-05,0.04123196141766242,0.0002110134336018009,0.002904498589164721,3.691468596450028e-05,0.00422282413751821,5.675040307137531e-05,0.0033909629502500427,1.0579804404780133,0.01434831537165984
294,6,-9,6.625094338950954,-7.6499999999999995,звичайний твел UO₂,1428,333439.4696662153,4131.949329952879,0.0017220770000216832,2.135773281826977e-05,0.0411621279277813,0.0002288376778200992,0.002916325753207951,3.820986523024992e-05,0.004216192121636835,5.200113243868188e-05,0.003386846402875612,1.056696077697191,0.013121803951399471
295,8,-10,8.833459118601272,-7.6499999999999995,звичайний твел UO₂,1433,345586.6917121605,4870.551289638067,0.0017848834225260672,2.518980351066203e-05,0.041415706374601895,0.00022040077654653583,0.002996240221681693,3.849158055988199e-05,0.0043683574556693935,6.113621646661112e-05,0.0035102294424792443,1.0951915860535242,0.015460073548558356
296,-7,-3,-7.729276728776114,-8.2875,звичайний твел UO₂,1438,336372.84356948466,5007.2689877167095,0.0017372176759604292,2.588491906677056e-05,0.041069447821454594,0.0002738979940213166,0.002967529865922406,4.126690031073446e-05,0.004252791117193186,6.301853876047966e-05,0.0034166415763819823,1.0659921718311784,0.015891389680591603
297,-5,-4,-5.520911949125795,-8.2875,звичайний твел UO₂,1443,334300.6854331219,4481.42923062834,0.0017264388468876334,2.316683250500919e-05,0.04155432636582928,0.0002268230444271167,0.0029030688467953283,3.6943936291694256e-05,0.004228577775589051,5.63701788698589e-05,0.00339559403411785,1.0594253386447692,0.014227336339782163
298,-3,-5,-3.312547169475477,-8.2875,звичайний твел UO₂,1448,330329.58676613116,3834.2581916440095,0.0017059967889354892,1.9825416516595307e-05,0.04115627213649138,0.0002318520449360582,0.0028990807502311334,3.6252122879279544e-05,0.004177203730118096,4.816015104101148e-05,0.0033552583736478248,1.0468406125781213,0.012179968007758328
299,-1,-6,-1.104182389825159,-8.2875,звичайний твел UO₂,1453,326744.05071466655,4604.06424213842,0.001687415306291475,2.3802556665904375e-05,0.040836777479037786,0.00023119721690450438,0.0028891378725750404,4.3116666002761124e-05,0.004132148567229081,5.787635182773883e-05,0.003318838990272365,1.035477764964978,0.014614201498081564
300,1,-7,1.104182389825159,-8.2875,звичайний твел UO₂,1458,314666.3092689389,4404.550980203276,0.0016250038866071122,2.2773293413578753e-05,0.040719589684195104,0.0002455796100444137,0.00279027408423398,3.6159634285988625e-05,0.003980787922811323,5.532144469963137e-05,0.0031961616863189005,0.997202446131497,0.013981208220938846
301,3,-8,3.312547169475477,-8.2875,звичайний твел UO₂,1463,317173.50729926786,4123.628030293183,0.0016379270138333888,2.1322240626383243e-05,0.041168316319792,0.00023352390236285343,0.0028867459007453048,3.5856530360967536e-05,0.00401277874086927,5.176665462141455e-05,0.0032216280614868337,1.005147955183892,0.013092884007678206
302,5,-9,5.520911949125795,-8.2875,звичайний твел UO₂,1468,334611.1046208948,4334.55594399186,0.001728077336750343,2.241123098903907e-05,0.041514261390189086,0.00021662422561480278,0.002905772359723838,3.271515139626365e-05,0.00423222175743066,5.446658823667257e-05,0.0033987470564956286,1.060409081626636,0.01376278863949878
303,7,-10,7.729276728776114,-8.2875,звичайний твел UO₂,1473,349850.8422775973,4846.988535551975,0.0018069187106251935,2.5061263559660817e-05,0.04172387101187903,0.0002767196554592356,0.003037786635058333,4.134910215387221e-05,0.00442216371984258,6.0820553400597134e-05,0.0035535417204717885,1.108705016787198,0.015386143240412405
304,-6,-4,-6.625094338950954,-8.924999999999999,звичайний твел UO₂,1478,349420.01782260794,4973.48478931899,0.0018046048735719418,2.571200624643137e-05,0.041506100013279555,0.0002642795284077257,0.00304653428395033,4.343815733232846e-05,0.004418254826749964,6.257187545432658e-05,0.003549165705067517,1.1073396999810652,0.015786306982913563
305,-4,-5,-4.416729559300636,-8.924999999999999,звичайний твел UO₂,1483,329562.8107805855,4971.368784120156,0.0017019601924023857,2.569869711904176e-05,0.04129136550156738,0.000280316053891962,0.0028989407856088753,4.146774890325743e-05,0.004168979511479866,6.250810553345584e-05,0.0033474699960719593,1.0444106387744514,0.015776858480111296
306,-2,-6,-2.208364779650318,-8.924999999999999,звичайний твел UO₂,1488,321183.90490885073,3697.651042451144,0.001658666952712878,1.9118212126195948e-05,0.04095630388589215,0.00028157003497480796,0.0028442474985445596,3.117522741538054e-05,0.004062433186485268,4.6504479349770754e-05,0.0032623628933041745,1.0178572227109024,0.011746479835154366
307,0,-7,0.0,-8.924999999999999,звичайний твел UO₂,1493,304951.892593197,3998.2984943094057,0.001574766230722856,2.066675995381889e-05,0.04057114276180979,0.00022025370367018132,0.0027666082608978344,3.4888425256714685e-05,0.0038581019176503234,5.035597231487036e-05,0.0030974893929422145,0.966416690597971,0.012694550287117226
308,2,-8,2.208364779650318,-8.924999999999999,звичайний твел UO₂,1498,313029.8636869063,4374.666753010973,0.0016165124901506085,2.261892196122219e-05,0.04103058982198455,0.00023926388907479092,0.0027668118214449833,3.4340005399139875e-05,0.003960698809280152,5.497075497712929e-05,0.0031795398093750673,0.992016420525021,0.013886420150391376
309,4,-9,4.416729559300636,-8.924999999999999,звичайний твел UO₂,1503,333023.8212415888,4498.059211591746,0.0017198686339305914,2.3254911715419274e-05,0.04168252543501715,0.00024745806759476734,0.002923558423934174,3.50258820266341e-05,0.004212520718530563,5.661079199674088e-05,0.0033826245350409,1.0553788549327607,0.014279752311807392
310,6,-10,6.625094338950954,-8.924999999999999,звичайний твел UO₂,1508,347756.43417443486,4732.239141226216,0.0017960395106711078,2.4467062036465308e-05,0.042206552966642795,0.00023158127303665442,0.003052150402092205,3.7263649723303966e-05,0.004396722533822028,5.947522471550598e-05,0.0035322681785079353,1.1020676716944757,0.015022800923675477
311,-5,-5,-5.520911949125795,-9.5625,звичайний твел UO₂,1513,358771.276882683,5262.515852687623,0.0018529585252658664,2.7209895958535915e-05,0.04170880275967361,0.00025065612090672266,0.0031167135904663313,4.7750479326767434e-05,0.004535507661244967,6.612389795393268e-05,0.0036441492957674337,1.1369745802794393,0.016702179147132002
312,-3,-6,-3.312547169475477,-9.5625,звичайний твел UO₂,1518,326464.8081521092,4285.298348770449,0.0016859562259536154,2.2154350798118474e-05,0.04147205092492573,0.00026365951478410295,0.0028292719629958926,3.7648127202110596e-05,0.004129770708626262,5.396175118477622e-05,0.0033160026383867477,1.0345928231766652,0.013605713141905486
313,-1,-7,-1.104182389825159,-9.5625,звичайний твел UO₂,1523,297399.22842130356,4038.564655525647,0.0015357109804594602,2.0880938647443547e-05,0.040580688813952145,0.00025429956399383437,0.002633903843611281,3.646609411248685e-05,0.0037639712876388082,5.077704543076879e-05,0.0030207746791493005,0.9424816998945817,0.012820778530898453
314,1,-8,1.104182389825159,-9.5625,звичайний твел UO₂,1528,303523.17742804444,4339.299589560627,0.0015673613672979893,2.243861654290928e-05,0.040570763940115134,0.0002302116388295017,0.0026976805004997025,3.8818668614545775e-05,0.003841125284773897,5.4472972905101435e-05,0.0030829774972069117,0.9618889791285565,0.013773152823964711
315,3,-9,3.312547169475477,-9.5625,звичайний твел UO₂,1533,329615.3836917587,4249.775686667956,0.001702247141086462,2.19726089845893e-05,0.0412506869316449,0.00024577008642172516,0.002877732220850689,3.507456689275658e-05,0.004169391974596406,5.343164953246083e-05,0.003348003995167129,1.0445772464921441,0.013493843364466867
316,5,-10,5.520911949125795,-9.5625,звичайний твел UO₂,1538,349455.183871761,4279.329830944248,0.0018048348448915156,2.2121659040418386e-05,0.041918673195961625,0.00024893048332363493,0.0030740229595860942,3.609126351299249e-05,0.0044185275137265025,5.389953529692138e-05,0.0035495228973555105,1.1074511439749193,0.013590518299751064
317,-4,-6,-4.416729559300636,-10.2,звичайний твел UO₂,1543,352319.21834672475,4937.487323651885,0.001819613357229463,2.5523844441785804e-05,0.04169814850940986,0.0002709039990534456,0.003071146792055045,4.0347846597443975e-05,0.004454816330526101,6.216599105800087e-05,0.0035786137691378845,1.1165274959710199,0.01567282796522175
318,-2,-7,-2.208364779650318,-10.2,звичайний твел UO₂,1548,323183.0073034177,4588.930761968705,0.0016689467131681321,2.371961830618042e-05,0.04120709056219086,0.00028122026289555726,0.002827449396153585,3.69139626546637e-05,0.004088777015047651,5.7768333776795346e-05,0.0032826683861145994,1.024192536467755,0.014565807902728345
319,0,-8,0.0,-10.2,твег UO₂-Gd₂O₃,1553,106310.63826309473,1135.2118993647862,0.000547939045750579,5.863478262447541e-06,0.03640117913716098,0.00022038018947859647,0.007720002290075052,0.00012896990049743006,0.0013596992175595667,1.4352723627337919e-05,0.0010798295809107525,0.3369068292441547,0.0036076845144007936
320,2,-9,2.208364779650318,-10.2,звичайний твел UO₂,1558,322116.3963307401,4455.813664252381,0.0016634766900590113,2.3035014802436778e-05,0.04127849304571067,0.00023350603469257493,0.002859472384486706,3.5599208050275097e-05,0.004075102327933085,5.604277632159158e-05,0.0032718344931153788,1.0208123618519982,0.014144482144571228
321,4,-10,4.416729559300636,-10.2,звичайний твел UO₂,1563,340864.28633414715,5129.503695849257,0.0017604206481176914,2.6523456046593806e-05,0.041569227984719306,0.0002820964400043136,0.002920961939698959,4.1273681536679085e-05,0.004310410068471811,6.436429842724763e-05,0.0034622625305732978,1.0802259095388689,0.016278816903962073
322,-3,-7,-3.312547169475477,-10.837499999999999,звичайний твел UO₂,1568,341131.73170266784,4899.755220367835,0.0017618125189223688,2.5330770222497045e-05,0.041470990306469564,0.00027237235362183695,0.002969595964527528,4.24704041040539e-05,0.004313520113691193,6.16227920156853e-05,0.0034649790547605715,1.0810734650852982,0.015551841053700777
323,-1,-8,-1.104182389825159,-10.837499999999999,звичайний твел UO₂,1573,313979.80688589514,4528.359527007148,0.001621418083872229,2.3410525134034833e-05,0.041194358056462335,0.00023399136995901228,0.002807208142831588,3.937017776921532e-05,0.003972396901437599,5.6933189487604845e-05,0.0031891886722096086,0.9950268657293979,0.014372847146182031
324,1,-9,1.104182389825159,-10.837499999999999,звичайний твел UO₂,1578,302539.5628094443,4176.2196958692075,0.0015622736532925317,2.158990694336053e-05,0.04095300864019116,0.00023791916166643651,0.0027028583511464056,3.576066755379179e-05,0.003828643614659537,5.250901533311239e-05,0.0030729866234925417,0.9587718265296731,0.013257035702521196
325,3,-10,3.312547169475477,-10.837499999999999,звичайний твел UO₂,1583,350511.1067367314,5185.852727477098,0.0018103099767643664,2.681690060795615e-05,0.041519999035559994,0.00023206282869989717,0.0030471883513651906,4.349375819619579e-05,0.004431454068397903,6.508920078514131e-05,0.003560248227984542,1.1107974471311772,0.016458447491117197
326,-2,-8,-2.208364779650318,-11.475,звичайний твел UO₂,1588,340284.1208068913,4743.49989127292,0.001757423140178753,2.4524598332745584e-05,0.04138566831723664,0.0002660920923661413,0.0030270759737344513,4.0943048739111465e-05,0.004302856861336773,5.9522839355638044e-05,0.003456369612344313,1.0783873190514257,0.015057325483618905
327,0,-9,0.0,-11.475,звичайний твел UO₂,1593,307936.4057429451,4750.8722746055855,0.0015901538718365682,2.4561969221962864e-05,0.041166812299435626,0.0002674600954908389,0.0027566963672527316,3.7444318176913604e-05,0.003896144454706679,5.971784827133198e-05,0.0031278040033741405,0.9758748490527318,0.015076170009172886
328,2,-10,2.208364779650318,-11.475,звичайний твел UO₂,1598,346254.7001624447,5583.018287173761,0.001788291730311306,2.8864972557196432e-05,0.04172334065583026,0.00025206627779847905,0.0030455048277491644,4.4950822396850145e-05,0.004377368457863493,7.014271666694865e-05,0.0035170146080722685,1.0973085577185477,0.01771484715280519
329,-1,-9,-1.104182389825159,-12.112499999999999,звичайний твел UO₂,1603,339200.91700758087,4895.390126051733,0.0017518436155217624,2.5313115357134204e-05,0.0414526321922201,0.0002545184057654879,0.0029730940677528206,4.140399635565505e-05,0.004288560173735392,6.145543120259884e-05,0.003445367180943651,1.074954560454419,0.015537756806007936
330,1,-10,1.104182389825159,-12.112499999999999,звичайний твел UO₂,1608,344684.31152847986,4803.146777417118,0.001780151160399246,2.4834531293544152e-05,0.041410300777797546,0.0002787703184538478,0.0029958787680812054,3.896282044548991e-05,0.004358270338540542,6.032990854183983e-05,0.003501063691699397,1.092331871810212,0.015246680688389871
331,0,-10,0.0,-12.75,звичайний твел UO₂,1613,347842.80068735994,5371.7240293134355,0.001796509430813968,2.7771826717505375e-05,0.04164187380541232,0.0002679966262142946,0.003055769380511817,4.378655409136109e-05,0.004398207113306135,6.75205411334225e-05,0.0035331454295242054,1.102341374011552,0.017046304445376716
